year,init_date,core_providers,cnrm_available,lead_days,date_policy,source
2020,2020-01-02,ecmwf+ukmo+ncep+cma,0,42,exact_common_initialization,ecds_s2s_forecasts_constraints
2020,2020-01-06,ecmwf+ukmo+ncep+cma,0,42,exact_common_initialization,ecds_s2s_forecasts_constraints
2020,2020-01-09,ecmwf+ukmo+ncep+cma,0,42,exact_common_initialization,ecds_s2s_forecasts_constraints
2020,2020-01-13,ecmwf+ukmo+ncep+cma,0,42,exact_common_initialization,ecds_s2s_forecasts_constraints
2020,2020-01-16,ecmwf+ukmo+ncep+cma,0,42,exact_common_initialization,ecds_s2s_forecasts_constraints
2020,2020-01-20,ecmwf+ukmo+ncep+cma,0,42,exact_common_initialization,ecds_s2s_forecasts_constraints
2020,2020-01-23,ecmwf+ukmo+ncep+cma,0,42,exact_common_initialization,ecds_s2s_forecasts_constraints
2020,2020-01-27,ecmwf+ukmo+ncep+cma,0,42,exact_common_initialization,ecds_s2s_forecasts_constraints
2020,2020-01-30,ecmwf+ukmo+ncep+cma,0,42,exact_common_initialization,ecds_s2s_forecasts_constraints
2020,2020-02-03,ecmwf+ukmo+ncep+cma,0,42,exact_common_initialization,ecds_s2s_forecasts_constraints
2020,2020-02-06,ecmwf+ukmo+ncep+cma,0,42,exact_common_initialization,ecds_s2s_forecasts_constraints
2020,2020-02-10,ecmwf+ukmo+ncep+cma,0,42,exact_common_initialization,ecds_s2s_forecasts_constraints
2020,2020-02-13,ecmwf+ukmo+ncep+cma,0,42,exact_common_initialization,ecds_s2s_forecasts_constraints
2020,2020-02-17,ecmwf+ukmo+ncep+cma,0,42,exact_common_initialization,ecds_s2s_forecasts_constraints
2020,2020-02-20,ecmwf+ukmo+ncep+cma,0,42,exact_common_initialization,ecds_s2s_forecasts_constraints
2020,2020-02-24,ecmwf+ukmo+ncep+cma,0,42,exact_common_initialization,ecds_s2s_forecasts_constraints
2020,2020-02-27,ecmwf+ukmo+ncep+cma,0,42,exact_common_initialization,ecds_s2s_forecasts_constraints
2020,2020-03-02,ecmwf+ukmo+ncep+cma,0,42,exact_common_initialization,ecds_s2s_forecasts_constraints
2020,2020-03-05,ecmwf+ukmo+ncep+cma,0,42,exact_common_initialization,ecds_s2s_forecasts_constraints
2020,2020-03-09,ecmwf+ukmo+ncep+cma,0,42,exact_common_initialization,ecds_s2s_forecasts_constraints
2020,2020-03-12,ecmwf+ukmo+ncep+cma,0,42,exact_common_initialization,ecds_s2s_forecasts_constraints
2020,2020-03-16,ecmwf+ukmo+ncep+cma,0,42,exact_common_initialization,ecds_s2s_forecasts_constraints
2020,2020-03-19,ecmwf+ukmo+ncep+cma,0,42,exact_common_initialization,ecds_s2s_forecasts_constraints
2020,2020-03-23,ecmwf+ukmo+ncep+cma,0,42,exact_common_initialization,ecds_s2s_forecasts_constraints
2020,2020-03-26,ecmwf+ukmo+ncep+cma,0,42,exact_common_initialization,ecds_s2s_forecasts_constraints
2020,2020-03-30,ecmwf+ukmo+ncep+cma,0,42,exact_common_initialization,ecds_s2s_forecasts_constraints
2020,2020-04-02,ecmwf+ukmo+ncep+cma,0,42,exact_common_initialization,ecds_s2s_forecasts_constraints
2020,2020-04-06,ecmwf+ukmo+ncep+cma,0,42,exact_common_initialization,ecds_s2s_forecasts_constraints
2020,2020-04-09,ecmwf+ukmo+ncep+cma,0,42,exact_common_initialization,ecds_s2s_forecasts_constraints
2020,2020-04-13,ecmwf+ukmo+ncep+cma,0,42,exact_common_initialization,ecds_s2s_forecasts_constraints
2020,2020-04-16,ecmwf+ukmo+ncep+cma,0,42,exact_common_initialization,ecds_s2s_forecasts_constraints
2020,2020-04-20,ecmwf+ukmo+ncep+cma,0,42,exact_common_initialization,ecds_s2s_forecasts_constraints
2020,2020-04-23,ecmwf+ukmo+ncep+cma,0,42,exact_common_initialization,ecds_s2s_forecasts_constraints
2020,2020-04-27,ecmwf+ukmo+ncep+cma,0,42,exact_common_initialization,ecds_s2s_forecasts_constraints
2020,2020-04-30,ecmwf+ukmo+ncep+cma,0,42,exact_common_initialization,ecds_s2s_forecasts_constraints
2020,2020-05-04,ecmwf+ukmo+ncep+cma,0,42,exact_common_initialization,ecds_s2s_forecasts_constraints
2020,2020-05-07,ecmwf+ukmo+ncep+cma,0,42,exact_common_initialization,ecds_s2s_forecasts_constraints
2020,2020-05-11,ecmwf+ukmo+ncep+cma,0,42,exact_common_initialization,ecds_s2s_forecasts_constraints
2020,2020-05-14,ecmwf+ukmo+ncep+cma,0,42,exact_common_initialization,ecds_s2s_forecasts_constraints
2020,2020-05-18,ecmwf+ukmo+ncep+cma,0,42,exact_common_initialization,ecds_s2s_forecasts_constraints
2020,2020-05-21,ecmwf+ukmo+ncep+cma,0,42,exact_common_initialization,ecds_s2s_forecasts_constraints
2020,2020-05-25,ecmwf+ukmo+ncep+cma,0,42,exact_common_initialization,ecds_s2s_forecasts_constraints
2020,2020-05-28,ecmwf+ukmo+ncep+cma,0,42,exact_common_initialization,ecds_s2s_forecasts_constraints
2020,2020-06-01,ecmwf+ukmo+ncep+cma,0,42,exact_common_initialization,ecds_s2s_forecasts_constraints
2020,2020-06-04,ecmwf+ukmo+ncep+cma,0,42,exact_common_initialization,ecds_s2s_forecasts_constraints
2020,2020-06-08,ecmwf+ukmo+ncep+cma,0,42,exact_common_initialization,ecds_s2s_forecasts_constraints
2020,2020-06-11,ecmwf+ukmo+ncep+cma,0,42,exact_common_initialization,ecds_s2s_forecasts_constraints
2020,2020-06-15,ecmwf+ukmo+ncep+cma,0,42,exact_common_initialization,ecds_s2s_forecasts_constraints
2020,2020-06-18,ecmwf+ukmo+ncep+cma,0,42,exact_common_initialization,ecds_s2s_forecasts_constraints
2020,2020-06-22,ecmwf+ukmo+ncep+cma,0,42,exact_common_initialization,ecds_s2s_forecasts_constraints
2020,2020-06-25,ecmwf+ukmo+ncep+cma,0,42,exact_common_initialization,ecds_s2s_forecasts_constraints
2020,2020-06-29,ecmwf+ukmo+ncep+cma,0,42,exact_common_initialization,ecds_s2s_forecasts_constraints
2020,2020-07-02,ecmwf+ukmo+ncep+cma,0,42,exact_common_initialization,ecds_s2s_forecasts_constraints
2020,2020-07-06,ecmwf+ukmo+ncep+cma,0,42,exact_common_initialization,ecds_s2s_forecasts_constraints
2020,2020-07-09,ecmwf+ukmo+ncep+cma,0,42,exact_common_initialization,ecds_s2s_forecasts_constraints
2020,2020-07-13,ecmwf+ukmo+ncep+cma,0,42,exact_common_initialization,ecds_s2s_forecasts_constraints
2020,2020-07-16,ecmwf+ukmo+ncep+cma,0,42,exact_common_initialization,ecds_s2s_forecasts_constraints
2020,2020-07-20,ecmwf+ukmo+ncep+cma,0,42,exact_common_initialization,ecds_s2s_forecasts_constraints
2020,2020-07-23,ecmwf+ukmo+ncep+cma,0,42,exact_common_initialization,ecds_s2s_forecasts_constraints
2020,2020-07-27,ecmwf+ukmo+ncep+cma,0,42,exact_common_initialization,ecds_s2s_forecasts_constraints
2020,2020-07-30,ecmwf+ukmo+ncep+cma,0,42,exact_common_initialization,ecds_s2s_forecasts_constraints
2020,2020-08-03,ecmwf+ukmo+ncep+cma,0,42,exact_common_initialization,ecds_s2s_forecasts_constraints
2020,2020-08-06,ecmwf+ukmo+ncep+cma,0,42,exact_common_initialization,ecds_s2s_forecasts_constraints
2020,2020-08-10,ecmwf+ukmo+ncep+cma,0,42,exact_common_initialization,ecds_s2s_forecasts_constraints
2020,2020-08-13,ecmwf+ukmo+ncep+cma,0,42,exact_common_initialization,ecds_s2s_forecasts_constraints
2020,2020-08-17,ecmwf+ukmo+ncep+cma,0,42,exact_common_initialization,ecds_s2s_forecasts_constraints
2020,2020-08-20,ecmwf+ukmo+ncep+cma,0,42,exact_common_initialization,ecds_s2s_forecasts_constraints
2020,2020-08-24,ecmwf+ukmo+ncep+cma,0,42,exact_common_initialization,ecds_s2s_forecasts_constraints
2020,2020-08-27,ecmwf+ukmo+ncep+cma,0,42,exact_common_initialization,ecds_s2s_forecasts_constraints
2020,2020-08-31,ecmwf+ukmo+ncep+cma,0,42,exact_common_initialization,ecds_s2s_forecasts_constraints
2020,2020-09-03,ecmwf+ukmo+ncep+cma,0,42,exact_common_initialization,ecds_s2s_forecasts_constraints
2020,2020-09-07,ecmwf+ukmo+ncep+cma,0,42,exact_common_initialization,ecds_s2s_forecasts_constraints
2020,2020-09-10,ecmwf+ukmo+ncep+cma,0,42,exact_common_initialization,ecds_s2s_forecasts_constraints
2020,2020-09-14,ecmwf+ukmo+ncep+cma,0,42,exact_common_initialization,ecds_s2s_forecasts_constraints
2020,2020-09-17,ecmwf+ukmo+ncep+cma,0,42,exact_common_initialization,ecds_s2s_forecasts_constraints
2020,2020-09-21,ecmwf+ukmo+ncep+cma,0,42,exact_common_initialization,ecds_s2s_forecasts_constraints
2020,2020-09-24,ecmwf+ukmo+ncep+cma,0,42,exact_common_initialization,ecds_s2s_forecasts_constraints
2020,2020-09-28,ecmwf+ukmo+ncep+cma,0,42,exact_common_initialization,ecds_s2s_forecasts_constraints
2020,2020-10-01,ecmwf+ukmo+ncep+cma,0,42,exact_common_initialization,ecds_s2s_forecasts_constraints
2020,2020-10-05,ecmwf+ukmo+ncep+cma,0,42,exact_common_initialization,ecds_s2s_forecasts_constraints
2020,2020-10-08,ecmwf+ukmo+ncep+cma,0,42,exact_common_initialization,ecds_s2s_forecasts_constraints
2020,2020-10-12,ecmwf+ukmo+ncep+cma,0,42,exact_common_initialization,ecds_s2s_forecasts_constraints
2020,2020-10-15,ecmwf+ukmo+ncep+cma,0,42,exact_common_initialization,ecds_s2s_forecasts_constraints
2020,2020-10-19,ecmwf+ukmo+ncep+cma,0,42,exact_common_initialization,ecds_s2s_forecasts_constraints
2020,2020-10-22,ecmwf+ukmo+ncep+cma,1,42,exact_common_initialization,ecds_s2s_forecasts_constraints
2020,2020-10-26,ecmwf+ukmo+ncep+cma,0,42,exact_common_initialization,ecds_s2s_forecasts_constraints
2020,2020-10-29,ecmwf+ukmo+ncep+cma,1,42,exact_common_initialization,ecds_s2s_forecasts_constraints
2020,2020-11-02,ecmwf+ukmo+ncep+cma,0,42,exact_common_initialization,ecds_s2s_forecasts_constraints
2020,2020-11-05,ecmwf+ukmo+ncep+cma,1,42,exact_common_initialization,ecds_s2s_forecasts_constraints
2020,2020-11-09,ecmwf+ukmo+ncep+cma,0,42,exact_common_initialization,ecds_s2s_forecasts_constraints
2020,2020-11-12,ecmwf+ukmo+ncep+cma,1,42,exact_common_initialization,ecds_s2s_forecasts_constraints
2020,2020-11-16,ecmwf+ukmo+ncep+cma,0,42,exact_common_initialization,ecds_s2s_forecasts_constraints
2020,2020-11-19,ecmwf+ukmo+ncep+cma,1,42,exact_common_initialization,ecds_s2s_forecasts_constraints
2020,2020-11-23,ecmwf+ukmo+ncep+cma,0,42,exact_common_initialization,ecds_s2s_forecasts_constraints
2020,2020-11-26,ecmwf+ukmo+ncep+cma,1,42,exact_common_initialization,ecds_s2s_forecasts_constraints
2020,2020-11-30,ecmwf+ukmo+ncep+cma,0,42,exact_common_initialization,ecds_s2s_forecasts_constraints
2020,2020-12-03,ecmwf+ukmo+ncep+cma,1,42,exact_common_initialization,ecds_s2s_forecasts_constraints
2020,2020-12-07,ecmwf+ukmo+ncep+cma,0,42,exact_common_initialization,ecds_s2s_forecasts_constraints
2020,2020-12-10,ecmwf+ukmo+ncep+cma,1,42,exact_common_initialization,ecds_s2s_forecasts_constraints
2020,2020-12-14,ecmwf+ukmo+ncep+cma,0,42,exact_common_initialization,ecds_s2s_forecasts_constraints
2020,2020-12-17,ecmwf+ukmo+ncep+cma,1,42,exact_common_initialization,ecds_s2s_forecasts_constraints
2020,2020-12-21,ecmwf+ukmo+ncep+cma,0,42,exact_common_initialization,ecds_s2s_forecasts_constraints
2020,2020-12-24,ecmwf+ukmo+ncep+cma,1,42,exact_common_initialization,ecds_s2s_forecasts_constraints
2020,2020-12-28,ecmwf+ukmo+ncep+cma,0,42,exact_common_initialization,ecds_s2s_forecasts_constraints
2020,2020-12-31,ecmwf+ukmo+ncep+cma,1,42,exact_common_initialization,ecds_s2s_forecasts_constraints
2021,2021-01-04,ecmwf+ukmo+ncep+cma,0,42,exact_common_initialization,ecds_s2s_forecasts_constraints
2021,2021-01-07,ecmwf+ukmo+ncep+cma,1,42,exact_common_initialization,ecds_s2s_forecasts_constraints
2021,2021-01-11,ecmwf+ukmo+ncep+cma,0,42,exact_common_initialization,ecds_s2s_forecasts_constraints
2021,2021-01-14,ecmwf+ukmo+ncep+cma,1,42,exact_common_initialization,ecds_s2s_forecasts_constraints
2021,2021-01-18,ecmwf+ukmo+ncep+cma,0,42,exact_common_initialization,ecds_s2s_forecasts_constraints
2021,2021-01-21,ecmwf+ukmo+ncep+cma,1,42,exact_common_initialization,ecds_s2s_forecasts_constraints
2021,2021-01-25,ecmwf+ukmo+ncep+cma,0,42,exact_common_initialization,ecds_s2s_forecasts_constraints
2021,2021-01-28,ecmwf+ukmo+ncep+cma,1,42,exact_common_initialization,ecds_s2s_forecasts_constraints
2021,2021-02-01,ecmwf+ukmo+ncep+cma,0,42,exact_common_initialization,ecds_s2s_forecasts_constraints
2021,2021-02-04,ecmwf+ukmo+ncep+cma,1,42,exact_common_initialization,ecds_s2s_forecasts_constraints
2021,2021-02-08,ecmwf+ukmo+ncep+cma,0,42,exact_common_initialization,ecds_s2s_forecasts_constraints
2021,2021-02-11,ecmwf+ukmo+ncep+cma,1,42,exact_common_initialization,ecds_s2s_forecasts_constraints
2021,2021-02-15,ecmwf+ukmo+ncep+cma,0,42,exact_common_initialization,ecds_s2s_forecasts_constraints
2021,2021-02-18,ecmwf+ukmo+ncep+cma,1,42,exact_common_initialization,ecds_s2s_forecasts_constraints
2021,2021-02-22,ecmwf+ukmo+ncep+cma,0,42,exact_common_initialization,ecds_s2s_forecasts_constraints
2021,2021-02-25,ecmwf+ukmo+ncep+cma,1,42,exact_common_initialization,ecds_s2s_forecasts_constraints
2021,2021-03-01,ecmwf+ukmo+ncep+cma,0,42,exact_common_initialization,ecds_s2s_forecasts_constraints
2021,2021-03-04,ecmwf+ukmo+ncep+cma,1,42,exact_common_initialization,ecds_s2s_forecasts_constraints
2021,2021-03-08,ecmwf+ukmo+ncep+cma,0,42,exact_common_initialization,ecds_s2s_forecasts_constraints
2021,2021-03-11,ecmwf+ukmo+ncep+cma,1,42,exact_common_initialization,ecds_s2s_forecasts_constraints
2021,2021-03-15,ecmwf+ukmo+ncep+cma,0,42,exact_common_initialization,ecds_s2s_forecasts_constraints
2021,2021-03-18,ecmwf+ukmo+ncep+cma,1,42,exact_common_initialization,ecds_s2s_forecasts_constraints
2021,2021-03-22,ecmwf+ukmo+ncep+cma,0,42,exact_common_initialization,ecds_s2s_forecasts_constraints
2021,2021-03-25,ecmwf+ukmo+ncep+cma,1,42,exact_common_initialization,ecds_s2s_forecasts_constraints
2021,2021-03-29,ecmwf+ukmo+ncep+cma,0,42,exact_common_initialization,ecds_s2s_forecasts_constraints
2021,2021-04-01,ecmwf+ukmo+ncep+cma,1,42,exact_common_initialization,ecds_s2s_forecasts_constraints
2021,2021-04-05,ecmwf+ukmo+ncep+cma,0,42,exact_common_initialization,ecds_s2s_forecasts_constraints
2021,2021-04-08,ecmwf+ukmo+ncep+cma,1,42,exact_common_initialization,ecds_s2s_forecasts_constraints
2021,2021-04-12,ecmwf+ukmo+ncep+cma,0,42,exact_common_initialization,ecds_s2s_forecasts_constraints
2021,2021-04-15,ecmwf+ukmo+ncep+cma,1,42,exact_common_initialization,ecds_s2s_forecasts_constraints
2021,2021-04-19,ecmwf+ukmo+ncep+cma,0,42,exact_common_initialization,ecds_s2s_forecasts_constraints
2021,2021-04-22,ecmwf+ukmo+ncep+cma,1,42,exact_common_initialization,ecds_s2s_forecasts_constraints
2021,2021-04-26,ecmwf+ukmo+ncep+cma,0,42,exact_common_initialization,ecds_s2s_forecasts_constraints
2021,2021-04-29,ecmwf+ukmo+ncep+cma,1,42,exact_common_initialization,ecds_s2s_forecasts_constraints
2021,2021-05-03,ecmwf+ukmo+ncep+cma,0,42,exact_common_initialization,ecds_s2s_forecasts_constraints
2021,2021-05-06,ecmwf+ukmo+ncep+cma,1,42,exact_common_initialization,ecds_s2s_forecasts_constraints
2021,2021-05-10,ecmwf+ukmo+ncep+cma,0,42,exact_common_initialization,ecds_s2s_forecasts_constraints
2021,2021-05-13,ecmwf+ukmo+ncep+cma,1,42,exact_common_initialization,ecds_s2s_forecasts_constraints
2021,2021-05-17,ecmwf+ukmo+ncep+cma,0,42,exact_common_initialization,ecds_s2s_forecasts_constraints
2021,2021-05-20,ecmwf+ukmo+ncep+cma,1,42,exact_common_initialization,ecds_s2s_forecasts_constraints
2021,2021-05-24,ecmwf+ukmo+ncep+cma,0,42,exact_common_initialization,ecds_s2s_forecasts_constraints
2021,2021-05-27,ecmwf+ukmo+ncep+cma,1,42,exact_common_initialization,ecds_s2s_forecasts_constraints
2021,2021-05-31,ecmwf+ukmo+ncep+cma,0,42,exact_common_initialization,ecds_s2s_forecasts_constraints
2021,2021-06-03,ecmwf+ukmo+ncep+cma,1,42,exact_common_initialization,ecds_s2s_forecasts_constraints
2021,2021-06-07,ecmwf+ukmo+ncep+cma,0,42,exact_common_initialization,ecds_s2s_forecasts_constraints
2021,2021-06-10,ecmwf+ukmo+ncep+cma,1,42,exact_common_initialization,ecds_s2s_forecasts_constraints
2021,2021-06-14,ecmwf+ukmo+ncep+cma,0,42,exact_common_initialization,ecds_s2s_forecasts_constraints
2021,2021-06-17,ecmwf+ukmo+ncep+cma,1,42,exact_common_initialization,ecds_s2s_forecasts_constraints
2021,2021-06-21,ecmwf+ukmo+ncep+cma,0,42,exact_common_initialization,ecds_s2s_forecasts_constraints
2021,2021-06-24,ecmwf+ukmo+ncep+cma,1,42,exact_common_initialization,ecds_s2s_forecasts_constraints
2021,2021-06-28,ecmwf+ukmo+ncep+cma,0,42,exact_common_initialization,ecds_s2s_forecasts_constraints
2021,2021-07-01,ecmwf+ukmo+ncep+cma,1,42,exact_common_initialization,ecds_s2s_forecasts_constraints
2021,2021-07-05,ecmwf+ukmo+ncep+cma,0,42,exact_common_initialization,ecds_s2s_forecasts_constraints
2021,2021-07-08,ecmwf+ukmo+ncep+cma,1,42,exact_common_initialization,ecds_s2s_forecasts_constraints
2021,2021-07-12,ecmwf+ukmo+ncep+cma,0,42,exact_common_initialization,ecds_s2s_forecasts_constraints
2021,2021-07-15,ecmwf+ukmo+ncep+cma,1,42,exact_common_initialization,ecds_s2s_forecasts_constraints
2021,2021-07-19,ecmwf+ukmo+ncep+cma,0,42,exact_common_initialization,ecds_s2s_forecasts_constraints
2021,2021-07-22,ecmwf+ukmo+ncep+cma,1,42,exact_common_initialization,ecds_s2s_forecasts_constraints
2021,2021-07-26,ecmwf+ukmo+ncep+cma,0,42,exact_common_initialization,ecds_s2s_forecasts_constraints
2021,2021-07-29,ecmwf+ukmo+ncep+cma,1,42,exact_common_initialization,ecds_s2s_forecasts_constraints
2021,2021-08-02,ecmwf+ukmo+ncep+cma,0,42,exact_common_initialization,ecds_s2s_forecasts_constraints
2021,2021-08-05,ecmwf+ukmo+ncep+cma,1,42,exact_common_initialization,ecds_s2s_forecasts_constraints
2021,2021-08-09,ecmwf+ukmo+ncep+cma,0,42,exact_common_initialization,ecds_s2s_forecasts_constraints
2021,2021-08-12,ecmwf+ukmo+ncep+cma,1,42,exact_common_initialization,ecds_s2s_forecasts_constraints
2021,2021-08-16,ecmwf+ukmo+ncep+cma,0,42,exact_common_initialization,ecds_s2s_forecasts_constraints
2021,2021-08-19,ecmwf+ukmo+ncep+cma,1,42,exact_common_initialization,ecds_s2s_forecasts_constraints
2021,2021-08-23,ecmwf+ukmo+ncep+cma,0,42,exact_common_initialization,ecds_s2s_forecasts_constraints
2021,2021-08-26,ecmwf+ukmo+ncep+cma,1,42,exact_common_initialization,ecds_s2s_forecasts_constraints
2021,2021-08-30,ecmwf+ukmo+ncep+cma,0,42,exact_common_initialization,ecds_s2s_forecasts_constraints
2021,2021-09-02,ecmwf+ukmo+ncep+cma,1,42,exact_common_initialization,ecds_s2s_forecasts_constraints
2021,2021-09-06,ecmwf+ukmo+ncep+cma,0,42,exact_common_initialization,ecds_s2s_forecasts_constraints
2021,2021-09-09,ecmwf+ukmo+ncep+cma,1,42,exact_common_initialization,ecds_s2s_forecasts_constraints
2021,2021-09-13,ecmwf+ukmo+ncep+cma,0,42,exact_common_initialization,ecds_s2s_forecasts_constraints
2021,2021-09-16,ecmwf+ukmo+ncep+cma,1,42,exact_common_initialization,ecds_s2s_forecasts_constraints
2021,2021-09-20,ecmwf+ukmo+ncep+cma,0,42,exact_common_initialization,ecds_s2s_forecasts_constraints
2021,2021-09-23,ecmwf+ukmo+ncep+cma,1,42,exact_common_initialization,ecds_s2s_forecasts_constraints
2021,2021-09-27,ecmwf+ukmo+ncep+cma,0,42,exact_common_initialization,ecds_s2s_forecasts_constraints
2021,2021-09-30,ecmwf+ukmo+ncep+cma,1,42,exact_common_initialization,ecds_s2s_forecasts_constraints
2021,2021-10-04,ecmwf+ukmo+ncep+cma,0,42,exact_common_initialization,ecds_s2s_forecasts_constraints
2021,2021-10-07,ecmwf+ukmo+ncep+cma,1,42,exact_common_initialization,ecds_s2s_forecasts_constraints
2021,2021-10-11,ecmwf+ukmo+ncep+cma,0,42,exact_common_initialization,ecds_s2s_forecasts_constraints
2021,2021-10-14,ecmwf+ukmo+ncep+cma,1,42,exact_common_initialization,ecds_s2s_forecasts_constraints
2021,2021-10-18,ecmwf+ukmo+ncep+cma,0,42,exact_common_initialization,ecds_s2s_forecasts_constraints
2021,2021-10-21,ecmwf+ukmo+ncep+cma,1,42,exact_common_initialization,ecds_s2s_forecasts_constraints
2021,2021-10-25,ecmwf+ukmo+ncep+cma,0,42,exact_common_initialization,ecds_s2s_forecasts_constraints
2021,2021-10-28,ecmwf+ukmo+ncep+cma,1,42,exact_common_initialization,ecds_s2s_forecasts_constraints
2021,2021-11-01,ecmwf+ukmo+ncep+cma,0,42,exact_common_initialization,ecds_s2s_forecasts_constraints
2021,2021-11-04,ecmwf+ukmo+ncep+cma,1,42,exact_common_initialization,ecds_s2s_forecasts_constraints
2021,2021-11-08,ecmwf+ukmo+ncep+cma,0,42,exact_common_initialization,ecds_s2s_forecasts_constraints
2021,2021-11-11,ecmwf+ukmo+ncep+cma,1,42,exact_common_initialization,ecds_s2s_forecasts_constraints
2021,2021-11-15,ecmwf+ukmo+ncep+cma,0,42,exact_common_initialization,ecds_s2s_forecasts_constraints
2021,2021-11-18,ecmwf+ukmo+ncep+cma,1,42,exact_common_initialization,ecds_s2s_forecasts_constraints
2021,2021-11-22,ecmwf+ukmo+ncep+cma,0,42,exact_common_initialization,ecds_s2s_forecasts_constraints
2021,2021-11-25,ecmwf+ukmo+ncep+cma,1,42,exact_common_initialization,ecds_s2s_forecasts_constraints
2021,2021-11-29,ecmwf+ukmo+ncep+cma,0,42,exact_common_initialization,ecds_s2s_forecasts_constraints
2021,2021-12-02,ecmwf+ukmo+ncep+cma,1,42,exact_common_initialization,ecds_s2s_forecasts_constraints
2021,2021-12-06,ecmwf+ukmo+ncep+cma,0,42,exact_common_initialization,ecds_s2s_forecasts_constraints
2021,2021-12-09,ecmwf+ukmo+ncep+cma,1,42,exact_common_initialization,ecds_s2s_forecasts_constraints
2021,2021-12-13,ecmwf+ukmo+ncep+cma,0,42,exact_common_initialization,ecds_s2s_forecasts_constraints
2021,2021-12-16,ecmwf+ukmo+ncep+cma,1,42,exact_common_initialization,ecds_s2s_forecasts_constraints
2021,2021-12-20,ecmwf+ukmo+ncep+cma,0,42,exact_common_initialization,ecds_s2s_forecasts_constraints
2021,2021-12-23,ecmwf+ukmo+ncep+cma,1,42,exact_common_initialization,ecds_s2s_forecasts_constraints
2021,2021-12-27,ecmwf+ukmo+ncep+cma,0,42,exact_common_initialization,ecds_s2s_forecasts_constraints
2021,2021-12-30,ecmwf+ukmo+ncep+cma,1,42,exact_common_initialization,ecds_s2s_forecasts_constraints
2022,2022-01-03,ecmwf+ukmo+ncep+cma,0,42,exact_common_initialization,ecds_s2s_forecasts_constraints
2022,2022-01-06,ecmwf+ukmo+ncep+cma,1,42,exact_common_initialization,ecds_s2s_forecasts_constraints
2022,2022-01-10,ecmwf+ukmo+ncep+cma,0,42,exact_common_initialization,ecds_s2s_forecasts_constraints
2022,2022-01-13,ecmwf+ukmo+ncep+cma,1,42,exact_common_initialization,ecds_s2s_forecasts_constraints
2022,2022-01-17,ecmwf+ukmo+ncep+cma,0,42,exact_common_initialization,ecds_s2s_forecasts_constraints
2022,2022-01-20,ecmwf+ukmo+ncep+cma,1,42,exact_common_initialization,ecds_s2s_forecasts_constraints
2022,2022-01-24,ecmwf+ukmo+ncep+cma,0,42,exact_common_initialization,ecds_s2s_forecasts_constraints
2022,2022-01-27,ecmwf+ukmo+ncep+cma,1,42,exact_common_initialization,ecds_s2s_forecasts_constraints
2022,2022-01-31,ecmwf+ukmo+ncep+cma,0,42,exact_common_initialization,ecds_s2s_forecasts_constraints
2022,2022-02-03,ecmwf+ukmo+ncep+cma,1,42,exact_common_initialization,ecds_s2s_forecasts_constraints
2022,2022-02-07,ecmwf+ukmo+ncep+cma,0,42,exact_common_initialization,ecds_s2s_forecasts_constraints
2022,2022-02-10,ecmwf+ukmo+ncep+cma,1,42,exact_common_initialization,ecds_s2s_forecasts_constraints
2022,2022-02-14,ecmwf+ukmo+ncep+cma,0,42,exact_common_initialization,ecds_s2s_forecasts_constraints
2022,2022-02-17,ecmwf+ukmo+ncep+cma,1,42,exact_common_initialization,ecds_s2s_forecasts_constraints
2022,2022-02-21,ecmwf+ukmo+ncep+cma,0,42,exact_common_initialization,ecds_s2s_forecasts_constraints
2022,2022-02-24,ecmwf+ukmo+ncep+cma,1,42,exact_common_initialization,ecds_s2s_forecasts_constraints
2022,2022-02-28,ecmwf+ukmo+ncep+cma,0,42,exact_common_initialization,ecds_s2s_forecasts_constraints
2022,2022-03-03,ecmwf+ukmo+ncep+cma,1,42,exact_common_initialization,ecds_s2s_forecasts_constraints
2022,2022-03-07,ecmwf+ukmo+ncep+cma,0,42,exact_common_initialization,ecds_s2s_forecasts_constraints
2022,2022-03-10,ecmwf+ukmo+ncep+cma,1,42,exact_common_initialization,ecds_s2s_forecasts_constraints
2022,2022-03-14,ecmwf+ukmo+ncep+cma,0,42,exact_common_initialization,ecds_s2s_forecasts_constraints
2022,2022-03-17,ecmwf+ukmo+ncep+cma,1,42,exact_common_initialization,ecds_s2s_forecasts_constraints
2022,2022-03-21,ecmwf+ukmo+ncep+cma,0,42,exact_common_initialization,ecds_s2s_forecasts_constraints
2022,2022-03-24,ecmwf+ukmo+ncep+cma,1,42,exact_common_initialization,ecds_s2s_forecasts_constraints
2022,2022-03-28,ecmwf+ukmo+ncep+cma,0,42,exact_common_initialization,ecds_s2s_forecasts_constraints
2022,2022-03-31,ecmwf+ukmo+ncep+cma,1,42,exact_common_initialization,ecds_s2s_forecasts_constraints
2022,2022-04-04,ecmwf+ukmo+ncep+cma,0,42,exact_common_initialization,ecds_s2s_forecasts_constraints
2022,2022-04-07,ecmwf+ukmo+ncep+cma,1,42,exact_common_initialization,ecds_s2s_forecasts_constraints
2022,2022-04-11,ecmwf+ukmo+ncep+cma,0,42,exact_common_initialization,ecds_s2s_forecasts_constraints
2022,2022-04-14,ecmwf+ukmo+ncep+cma,1,42,exact_common_initialization,ecds_s2s_forecasts_constraints
2022,2022-04-18,ecmwf+ukmo+ncep+cma,0,42,exact_common_initialization,ecds_s2s_forecasts_constraints
2022,2022-04-21,ecmwf+ukmo+ncep+cma,1,42,exact_common_initialization,ecds_s2s_forecasts_constraints
2022,2022-04-25,ecmwf+ukmo+ncep+cma,0,42,exact_common_initialization,ecds_s2s_forecasts_constraints
2022,2022-04-28,ecmwf+ukmo+ncep+cma,1,42,exact_common_initialization,ecds_s2s_forecasts_constraints
2022,2022-05-02,ecmwf+ukmo+ncep+cma,0,42,exact_common_initialization,ecds_s2s_forecasts_constraints
2022,2022-05-05,ecmwf+ukmo+ncep+cma,1,42,exact_common_initialization,ecds_s2s_forecasts_constraints
2022,2022-05-09,ecmwf+ukmo+ncep+cma,0,42,exact_common_initialization,ecds_s2s_forecasts_constraints
2022,2022-05-12,ecmwf+ukmo+ncep+cma,1,42,exact_common_initialization,ecds_s2s_forecasts_constraints
2022,2022-05-16,ecmwf+ukmo+ncep+cma,0,42,exact_common_initialization,ecds_s2s_forecasts_constraints
2022,2022-05-19,ecmwf+ukmo+ncep+cma,1,42,exact_common_initialization,ecds_s2s_forecasts_constraints
2022,2022-05-23,ecmwf+ukmo+ncep+cma,0,42,exact_common_initialization,ecds_s2s_forecasts_constraints
2022,2022-05-26,ecmwf+ukmo+ncep+cma,1,42,exact_common_initialization,ecds_s2s_forecasts_constraints
2022,2022-05-30,ecmwf+ukmo+ncep+cma,0,42,exact_common_initialization,ecds_s2s_forecasts_constraints
2022,2022-06-02,ecmwf+ukmo+ncep+cma,1,42,exact_common_initialization,ecds_s2s_forecasts_constraints
2022,2022-06-06,ecmwf+ukmo+ncep+cma,0,42,exact_common_initialization,ecds_s2s_forecasts_constraints
2022,2022-06-09,ecmwf+ukmo+ncep+cma,1,42,exact_common_initialization,ecds_s2s_forecasts_constraints
2022,2022-06-13,ecmwf+ukmo+ncep+cma,0,42,exact_common_initialization,ecds_s2s_forecasts_constraints
2022,2022-06-16,ecmwf+ukmo+ncep+cma,1,42,exact_common_initialization,ecds_s2s_forecasts_constraints
2022,2022-06-20,ecmwf+ukmo+ncep+cma,0,42,exact_common_initialization,ecds_s2s_forecasts_constraints
2022,2022-06-23,ecmwf+ukmo+ncep+cma,1,42,exact_common_initialization,ecds_s2s_forecasts_constraints
2022,2022-06-27,ecmwf+ukmo+ncep+cma,0,42,exact_common_initialization,ecds_s2s_forecasts_constraints
2022,2022-06-30,ecmwf+ukmo+ncep+cma,1,42,exact_common_initialization,ecds_s2s_forecasts_constraints
2022,2022-07-04,ecmwf+ukmo+ncep+cma,0,42,exact_common_initialization,ecds_s2s_forecasts_constraints
2022,2022-07-07,ecmwf+ukmo+ncep+cma,1,42,exact_common_initialization,ecds_s2s_forecasts_constraints
2022,2022-07-11,ecmwf+ukmo+ncep+cma,0,42,exact_common_initialization,ecds_s2s_forecasts_constraints
2022,2022-07-14,ecmwf+ukmo+ncep+cma,1,42,exact_common_initialization,ecds_s2s_forecasts_constraints
2022,2022-07-18,ecmwf+ukmo+ncep+cma,0,42,exact_common_initialization,ecds_s2s_forecasts_constraints
2022,2022-07-21,ecmwf+ukmo+ncep+cma,1,42,exact_common_initialization,ecds_s2s_forecasts_constraints
2022,2022-07-25,ecmwf+ukmo+ncep+cma,0,42,exact_common_initialization,ecds_s2s_forecasts_constraints
2022,2022-07-28,ecmwf+ukmo+ncep+cma,1,42,exact_common_initialization,ecds_s2s_forecasts_constraints
2022,2022-08-01,ecmwf+ukmo+ncep+cma,0,42,exact_common_initialization,ecds_s2s_forecasts_constraints
2022,2022-08-04,ecmwf+ukmo+ncep+cma,1,42,exact_common_initialization,ecds_s2s_forecasts_constraints
2022,2022-08-08,ecmwf+ukmo+ncep+cma,0,42,exact_common_initialization,ecds_s2s_forecasts_constraints
2022,2022-08-11,ecmwf+ukmo+ncep+cma,1,42,exact_common_initialization,ecds_s2s_forecasts_constraints
2022,2022-08-15,ecmwf+ukmo+ncep+cma,0,42,exact_common_initialization,ecds_s2s_forecasts_constraints
2022,2022-08-18,ecmwf+ukmo+ncep+cma,1,42,exact_common_initialization,ecds_s2s_forecasts_constraints
2022,2022-08-22,ecmwf+ukmo+ncep+cma,0,42,exact_common_initialization,ecds_s2s_forecasts_constraints
2022,2022-08-25,ecmwf+ukmo+ncep+cma,1,42,exact_common_initialization,ecds_s2s_forecasts_constraints
2022,2022-08-29,ecmwf+ukmo+ncep+cma,0,42,exact_common_initialization,ecds_s2s_forecasts_constraints
2022,2022-09-01,ecmwf+ukmo+ncep+cma,1,42,exact_common_initialization,ecds_s2s_forecasts_constraints
2022,2022-09-05,ecmwf+ukmo+ncep+cma,0,42,exact_common_initialization,ecds_s2s_forecasts_constraints
2022,2022-09-08,ecmwf+ukmo+ncep+cma,1,42,exact_common_initialization,ecds_s2s_forecasts_constraints
2022,2022-09-12,ecmwf+ukmo+ncep+cma,0,42,exact_common_initialization,ecds_s2s_forecasts_constraints
2022,2022-09-15,ecmwf+ukmo+ncep+cma,1,42,exact_common_initialization,ecds_s2s_forecasts_constraints
2022,2022-09-19,ecmwf+ukmo+ncep+cma,0,42,exact_common_initialization,ecds_s2s_forecasts_constraints
2022,2022-09-22,ecmwf+ukmo+ncep+cma,1,42,exact_common_initialization,ecds_s2s_forecasts_constraints
2022,2022-09-26,ecmwf+ukmo+ncep+cma,0,42,exact_common_initialization,ecds_s2s_forecasts_constraints
2022,2022-09-29,ecmwf+ukmo+ncep+cma,1,42,exact_common_initialization,ecds_s2s_forecasts_constraints
2022,2022-10-03,ecmwf+ukmo+ncep+cma,0,42,exact_common_initialization,ecds_s2s_forecasts_constraints
2022,2022-10-06,ecmwf+ukmo+ncep+cma,1,42,exact_common_initialization,ecds_s2s_forecasts_constraints
2022,2022-10-10,ecmwf+ukmo+ncep+cma,0,42,exact_common_initialization,ecds_s2s_forecasts_constraints
2022,2022-10-13,ecmwf+ukmo+ncep+cma,1,42,exact_common_initialization,ecds_s2s_forecasts_constraints
2022,2022-10-17,ecmwf+ukmo+ncep+cma,0,42,exact_common_initialization,ecds_s2s_forecasts_constraints
2022,2022-10-20,ecmwf+ukmo+ncep+cma,1,42,exact_common_initialization,ecds_s2s_forecasts_constraints
2022,2022-10-24,ecmwf+ukmo+ncep+cma,0,42,exact_common_initialization,ecds_s2s_forecasts_constraints
2022,2022-10-27,ecmwf+ukmo+ncep+cma,1,42,exact_common_initialization,ecds_s2s_forecasts_constraints
2022,2022-10-31,ecmwf+ukmo+ncep+cma,0,42,exact_common_initialization,ecds_s2s_forecasts_constraints
2022,2022-11-03,ecmwf+ukmo+ncep+cma,1,42,exact_common_initialization,ecds_s2s_forecasts_constraints
2022,2022-11-07,ecmwf+ukmo+ncep+cma,0,42,exact_common_initialization,ecds_s2s_forecasts_constraints
2022,2022-11-10,ecmwf+ukmo+ncep+cma,1,42,exact_common_initialization,ecds_s2s_forecasts_constraints
2022,2022-11-14,ecmwf+ukmo+ncep+cma,0,42,exact_common_initialization,ecds_s2s_forecasts_constraints
2022,2022-11-17,ecmwf+ukmo+ncep+cma,1,42,exact_common_initialization,ecds_s2s_forecasts_constraints
2022,2022-11-21,ecmwf+ukmo+ncep+cma,0,42,exact_common_initialization,ecds_s2s_forecasts_constraints
2022,2022-11-24,ecmwf+ukmo+ncep+cma,1,42,exact_common_initialization,ecds_s2s_forecasts_constraints
2022,2022-11-28,ecmwf+ukmo+ncep+cma,0,42,exact_common_initialization,ecds_s2s_forecasts_constraints
2022,2022-12-01,ecmwf+ukmo+ncep+cma,1,42,exact_common_initialization,ecds_s2s_forecasts_constraints
2022,2022-12-05,ecmwf+ukmo+ncep+cma,0,42,exact_common_initialization,ecds_s2s_forecasts_constraints
2022,2022-12-08,ecmwf+ukmo+ncep+cma,1,42,exact_common_initialization,ecds_s2s_forecasts_constraints
2022,2022-12-12,ecmwf+ukmo+ncep+cma,0,42,exact_common_initialization,ecds_s2s_forecasts_constraints
2022,2022-12-15,ecmwf+ukmo+ncep+cma,1,42,exact_common_initialization,ecds_s2s_forecasts_constraints
2022,2022-12-19,ecmwf+ukmo+ncep+cma,0,42,exact_common_initialization,ecds_s2s_forecasts_constraints
2022,2022-12-22,ecmwf+ukmo+ncep+cma,1,42,exact_common_initialization,ecds_s2s_forecasts_constraints
2022,2022-12-26,ecmwf+ukmo+ncep+cma,0,42,exact_common_initialization,ecds_s2s_forecasts_constraints
2022,2022-12-29,ecmwf+ukmo+ncep+cma,1,42,exact_common_initialization,ecds_s2s_forecasts_constraints
2023,2023-01-02,ecmwf+ukmo+ncep+cma,0,42,exact_common_initialization,ecds_s2s_forecasts_constraints
2023,2023-01-05,ecmwf+ukmo+ncep+cma,1,42,exact_common_initialization,ecds_s2s_forecasts_constraints
2023,2023-01-09,ecmwf+ukmo+ncep+cma,0,42,exact_common_initialization,ecds_s2s_forecasts_constraints
2023,2023-01-12,ecmwf+ukmo+ncep+cma,1,42,exact_common_initialization,ecds_s2s_forecasts_constraints
2023,2023-01-16,ecmwf+ukmo+ncep+cma,0,42,exact_common_initialization,ecds_s2s_forecasts_constraints
2023,2023-01-19,ecmwf+ukmo+ncep+cma,1,42,exact_common_initialization,ecds_s2s_forecasts_constraints
2023,2023-01-23,ecmwf+ukmo+ncep+cma,0,42,exact_common_initialization,ecds_s2s_forecasts_constraints
2023,2023-01-26,ecmwf+ukmo+ncep+cma,1,42,exact_common_initialization,ecds_s2s_forecasts_constraints
2023,2023-01-30,ecmwf+ukmo+ncep+cma,0,42,exact_common_initialization,ecds_s2s_forecasts_constraints
2023,2023-02-02,ecmwf+ukmo+ncep+cma,1,42,exact_common_initialization,ecds_s2s_forecasts_constraints
2023,2023-02-06,ecmwf+ukmo+ncep+cma,0,42,exact_common_initialization,ecds_s2s_forecasts_constraints
2023,2023-02-09,ecmwf+ukmo+ncep+cma,1,42,exact_common_initialization,ecds_s2s_forecasts_constraints
2023,2023-02-13,ecmwf+ukmo+ncep+cma,0,42,exact_common_initialization,ecds_s2s_forecasts_constraints
2023,2023-02-16,ecmwf+ukmo+ncep+cma,1,42,exact_common_initialization,ecds_s2s_forecasts_constraints
2023,2023-02-20,ecmwf+ukmo+ncep+cma,0,42,exact_common_initialization,ecds_s2s_forecasts_constraints
2023,2023-02-23,ecmwf+ukmo+ncep+cma,1,42,exact_common_initialization,ecds_s2s_forecasts_constraints
2023,2023-02-27,ecmwf+ukmo+ncep+cma,0,42,exact_common_initialization,ecds_s2s_forecasts_constraints
2023,2023-03-02,ecmwf+ukmo+ncep+cma,1,42,exact_common_initialization,ecds_s2s_forecasts_constraints
2023,2023-03-06,ecmwf+ukmo+ncep+cma,0,42,exact_common_initialization,ecds_s2s_forecasts_constraints
2023,2023-03-09,ecmwf+ukmo+ncep+cma,1,42,exact_common_initialization,ecds_s2s_forecasts_constraints
2023,2023-03-13,ecmwf+ukmo+ncep+cma,0,42,exact_common_initialization,ecds_s2s_forecasts_constraints
2023,2023-03-16,ecmwf+ukmo+ncep+cma,1,42,exact_common_initialization,ecds_s2s_forecasts_constraints
2023,2023-03-20,ecmwf+ukmo+ncep+cma,0,42,exact_common_initialization,ecds_s2s_forecasts_constraints
2023,2023-03-23,ecmwf+ukmo+ncep+cma,1,42,exact_common_initialization,ecds_s2s_forecasts_constraints
2023,2023-03-27,ecmwf+ukmo+ncep+cma,0,42,exact_common_initialization,ecds_s2s_forecasts_constraints
2023,2023-03-30,ecmwf+ukmo+ncep+cma,1,42,exact_common_initialization,ecds_s2s_forecasts_constraints
2023,2023-04-03,ecmwf+ukmo+ncep+cma,0,42,exact_common_initialization,ecds_s2s_forecasts_constraints
2023,2023-04-06,ecmwf+ukmo+ncep+cma,1,42,exact_common_initialization,ecds_s2s_forecasts_constraints
2023,2023-04-10,ecmwf+ukmo+ncep+cma,0,42,exact_common_initialization,ecds_s2s_forecasts_constraints
2023,2023-04-13,ecmwf+ukmo+ncep+cma,1,42,exact_common_initialization,ecds_s2s_forecasts_constraints
2023,2023-04-17,ecmwf+ukmo+ncep+cma,0,42,exact_common_initialization,ecds_s2s_forecasts_constraints
2023,2023-04-20,ecmwf+ukmo+ncep+cma,1,42,exact_common_initialization,ecds_s2s_forecasts_constraints
2023,2023-04-24,ecmwf+ukmo+ncep+cma,0,42,exact_common_initialization,ecds_s2s_forecasts_constraints
2023,2023-04-27,ecmwf+ukmo+ncep+cma,1,42,exact_common_initialization,ecds_s2s_forecasts_constraints
2023,2023-05-01,ecmwf+ukmo+ncep+cma,0,42,exact_common_initialization,ecds_s2s_forecasts_constraints
2023,2023-05-04,ecmwf+ukmo+ncep+cma,1,42,exact_common_initialization,ecds_s2s_forecasts_constraints
2023,2023-05-08,ecmwf+ukmo+ncep+cma,0,42,exact_common_initialization,ecds_s2s_forecasts_constraints
2023,2023-05-11,ecmwf+ukmo+ncep+cma,1,42,exact_common_initialization,ecds_s2s_forecasts_constraints
2023,2023-05-15,ecmwf+ukmo+ncep+cma,0,42,exact_common_initialization,ecds_s2s_forecasts_constraints
2023,2023-05-18,ecmwf+ukmo+ncep+cma,1,42,exact_common_initialization,ecds_s2s_forecasts_constraints
2023,2023-05-22,ecmwf+ukmo+ncep+cma,0,42,exact_common_initialization,ecds_s2s_forecasts_constraints
2023,2023-05-25,ecmwf+ukmo+ncep+cma,1,42,exact_common_initialization,ecds_s2s_forecasts_constraints
2023,2023-05-29,ecmwf+ukmo+ncep+cma,0,42,exact_common_initialization,ecds_s2s_forecasts_constraints
2023,2023-06-01,ecmwf+ukmo+ncep+cma,1,42,exact_common_initialization,ecds_s2s_forecasts_constraints
2023,2023-06-05,ecmwf+ukmo+ncep+cma,0,42,exact_common_initialization,ecds_s2s_forecasts_constraints
2023,2023-06-08,ecmwf+ukmo+ncep+cma,1,42,exact_common_initialization,ecds_s2s_forecasts_constraints
2023,2023-06-12,ecmwf+ukmo+ncep+cma,0,42,exact_common_initialization,ecds_s2s_forecasts_constraints
2023,2023-06-15,ecmwf+ukmo+ncep+cma,1,42,exact_common_initialization,ecds_s2s_forecasts_constraints
2023,2023-06-19,ecmwf+ukmo+ncep+cma,0,42,exact_common_initialization,ecds_s2s_forecasts_constraints
2023,2023-06-22,ecmwf+ukmo+ncep+cma,1,42,exact_common_initialization,ecds_s2s_forecasts_constraints
2023,2023-06-26,ecmwf+ukmo+ncep+cma,0,42,exact_common_initialization,ecds_s2s_forecasts_constraints
2023,2023-06-29,ecmwf+ukmo+ncep+cma,1,42,exact_common_initialization,ecds_s2s_forecasts_constraints
2023,2023-07-03,ecmwf+ukmo+ncep+cma,0,42,exact_common_initialization,ecds_s2s_forecasts_constraints
2023,2023-07-06,ecmwf+ukmo+ncep+cma,1,42,exact_common_initialization,ecds_s2s_forecasts_constraints
2023,2023-07-10,ecmwf+ukmo+ncep+cma,0,42,exact_common_initialization,ecds_s2s_forecasts_constraints
2023,2023-07-13,ecmwf+ukmo+ncep+cma,1,42,exact_common_initialization,ecds_s2s_forecasts_constraints
2023,2023-07-17,ecmwf+ukmo+ncep+cma,0,42,exact_common_initialization,ecds_s2s_forecasts_constraints
2023,2023-07-20,ecmwf+ukmo+ncep+cma,1,42,exact_common_initialization,ecds_s2s_forecasts_constraints
2023,2023-07-24,ecmwf+ukmo+ncep+cma,0,42,exact_common_initialization,ecds_s2s_forecasts_constraints
2023,2023-07-27,ecmwf+ukmo+ncep+cma,1,42,exact_common_initialization,ecds_s2s_forecasts_constraints
2023,2023-07-31,ecmwf+ukmo+ncep+cma,0,42,exact_common_initialization,ecds_s2s_forecasts_constraints
2023,2023-08-03,ecmwf+ukmo+ncep+cma,1,42,exact_common_initialization,ecds_s2s_forecasts_constraints
2023,2023-08-07,ecmwf+ukmo+ncep+cma,0,42,exact_common_initialization,ecds_s2s_forecasts_constraints
2023,2023-08-10,ecmwf+ukmo+ncep+cma,1,42,exact_common_initialization,ecds_s2s_forecasts_constraints
2023,2023-08-14,ecmwf+ukmo+ncep+cma,0,42,exact_common_initialization,ecds_s2s_forecasts_constraints
2023,2023-08-17,ecmwf+ukmo+ncep+cma,1,42,exact_common_initialization,ecds_s2s_forecasts_constraints
2023,2023-08-21,ecmwf+ukmo+ncep+cma,0,42,exact_common_initialization,ecds_s2s_forecasts_constraints
2023,2023-08-24,ecmwf+ukmo+ncep+cma,1,42,exact_common_initialization,ecds_s2s_forecasts_constraints
2023,2023-08-28,ecmwf+ukmo+ncep+cma,0,42,exact_common_initialization,ecds_s2s_forecasts_constraints
2023,2023-08-31,ecmwf+ukmo+ncep+cma,1,42,exact_common_initialization,ecds_s2s_forecasts_constraints
2023,2023-09-04,ecmwf+ukmo+ncep+cma,0,42,exact_common_initialization,ecds_s2s_forecasts_constraints
2023,2023-09-07,ecmwf+ukmo+ncep+cma,1,42,exact_common_initialization,ecds_s2s_forecasts_constraints
2023,2023-09-11,ecmwf+ukmo+ncep+cma,0,42,exact_common_initialization,ecds_s2s_forecasts_constraints
2023,2023-09-14,ecmwf+ukmo+ncep+cma,1,42,exact_common_initialization,ecds_s2s_forecasts_constraints
2023,2023-09-18,ecmwf+ukmo+ncep+cma,0,42,exact_common_initialization,ecds_s2s_forecasts_constraints
2023,2023-09-21,ecmwf+ukmo+ncep+cma,1,42,exact_common_initialization,ecds_s2s_forecasts_constraints
2023,2023-09-25,ecmwf+ukmo+ncep+cma,0,42,exact_common_initialization,ecds_s2s_forecasts_constraints
2023,2023-09-28,ecmwf+ukmo+ncep+cma,1,42,exact_common_initialization,ecds_s2s_forecasts_constraints
2023,2023-10-02,ecmwf+ukmo+ncep+cma,0,42,exact_common_initialization,ecds_s2s_forecasts_constraints
2023,2023-10-05,ecmwf+ukmo+ncep+cma,1,42,exact_common_initialization,ecds_s2s_forecasts_constraints
2023,2023-10-09,ecmwf+ukmo+ncep+cma,0,42,exact_common_initialization,ecds_s2s_forecasts_constraints
2023,2023-10-12,ecmwf+ukmo+ncep+cma,1,42,exact_common_initialization,ecds_s2s_forecasts_constraints
2023,2023-10-16,ecmwf+ukmo+ncep+cma,0,42,exact_common_initialization,ecds_s2s_forecasts_constraints
2023,2023-10-19,ecmwf+ukmo+ncep+cma,1,42,exact_common_initialization,ecds_s2s_forecasts_constraints
2023,2023-10-23,ecmwf+ukmo+ncep+cma,0,42,exact_common_initialization,ecds_s2s_forecasts_constraints
2023,2023-10-26,ecmwf+ukmo+ncep+cma,1,42,exact_common_initialization,ecds_s2s_forecasts_constraints
2023,2023-10-30,ecmwf+ukmo+ncep+cma,0,42,exact_common_initialization,ecds_s2s_forecasts_constraints
2023,2023-11-02,ecmwf+ukmo+ncep+cma,1,42,exact_common_initialization,ecds_s2s_forecasts_constraints
2023,2023-11-06,ecmwf+ukmo+ncep+cma,0,42,exact_common_initialization,ecds_s2s_forecasts_constraints
2023,2023-11-09,ecmwf+ukmo+ncep+cma,1,42,exact_common_initialization,ecds_s2s_forecasts_constraints
2023,2023-11-13,ecmwf+ukmo+ncep+cma,0,42,exact_common_initialization,ecds_s2s_forecasts_constraints
2023,2023-11-16,ecmwf+ukmo+ncep+cma,1,42,exact_common_initialization,ecds_s2s_forecasts_constraints
2023,2023-11-20,ecmwf+ukmo+ncep+cma,0,42,exact_common_initialization,ecds_s2s_forecasts_constraints
2023,2023-11-23,ecmwf+ukmo+ncep+cma,1,42,exact_common_initialization,ecds_s2s_forecasts_constraints
2023,2023-11-27,ecmwf+ukmo+ncep+cma,0,42,exact_common_initialization,ecds_s2s_forecasts_constraints
2023,2023-11-30,ecmwf+ukmo+ncep+cma,1,42,exact_common_initialization,ecds_s2s_forecasts_constraints
2023,2023-12-04,ecmwf+ukmo+ncep+cma,0,42,exact_common_initialization,ecds_s2s_forecasts_constraints
2023,2023-12-07,ecmwf+ukmo+ncep+cma,1,42,exact_common_initialization,ecds_s2s_forecasts_constraints
2023,2023-12-11,ecmwf+ukmo+ncep+cma,0,42,exact_common_initialization,ecds_s2s_forecasts_constraints
2023,2023-12-14,ecmwf+ukmo+ncep+cma,1,42,exact_common_initialization,ecds_s2s_forecasts_constraints
2023,2023-12-18,ecmwf+ukmo+ncep+cma,0,42,exact_common_initialization,ecds_s2s_forecasts_constraints
2023,2023-12-21,ecmwf+ukmo+ncep+cma,1,42,exact_common_initialization,ecds_s2s_forecasts_constraints
2023,2023-12-25,ecmwf+ukmo+ncep+cma,0,42,exact_common_initialization,ecds_s2s_forecasts_constraints
2023,2023-12-28,ecmwf+ukmo+ncep+cma,1,42,exact_common_initialization,ecds_s2s_forecasts_constraints
2024,2024-01-01,ecmwf+ukmo+ncep+cma,0,42,exact_common_initialization,ecds_s2s_forecasts_constraints
2024,2024-01-04,ecmwf+ukmo+ncep+cma,1,42,exact_common_initialization,ecds_s2s_forecasts_constraints
2024,2024-01-08,ecmwf+ukmo+ncep+cma,0,42,exact_common_initialization,ecds_s2s_forecasts_constraints
2024,2024-01-11,ecmwf+ukmo+ncep+cma,1,42,exact_common_initialization,ecds_s2s_forecasts_constraints
2024,2024-01-15,ecmwf+ukmo+ncep+cma,0,42,exact_common_initialization,ecds_s2s_forecasts_constraints
2024,2024-01-18,ecmwf+ukmo+ncep+cma,1,42,exact_common_initialization,ecds_s2s_forecasts_constraints
2024,2024-01-22,ecmwf+ukmo+ncep+cma,0,42,exact_common_initialization,ecds_s2s_forecasts_constraints
2024,2024-01-25,ecmwf+ukmo+ncep+cma,1,42,exact_common_initialization,ecds_s2s_forecasts_constraints
2024,2024-01-29,ecmwf+ukmo+ncep+cma,0,42,exact_common_initialization,ecds_s2s_forecasts_constraints
2024,2024-02-01,ecmwf+ukmo+ncep+cma,1,42,exact_common_initialization,ecds_s2s_forecasts_constraints
2024,2024-02-05,ecmwf+ukmo+ncep+cma,0,42,exact_common_initialization,ecds_s2s_forecasts_constraints
2024,2024-02-08,ecmwf+ukmo+ncep+cma,1,42,exact_common_initialization,ecds_s2s_forecasts_constraints
2024,2024-02-12,ecmwf+ukmo+ncep+cma,0,42,exact_common_initialization,ecds_s2s_forecasts_constraints
2024,2024-02-15,ecmwf+ukmo+ncep+cma,1,42,exact_common_initialization,ecds_s2s_forecasts_constraints
2024,2024-02-19,ecmwf+ukmo+ncep+cma,0,42,exact_common_initialization,ecds_s2s_forecasts_constraints
2024,2024-02-22,ecmwf+ukmo+ncep+cma,1,42,exact_common_initialization,ecds_s2s_forecasts_constraints
2024,2024-02-26,ecmwf+ukmo+ncep+cma,0,42,exact_common_initialization,ecds_s2s_forecasts_constraints
2024,2024-02-29,ecmwf+ukmo+ncep+cma,1,42,exact_common_initialization,ecds_s2s_forecasts_constraints
2024,2024-03-04,ecmwf+ukmo+ncep+cma,0,42,exact_common_initialization,ecds_s2s_forecasts_constraints
2024,2024-03-07,ecmwf+ukmo+ncep+cma,1,42,exact_common_initialization,ecds_s2s_forecasts_constraints
2024,2024-03-11,ecmwf+ukmo+ncep+cma,0,42,exact_common_initialization,ecds_s2s_forecasts_constraints
2024,2024-03-14,ecmwf+ukmo+ncep+cma,1,42,exact_common_initialization,ecds_s2s_forecasts_constraints
2024,2024-03-18,ecmwf+ukmo+ncep+cma,0,42,exact_common_initialization,ecds_s2s_forecasts_constraints
2024,2024-03-21,ecmwf+ukmo+ncep+cma,1,42,exact_common_initialization,ecds_s2s_forecasts_constraints
2024,2024-03-25,ecmwf+ukmo+ncep+cma,0,42,exact_common_initialization,ecds_s2s_forecasts_constraints
2024,2024-03-28,ecmwf+ukmo+ncep+cma,1,42,exact_common_initialization,ecds_s2s_forecasts_constraints
2024,2024-04-01,ecmwf+ukmo+ncep+cma,0,42,exact_common_initialization,ecds_s2s_forecasts_constraints
2024,2024-04-04,ecmwf+ukmo+ncep+cma,1,42,exact_common_initialization,ecds_s2s_forecasts_constraints
2024,2024-04-08,ecmwf+ukmo+ncep+cma,0,42,exact_common_initialization,ecds_s2s_forecasts_constraints
2024,2024-04-11,ecmwf+ukmo+ncep+cma,1,42,exact_common_initialization,ecds_s2s_forecasts_constraints
2024,2024-04-15,ecmwf+ukmo+ncep+cma,0,42,exact_common_initialization,ecds_s2s_forecasts_constraints
2024,2024-04-18,ecmwf+ukmo+ncep+cma,1,42,exact_common_initialization,ecds_s2s_forecasts_constraints
2024,2024-04-22,ecmwf+ukmo+ncep+cma,0,42,exact_common_initialization,ecds_s2s_forecasts_constraints
2024,2024-04-25,ecmwf+ukmo+ncep+cma,1,42,exact_common_initialization,ecds_s2s_forecasts_constraints
2024,2024-04-29,ecmwf+ukmo+ncep+cma,0,42,exact_common_initialization,ecds_s2s_forecasts_constraints
2024,2024-05-02,ecmwf+ukmo+ncep+cma,1,42,exact_common_initialization,ecds_s2s_forecasts_constraints
2024,2024-05-06,ecmwf+ukmo+ncep+cma,0,42,exact_common_initialization,ecds_s2s_forecasts_constraints
2024,2024-05-09,ecmwf+ukmo+ncep+cma,1,42,exact_common_initialization,ecds_s2s_forecasts_constraints
2024,2024-05-13,ecmwf+ukmo+ncep+cma,0,42,exact_common_initialization,ecds_s2s_forecasts_constraints
2024,2024-05-16,ecmwf+ukmo+ncep+cma,1,42,exact_common_initialization,ecds_s2s_forecasts_constraints
2024,2024-05-20,ecmwf+ukmo+ncep+cma,0,42,exact_common_initialization,ecds_s2s_forecasts_constraints
2024,2024-05-23,ecmwf+ukmo+ncep+cma,1,42,exact_common_initialization,ecds_s2s_forecasts_constraints
2024,2024-05-27,ecmwf+ukmo+ncep+cma,0,42,exact_common_initialization,ecds_s2s_forecasts_constraints
2024,2024-05-30,ecmwf+ukmo+ncep+cma,1,42,exact_common_initialization,ecds_s2s_forecasts_constraints
2024,2024-06-03,ecmwf+ukmo+ncep+cma,0,42,exact_common_initialization,ecds_s2s_forecasts_constraints
2024,2024-06-20,ecmwf+ukmo+ncep+cma,1,42,exact_common_initialization,ecds_s2s_forecasts_constraints
2024,2024-06-24,ecmwf+ukmo+ncep+cma,0,42,exact_common_initialization,ecds_s2s_forecasts_constraints
2024,2024-06-27,ecmwf+ukmo+ncep+cma,1,42,exact_common_initialization,ecds_s2s_forecasts_constraints
2024,2024-07-01,ecmwf+ukmo+ncep+cma,0,42,exact_common_initialization,ecds_s2s_forecasts_constraints
2024,2024-07-04,ecmwf+ukmo+ncep+cma,1,42,exact_common_initialization,ecds_s2s_forecasts_constraints
2024,2024-07-08,ecmwf+ukmo+ncep+cma,0,42,exact_common_initialization,ecds_s2s_forecasts_constraints
2024,2024-07-11,ecmwf+ukmo+ncep+cma,1,42,exact_common_initialization,ecds_s2s_forecasts_constraints
2024,2024-07-15,ecmwf+ukmo+ncep+cma,0,42,exact_common_initialization,ecds_s2s_forecasts_constraints
2024,2024-07-18,ecmwf+ukmo+ncep+cma,1,42,exact_common_initialization,ecds_s2s_forecasts_constraints
2024,2024-07-22,ecmwf+ukmo+ncep+cma,0,42,exact_common_initialization,ecds_s2s_forecasts_constraints
2024,2024-07-25,ecmwf+ukmo+ncep+cma,1,42,exact_common_initialization,ecds_s2s_forecasts_constraints
2024,2024-07-29,ecmwf+ukmo+ncep+cma,0,42,exact_common_initialization,ecds_s2s_forecasts_constraints
2024,2024-08-01,ecmwf+ukmo+ncep+cma,1,42,exact_common_initialization,ecds_s2s_forecasts_constraints
2024,2024-08-08,ecmwf+ukmo+ncep+cma,1,42,exact_common_initialization,ecds_s2s_forecasts_constraints
2024,2024-08-12,ecmwf+ukmo+ncep+cma,0,42,exact_common_initialization,ecds_s2s_forecasts_constraints
2024,2024-08-15,ecmwf+ukmo+ncep+cma,1,42,exact_common_initialization,ecds_s2s_forecasts_constraints
2024,2024-08-19,ecmwf+ukmo+ncep+cma,0,42,exact_common_initialization,ecds_s2s_forecasts_constraints
2024,2024-08-22,ecmwf+ukmo+ncep+cma,1,42,exact_common_initialization,ecds_s2s_forecasts_constraints
2024,2024-08-26,ecmwf+ukmo+ncep+cma,0,42,exact_common_initialization,ecds_s2s_forecasts_constraints
2024,2024-08-29,ecmwf+ukmo+ncep+cma,1,42,exact_common_initialization,ecds_s2s_forecasts_constraints
2024,2024-09-02,ecmwf+ukmo+ncep+cma,0,42,exact_common_initialization,ecds_s2s_forecasts_constraints
2024,2024-09-05,ecmwf+ukmo+ncep+cma,1,42,exact_common_initialization,ecds_s2s_forecasts_constraints
2024,2024-09-09,ecmwf+ukmo+ncep+cma,0,42,exact_common_initialization,ecds_s2s_forecasts_constraints
2024,2024-09-12,ecmwf+ukmo+ncep+cma,1,42,exact_common_initialization,ecds_s2s_forecasts_constraints
2024,2024-09-16,ecmwf+ukmo+ncep+cma,0,42,exact_common_initialization,ecds_s2s_forecasts_constraints
2024,2024-09-19,ecmwf+ukmo+ncep+cma,1,42,exact_common_initialization,ecds_s2s_forecasts_constraints
2024,2024-09-23,ecmwf+ukmo+ncep+cma,0,42,exact_common_initialization,ecds_s2s_forecasts_constraints
2024,2024-09-26,ecmwf+ukmo+ncep+cma,1,42,exact_common_initialization,ecds_s2s_forecasts_constraints
2024,2024-09-30,ecmwf+ukmo+ncep+cma,0,42,exact_common_initialization,ecds_s2s_forecasts_constraints
2024,2024-10-03,ecmwf+ukmo+ncep+cma,1,42,exact_common_initialization,ecds_s2s_forecasts_constraints
2024,2024-10-07,ecmwf+ukmo+ncep+cma,0,42,exact_common_initialization,ecds_s2s_forecasts_constraints
2024,2024-10-10,ecmwf+ukmo+ncep+cma,1,42,exact_common_initialization,ecds_s2s_forecasts_constraints
2024,2024-10-14,ecmwf+ukmo+ncep+cma,0,42,exact_common_initialization,ecds_s2s_forecasts_constraints
2024,2024-10-17,ecmwf+ukmo+ncep+cma,1,42,exact_common_initialization,ecds_s2s_forecasts_constraints
2024,2024-10-21,ecmwf+ukmo+ncep+cma,0,42,exact_common_initialization,ecds_s2s_forecasts_constraints
2024,2024-10-24,ecmwf+ukmo+ncep+cma,1,42,exact_common_initialization,ecds_s2s_forecasts_constraints
2024,2024-10-28,ecmwf+ukmo+ncep+cma,0,42,exact_common_initialization,ecds_s2s_forecasts_constraints
2024,2024-10-31,ecmwf+ukmo+ncep+cma,1,42,exact_common_initialization,ecds_s2s_forecasts_constraints
2024,2024-11-04,ecmwf+ukmo+ncep+cma,0,42,exact_common_initialization,ecds_s2s_forecasts_constraints
2024,2024-11-07,ecmwf+ukmo+ncep+cma,1,42,exact_common_initialization,ecds_s2s_forecasts_constraints
2024,2024-11-11,ecmwf+ukmo+ncep+cma,0,42,exact_common_initialization,ecds_s2s_forecasts_constraints
2024,2024-11-14,ecmwf+ukmo+ncep+cma,1,42,exact_common_initialization,ecds_s2s_forecasts_constraints
2024,2024-11-18,ecmwf+ukmo+ncep+cma,0,42,exact_common_initialization,ecds_s2s_forecasts_constraints
2024,2024-11-21,ecmwf+ukmo+ncep+cma,1,42,exact_common_initialization,ecds_s2s_forecasts_constraints
2024,2024-11-25,ecmwf+ukmo+ncep+cma,0,42,exact_common_initialization,ecds_s2s_forecasts_constraints
2024,2024-11-28,ecmwf+ukmo+ncep+cma,1,42,exact_common_initialization,ecds_s2s_forecasts_constraints
2024,2024-12-02,ecmwf+ukmo+ncep+cma,0,42,exact_common_initialization,ecds_s2s_forecasts_constraints
2024,2024-12-05,ecmwf+ukmo+ncep+cma,1,42,exact_common_initialization,ecds_s2s_forecasts_constraints
2024,2024-12-09,ecmwf+ukmo+ncep+cma,0,42,exact_common_initialization,ecds_s2s_forecasts_constraints
2024,2024-12-12,ecmwf+ukmo+ncep+cma,1,42,exact_common_initialization,ecds_s2s_forecasts_constraints
2024,2024-12-16,ecmwf+ukmo+ncep+cma,0,42,exact_common_initialization,ecds_s2s_forecasts_constraints
2024,2024-12-19,ecmwf+ukmo+ncep+cma,1,42,exact_common_initialization,ecds_s2s_forecasts_constraints
2024,2024-12-23,ecmwf+ukmo+ncep+cma,0,42,exact_common_initialization,ecds_s2s_forecasts_constraints
2024,2024-12-26,ecmwf+ukmo+ncep+cma,1,42,exact_common_initialization,ecds_s2s_forecasts_constraints
2024,2024-12-30,ecmwf+ukmo+ncep+cma,0,42,exact_common_initialization,ecds_s2s_forecasts_constraints
2025,2025-01-02,ecmwf+ukmo+ncep+cma,1,42,exact_common_initialization,ecds_s2s_forecasts_constraints
2025,2025-01-06,ecmwf+ukmo+ncep+cma,0,42,exact_common_initialization,ecds_s2s_forecasts_constraints
2025,2025-01-09,ecmwf+ukmo+ncep+cma,1,42,exact_common_initialization,ecds_s2s_forecasts_constraints
2025,2025-01-13,ecmwf+ukmo+ncep+cma,0,42,exact_common_initialization,ecds_s2s_forecasts_constraints
2025,2025-01-16,ecmwf+ukmo+ncep+cma,1,42,exact_common_initialization,ecds_s2s_forecasts_constraints
2025,2025-01-20,ecmwf+ukmo+ncep+cma,0,42,exact_common_initialization,ecds_s2s_forecasts_constraints
2025,2025-01-23,ecmwf+ukmo+ncep+cma,1,42,exact_common_initialization,ecds_s2s_forecasts_constraints
2025,2025-01-27,ecmwf+ukmo+ncep+cma,0,42,exact_common_initialization,ecds_s2s_forecasts_constraints
2025,2025-01-30,ecmwf+ukmo+ncep+cma,1,42,exact_common_initialization,ecds_s2s_forecasts_constraints
2025,2025-02-03,ecmwf+ukmo+ncep+cma,0,42,exact_common_initialization,ecds_s2s_forecasts_constraints
2025,2025-02-06,ecmwf+ukmo+ncep+cma,1,42,exact_common_initialization,ecds_s2s_forecasts_constraints
2025,2025-02-10,ecmwf+ukmo+ncep+cma,0,42,exact_common_initialization,ecds_s2s_forecasts_constraints
2025,2025-02-13,ecmwf+ukmo+ncep+cma,1,42,exact_common_initialization,ecds_s2s_forecasts_constraints
2025,2025-02-17,ecmwf+ukmo+ncep+cma,0,42,exact_common_initialization,ecds_s2s_forecasts_constraints
2025,2025-02-20,ecmwf+ukmo+ncep+cma,1,42,exact_common_initialization,ecds_s2s_forecasts_constraints
2025,2025-02-24,ecmwf+ukmo+ncep+cma,0,42,exact_common_initialization,ecds_s2s_forecasts_constraints
2025,2025-02-27,ecmwf+ukmo+ncep+cma,1,42,exact_common_initialization,ecds_s2s_forecasts_constraints
2025,2025-03-03,ecmwf+ukmo+ncep+cma,0,42,exact_common_initialization,ecds_s2s_forecasts_constraints
2025,2025-03-06,ecmwf+ukmo+ncep+cma,1,42,exact_common_initialization,ecds_s2s_forecasts_constraints
2025,2025-03-10,ecmwf+ukmo+ncep+cma,0,42,exact_common_initialization,ecds_s2s_forecasts_constraints
2025,2025-03-13,ecmwf+ukmo+ncep+cma,1,42,exact_common_initialization,ecds_s2s_forecasts_constraints
2025,2025-03-17,ecmwf+ukmo+ncep+cma,0,42,exact_common_initialization,ecds_s2s_forecasts_constraints
2025,2025-03-20,ecmwf+ukmo+ncep+cma,1,42,exact_common_initialization,ecds_s2s_forecasts_constraints
2025,2025-03-24,ecmwf+ukmo+ncep+cma,0,42,exact_common_initialization,ecds_s2s_forecasts_constraints
2025,2025-03-27,ecmwf+ukmo+ncep+cma,1,42,exact_common_initialization,ecds_s2s_forecasts_constraints
2025,2025-03-31,ecmwf+ukmo+ncep+cma,0,42,exact_common_initialization,ecds_s2s_forecasts_constraints
2025,2025-04-03,ecmwf+ukmo+ncep+cma,1,42,exact_common_initialization,ecds_s2s_forecasts_constraints
2025,2025-04-07,ecmwf+ukmo+ncep+cma,0,42,exact_common_initialization,ecds_s2s_forecasts_constraints
2025,2025-04-10,ecmwf+ukmo+ncep+cma,1,42,exact_common_initialization,ecds_s2s_forecasts_constraints
2025,2025-04-14,ecmwf+ukmo+ncep+cma,0,42,exact_common_initialization,ecds_s2s_forecasts_constraints
2025,2025-04-17,ecmwf+ukmo+ncep+cma,1,42,exact_common_initialization,ecds_s2s_forecasts_constraints
2025,2025-04-21,ecmwf+ukmo+ncep+cma,0,42,exact_common_initialization,ecds_s2s_forecasts_constraints
2025,2025-04-24,ecmwf+ukmo+ncep+cma,1,42,exact_common_initialization,ecds_s2s_forecasts_constraints
2025,2025-04-28,ecmwf+ukmo+ncep+cma,0,42,exact_common_initialization,ecds_s2s_forecasts_constraints
2025,2025-05-01,ecmwf+ukmo+ncep+cma,1,42,exact_common_initialization,ecds_s2s_forecasts_constraints
2025,2025-05-05,ecmwf+ukmo+ncep+cma,0,42,exact_common_initialization,ecds_s2s_forecasts_constraints
2025,2025-05-08,ecmwf+ukmo+ncep+cma,1,42,exact_common_initialization,ecds_s2s_forecasts_constraints
2025,2025-05-12,ecmwf+ukmo+ncep+cma,0,42,exact_common_initialization,ecds_s2s_forecasts_constraints
2025,2025-05-15,ecmwf+ukmo+ncep+cma,1,42,exact_common_initialization,ecds_s2s_forecasts_constraints
2025,2025-05-19,ecmwf+ukmo+ncep+cma,0,42,exact_common_initialization,ecds_s2s_forecasts_constraints
2025,2025-05-22,ecmwf+ukmo+ncep+cma,1,42,exact_common_initialization,ecds_s2s_forecasts_constraints
2025,2025-05-26,ecmwf+ukmo+ncep+cma,0,42,exact_common_initialization,ecds_s2s_forecasts_constraints
2025,2025-05-29,ecmwf+ukmo+ncep+cma,1,42,exact_common_initialization,ecds_s2s_forecasts_constraints
2025,2025-06-02,ecmwf+ukmo+ncep+cma,0,42,exact_common_initialization,ecds_s2s_forecasts_constraints
2025,2025-06-05,ecmwf+ukmo+ncep+cma,1,42,exact_common_initialization,ecds_s2s_forecasts_constraints
2025,2025-06-09,ecmwf+ukmo+ncep+cma,0,42,exact_common_initialization,ecds_s2s_forecasts_constraints
2025,2025-06-12,ecmwf+ukmo+ncep+cma,1,42,exact_common_initialization,ecds_s2s_forecasts_constraints
2025,2025-06-16,ecmwf+ukmo+ncep+cma,0,42,exact_common_initialization,ecds_s2s_forecasts_constraints
2025,2025-06-19,ecmwf+ukmo+ncep+cma,1,42,exact_common_initialization,ecds_s2s_forecasts_constraints
2025,2025-06-23,ecmwf+ukmo+ncep+cma,0,42,exact_common_initialization,ecds_s2s_forecasts_constraints
2025,2025-06-26,ecmwf+ukmo+ncep+cma,1,42,exact_common_initialization,ecds_s2s_forecasts_constraints
2025,2025-06-30,ecmwf+ukmo+ncep+cma,0,42,exact_common_initialization,ecds_s2s_forecasts_constraints
2025,2025-07-03,ecmwf+ukmo+ncep+cma,1,42,exact_common_initialization,ecds_s2s_forecasts_constraints
2025,2025-07-07,ecmwf+ukmo+ncep+cma,0,42,exact_common_initialization,ecds_s2s_forecasts_constraints
2025,2025-07-10,ecmwf+ukmo+ncep+cma,1,42,exact_common_initialization,ecds_s2s_forecasts_constraints
2025,2025-07-14,ecmwf+ukmo+ncep+cma,0,42,exact_common_initialization,ecds_s2s_forecasts_constraints
2025,2025-07-17,ecmwf+ukmo+ncep+cma,1,42,exact_common_initialization,ecds_s2s_forecasts_constraints
2025,2025-07-21,ecmwf+ukmo+ncep+cma,0,42,exact_common_initialization,ecds_s2s_forecasts_constraints
2025,2025-07-24,ecmwf+ukmo+ncep+cma,1,42,exact_common_initialization,ecds_s2s_forecasts_constraints
2025,2025-07-28,ecmwf+ukmo+ncep+cma,0,42,exact_common_initialization,ecds_s2s_forecasts_constraints
2025,2025-07-31,ecmwf+ukmo+ncep+cma,1,42,exact_common_initialization,ecds_s2s_forecasts_constraints
2025,2025-08-04,ecmwf+ukmo+ncep+cma,0,42,exact_common_initialization,ecds_s2s_forecasts_constraints
2025,2025-08-07,ecmwf+ukmo+ncep+cma,1,42,exact_common_initialization,ecds_s2s_forecasts_constraints
2025,2025-08-11,ecmwf+ukmo+ncep+cma,0,42,exact_common_initialization,ecds_s2s_forecasts_constraints
2025,2025-08-14,ecmwf+ukmo+ncep+cma,1,42,exact_common_initialization,ecds_s2s_forecasts_constraints
2025,2025-08-18,ecmwf+ukmo+ncep+cma,0,42,exact_common_initialization,ecds_s2s_forecasts_constraints
2025,2025-08-21,ecmwf+ukmo+ncep+cma,1,42,exact_common_initialization,ecds_s2s_forecasts_constraints
2025,2025-08-25,ecmwf+ukmo+ncep+cma,0,42,exact_common_initialization,ecds_s2s_forecasts_constraints
2025,2025-08-28,ecmwf+ukmo+ncep+cma,1,42,exact_common_initialization,ecds_s2s_forecasts_constraints
2025,2025-09-01,ecmwf+ukmo+ncep+cma,0,42,exact_common_initialization,ecds_s2s_forecasts_constraints
2025,2025-09-04,ecmwf+ukmo+ncep+cma,1,42,exact_common_initialization,ecds_s2s_forecasts_constraints
2025,2025-09-08,ecmwf+ukmo+ncep+cma,0,42,exact_common_initialization,ecds_s2s_forecasts_constraints
2025,2025-09-11,ecmwf+ukmo+ncep+cma,1,42,exact_common_initialization,ecds_s2s_forecasts_constraints
2025,2025-09-15,ecmwf+ukmo+ncep+cma,0,42,exact_common_initialization,ecds_s2s_forecasts_constraints
2025,2025-09-18,ecmwf+ukmo+ncep+cma,1,42,exact_common_initialization,ecds_s2s_forecasts_constraints
2025,2025-09-22,ecmwf+ukmo+ncep+cma,0,42,exact_common_initialization,ecds_s2s_forecasts_constraints
2025,2025-09-25,ecmwf+ukmo+ncep+cma,1,42,exact_common_initialization,ecds_s2s_forecasts_constraints
2025,2025-09-29,ecmwf+ukmo+ncep+cma,0,42,exact_common_initialization,ecds_s2s_forecasts_constraints
2025,2025-10-02,ecmwf+ukmo+ncep+cma,1,42,exact_common_initialization,ecds_s2s_forecasts_constraints
2025,2025-10-06,ecmwf+ukmo+ncep+cma,0,42,exact_common_initialization,ecds_s2s_forecasts_constraints
2025,2025-10-09,ecmwf+ukmo+ncep+cma,1,42,exact_common_initialization,ecds_s2s_forecasts_constraints
2025,2025-10-13,ecmwf+ukmo+ncep+cma,0,42,exact_common_initialization,ecds_s2s_forecasts_constraints
2025,2025-10-16,ecmwf+ukmo+ncep+cma,1,42,exact_common_initialization,ecds_s2s_forecasts_constraints
2025,2025-10-20,ecmwf+ukmo+ncep+cma,0,42,exact_common_initialization,ecds_s2s_forecasts_constraints
2025,2025-10-23,ecmwf+ukmo+ncep+cma,1,42,exact_common_initialization,ecds_s2s_forecasts_constraints
2025,2025-10-27,ecmwf+ukmo+ncep+cma,0,42,exact_common_initialization,ecds_s2s_forecasts_constraints
2025,2025-10-30,ecmwf+ukmo+ncep+cma,1,42,exact_common_initialization,ecds_s2s_forecasts_constraints
2025,2025-11-03,ecmwf+ukmo+ncep+cma,0,42,exact_common_initialization,ecds_s2s_forecasts_constraints
2025,2025-11-06,ecmwf+ukmo+ncep+cma,1,42,exact_common_initialization,ecds_s2s_forecasts_constraints
2025,2025-11-10,ecmwf+ukmo+ncep+cma,0,42,exact_common_initialization,ecds_s2s_forecasts_constraints
2025,2025-11-13,ecmwf+ukmo+ncep+cma,1,42,exact_common_initialization,ecds_s2s_forecasts_constraints
2025,2025-11-17,ecmwf+ukmo+ncep+cma,0,42,exact_common_initialization,ecds_s2s_forecasts_constraints
2025,2025-11-20,ecmwf+ukmo+ncep+cma,1,42,exact_common_initialization,ecds_s2s_forecasts_constraints
2025,2025-11-24,ecmwf+ukmo+ncep+cma,0,42,exact_common_initialization,ecds_s2s_forecasts_constraints
2025,2025-11-27,ecmwf+ukmo+ncep+cma,1,42,exact_common_initialization,ecds_s2s_forecasts_constraints
2025,2025-12-01,ecmwf+ukmo+ncep+cma,0,42,exact_common_initialization,ecds_s2s_forecasts_constraints
2025,2025-12-04,ecmwf+ukmo+ncep+cma,1,42,exact_common_initialization,ecds_s2s_forecasts_constraints
2025,2025-12-08,ecmwf+ukmo+ncep+cma,0,42,exact_common_initialization,ecds_s2s_forecasts_constraints
2025,2025-12-11,ecmwf+ukmo+ncep+cma,1,42,exact_common_initialization,ecds_s2s_forecasts_constraints
2025,2025-12-15,ecmwf+ukmo+ncep+cma,0,42,exact_common_initialization,ecds_s2s_forecasts_constraints
2025,2025-12-18,ecmwf+ukmo+ncep+cma,1,42,exact_common_initialization,ecds_s2s_forecasts_constraints
2025,2025-12-22,ecmwf+ukmo+ncep+cma,0,42,exact_common_initialization,ecds_s2s_forecasts_constraints
2025,2025-12-25,ecmwf+ukmo+ncep+cma,1,42,exact_common_initialization,ecds_s2s_forecasts_constraints
2025,2025-12-29,ecmwf+ukmo+ncep+cma,0,42,exact_common_initialization,ecds_s2s_forecasts_constraints
