year,fuxi_init,ecmwf_init,init_offset_days,pair_mode,ecmwf_lead_start_day,ecmwf_lead_end_day,ecmwf_frequency,pair_policy,fuxi_target_source,availability_as_of,ecmwf_retrieval_status
2019,2019-06-02,2019-05-30,-3,same_valid_window,4,45,mon_thu,one_to_one_minimum_lag,archive,2026-07-13,mature
2019,2019-06-06,2019-06-03,-3,same_valid_window,4,45,mon_thu,one_to_one_minimum_lag,archive,2026-07-13,mature
2019,2019-06-09,2019-06-06,-3,same_valid_window,4,45,mon_thu,one_to_one_minimum_lag,archive,2026-07-13,mature
2019,2019-06-13,2019-06-10,-3,same_valid_window,4,45,mon_thu,one_to_one_minimum_lag,archive,2026-07-13,mature
2019,2019-06-16,2019-06-13,-3,same_valid_window,4,45,mon_thu,one_to_one_minimum_lag,archive,2026-07-13,mature
2019,2019-06-20,2019-06-17,-3,same_valid_window,4,45,mon_thu,one_to_one_minimum_lag,archive,2026-07-13,mature
2019,2019-06-23,2019-06-20,-3,same_valid_window,4,45,mon_thu,one_to_one_minimum_lag,archive,2026-07-13,mature
2019,2019-06-27,2019-06-24,-3,same_valid_window,4,45,mon_thu,one_to_one_minimum_lag,archive,2026-07-13,mature
2019,2019-06-30,2019-06-27,-3,same_valid_window,4,45,mon_thu,one_to_one_minimum_lag,archive,2026-07-13,mature
2019,2019-07-04,2019-07-01,-3,same_valid_window,4,45,mon_thu,one_to_one_minimum_lag,archive,2026-07-13,mature
2019,2019-07-07,2019-07-04,-3,same_valid_window,4,45,mon_thu,one_to_one_minimum_lag,archive,2026-07-13,mature
2019,2019-07-11,2019-07-08,-3,same_valid_window,4,45,mon_thu,one_to_one_minimum_lag,archive,2026-07-13,mature
2019,2019-07-14,2019-07-11,-3,same_valid_window,4,45,mon_thu,one_to_one_minimum_lag,archive,2026-07-13,mature
2019,2019-07-18,2019-07-15,-3,same_valid_window,4,45,mon_thu,one_to_one_minimum_lag,archive,2026-07-13,mature
2019,2019-07-21,2019-07-18,-3,same_valid_window,4,45,mon_thu,one_to_one_minimum_lag,archive,2026-07-13,mature
2019,2019-07-25,2019-07-22,-3,same_valid_window,4,45,mon_thu,one_to_one_minimum_lag,archive,2026-07-13,mature
2019,2019-07-28,2019-07-25,-3,same_valid_window,4,45,mon_thu,one_to_one_minimum_lag,archive,2026-07-13,mature
2019,2019-08-01,2019-07-29,-3,same_valid_window,4,45,mon_thu,one_to_one_minimum_lag,archive,2026-07-13,mature
2019,2019-08-04,2019-08-01,-3,same_valid_window,4,45,mon_thu,one_to_one_minimum_lag,archive,2026-07-13,mature
2019,2019-08-08,2019-08-05,-3,same_valid_window,4,45,mon_thu,one_to_one_minimum_lag,archive,2026-07-13,mature
2019,2019-08-11,2019-08-08,-3,same_valid_window,4,45,mon_thu,one_to_one_minimum_lag,archive,2026-07-13,mature
2019,2019-08-15,2019-08-12,-3,same_valid_window,4,45,mon_thu,one_to_one_minimum_lag,archive,2026-07-13,mature
2019,2019-08-18,2019-08-15,-3,same_valid_window,4,45,mon_thu,one_to_one_minimum_lag,archive,2026-07-13,mature
2019,2019-08-22,2019-08-19,-3,same_valid_window,4,45,mon_thu,one_to_one_minimum_lag,archive,2026-07-13,mature
2019,2019-08-25,2019-08-22,-3,same_valid_window,4,45,mon_thu,one_to_one_minimum_lag,archive,2026-07-13,mature
2019,2019-08-29,2019-08-26,-3,same_valid_window,4,45,mon_thu,one_to_one_minimum_lag,archive,2026-07-13,mature
2019,2019-09-01,2019-08-29,-3,same_valid_window,4,45,mon_thu,one_to_one_minimum_lag,archive,2026-07-13,mature
2019,2019-09-05,2019-09-02,-3,same_valid_window,4,45,mon_thu,one_to_one_minimum_lag,archive,2026-07-13,mature
2019,2019-09-08,2019-09-05,-3,same_valid_window,4,45,mon_thu,one_to_one_minimum_lag,archive,2026-07-13,mature
2019,2019-09-12,2019-09-09,-3,same_valid_window,4,45,mon_thu,one_to_one_minimum_lag,archive,2026-07-13,mature
2019,2019-09-15,2019-09-12,-3,same_valid_window,4,45,mon_thu,one_to_one_minimum_lag,archive,2026-07-13,mature
2019,2019-09-19,2019-09-16,-3,same_valid_window,4,45,mon_thu,one_to_one_minimum_lag,archive,2026-07-13,mature
2019,2019-09-22,2019-09-19,-3,same_valid_window,4,45,mon_thu,one_to_one_minimum_lag,archive,2026-07-13,mature
2019,2019-09-26,2019-09-23,-3,same_valid_window,4,45,mon_thu,one_to_one_minimum_lag,archive,2026-07-13,mature
2019,2019-09-29,2019-09-26,-3,same_valid_window,4,45,mon_thu,one_to_one_minimum_lag,archive,2026-07-13,mature
2020,2020-06-02,2020-06-01,-1,same_valid_window,2,43,mon_thu,one_to_one_minimum_lag,archive,2026-07-13,mature
2020,2020-06-06,2020-06-04,-2,same_valid_window,3,44,mon_thu,one_to_one_minimum_lag,archive,2026-07-13,mature
2020,2020-06-09,2020-06-08,-1,same_valid_window,2,43,mon_thu,one_to_one_minimum_lag,archive,2026-07-13,mature
2020,2020-06-13,2020-06-11,-2,same_valid_window,3,44,mon_thu,one_to_one_minimum_lag,archive,2026-07-13,mature
2020,2020-06-16,2020-06-15,-1,same_valid_window,2,43,mon_thu,one_to_one_minimum_lag,archive,2026-07-13,mature
2020,2020-06-20,2020-06-18,-2,same_valid_window,3,44,mon_thu,one_to_one_minimum_lag,archive,2026-07-13,mature
2020,2020-06-23,2020-06-22,-1,same_valid_window,2,43,mon_thu,one_to_one_minimum_lag,archive,2026-07-13,mature
2020,2020-06-27,2020-06-25,-2,same_valid_window,3,44,mon_thu,one_to_one_minimum_lag,archive,2026-07-13,mature
2020,2020-06-30,2020-06-29,-1,same_valid_window,2,43,mon_thu,one_to_one_minimum_lag,archive,2026-07-13,mature
2020,2020-07-04,2020-07-02,-2,same_valid_window,3,44,mon_thu,one_to_one_minimum_lag,archive,2026-07-13,mature
2020,2020-07-07,2020-07-06,-1,same_valid_window,2,43,mon_thu,one_to_one_minimum_lag,archive,2026-07-13,mature
2020,2020-07-11,2020-07-09,-2,same_valid_window,3,44,mon_thu,one_to_one_minimum_lag,archive,2026-07-13,mature
2020,2020-07-14,2020-07-13,-1,same_valid_window,2,43,mon_thu,one_to_one_minimum_lag,archive,2026-07-13,mature
2020,2020-07-18,2020-07-16,-2,same_valid_window,3,44,mon_thu,one_to_one_minimum_lag,archive,2026-07-13,mature
2020,2020-07-21,2020-07-20,-1,same_valid_window,2,43,mon_thu,one_to_one_minimum_lag,archive,2026-07-13,mature
2020,2020-07-25,2020-07-23,-2,same_valid_window,3,44,mon_thu,one_to_one_minimum_lag,archive,2026-07-13,mature
2020,2020-07-28,2020-07-27,-1,same_valid_window,2,43,mon_thu,one_to_one_minimum_lag,archive,2026-07-13,mature
2020,2020-08-01,2020-07-30,-2,same_valid_window,3,44,mon_thu,one_to_one_minimum_lag,archive,2026-07-13,mature
2020,2020-08-04,2020-08-03,-1,same_valid_window,2,43,mon_thu,one_to_one_minimum_lag,archive,2026-07-13,mature
2020,2020-08-08,2020-08-06,-2,same_valid_window,3,44,mon_thu,one_to_one_minimum_lag,archive,2026-07-13,mature
2020,2020-08-11,2020-08-10,-1,same_valid_window,2,43,mon_thu,one_to_one_minimum_lag,archive,2026-07-13,mature
2020,2020-08-15,2020-08-13,-2,same_valid_window,3,44,mon_thu,one_to_one_minimum_lag,archive,2026-07-13,mature
2020,2020-08-18,2020-08-17,-1,same_valid_window,2,43,mon_thu,one_to_one_minimum_lag,archive,2026-07-13,mature
2020,2020-08-22,2020-08-20,-2,same_valid_window,3,44,mon_thu,one_to_one_minimum_lag,archive,2026-07-13,mature
2020,2020-08-25,2020-08-24,-1,same_valid_window,2,43,mon_thu,one_to_one_minimum_lag,archive,2026-07-13,mature
2020,2020-08-29,2020-08-27,-2,same_valid_window,3,44,mon_thu,one_to_one_minimum_lag,archive,2026-07-13,mature
2020,2020-09-01,2020-08-31,-1,same_valid_window,2,43,mon_thu,one_to_one_minimum_lag,archive,2026-07-13,mature
2020,2020-09-05,2020-09-03,-2,same_valid_window,3,44,mon_thu,one_to_one_minimum_lag,archive,2026-07-13,mature
2020,2020-09-08,2020-09-07,-1,same_valid_window,2,43,mon_thu,one_to_one_minimum_lag,archive,2026-07-13,mature
2020,2020-09-12,2020-09-10,-2,same_valid_window,3,44,mon_thu,one_to_one_minimum_lag,archive,2026-07-13,mature
2020,2020-09-15,2020-09-14,-1,same_valid_window,2,43,mon_thu,one_to_one_minimum_lag,archive,2026-07-13,mature
2020,2020-09-19,2020-09-17,-2,same_valid_window,3,44,mon_thu,one_to_one_minimum_lag,archive,2026-07-13,mature
2020,2020-09-22,2020-09-21,-1,same_valid_window,2,43,mon_thu,one_to_one_minimum_lag,archive,2026-07-13,mature
2020,2020-09-26,2020-09-24,-2,same_valid_window,3,44,mon_thu,one_to_one_minimum_lag,archive,2026-07-13,mature
2020,2020-09-29,2020-09-28,-1,same_valid_window,2,43,mon_thu,one_to_one_minimum_lag,archive,2026-07-13,mature
2021,2021-06-02,2021-05-31,-2,same_valid_window,3,44,mon_thu,one_to_one_minimum_lag,archive,2026-07-13,mature
2021,2021-06-06,2021-06-03,-3,same_valid_window,4,45,mon_thu,one_to_one_minimum_lag,archive,2026-07-13,mature
2021,2021-06-09,2021-06-07,-2,same_valid_window,3,44,mon_thu,one_to_one_minimum_lag,archive,2026-07-13,mature
2021,2021-06-13,2021-06-10,-3,same_valid_window,4,45,mon_thu,one_to_one_minimum_lag,archive,2026-07-13,mature
2021,2021-06-16,2021-06-14,-2,same_valid_window,3,44,mon_thu,one_to_one_minimum_lag,archive,2026-07-13,mature
2021,2021-06-20,2021-06-17,-3,same_valid_window,4,45,mon_thu,one_to_one_minimum_lag,archive,2026-07-13,mature
2021,2021-06-23,2021-06-21,-2,same_valid_window,3,44,mon_thu,one_to_one_minimum_lag,archive,2026-07-13,mature
2021,2021-06-27,2021-06-24,-3,same_valid_window,4,45,mon_thu,one_to_one_minimum_lag,archive,2026-07-13,mature
2021,2021-06-30,2021-06-28,-2,same_valid_window,3,44,mon_thu,one_to_one_minimum_lag,archive,2026-07-13,mature
2021,2021-07-04,2021-07-01,-3,same_valid_window,4,45,mon_thu,one_to_one_minimum_lag,archive,2026-07-13,mature
2021,2021-07-07,2021-07-05,-2,same_valid_window,3,44,mon_thu,one_to_one_minimum_lag,archive,2026-07-13,mature
2021,2021-07-11,2021-07-08,-3,same_valid_window,4,45,mon_thu,one_to_one_minimum_lag,archive,2026-07-13,mature
2021,2021-07-14,2021-07-12,-2,same_valid_window,3,44,mon_thu,one_to_one_minimum_lag,archive,2026-07-13,mature
2021,2021-07-18,2021-07-15,-3,same_valid_window,4,45,mon_thu,one_to_one_minimum_lag,archive,2026-07-13,mature
2021,2021-07-21,2021-07-19,-2,same_valid_window,3,44,mon_thu,one_to_one_minimum_lag,archive,2026-07-13,mature
2021,2021-07-25,2021-07-22,-3,same_valid_window,4,45,mon_thu,one_to_one_minimum_lag,archive,2026-07-13,mature
2021,2021-07-28,2021-07-26,-2,same_valid_window,3,44,mon_thu,one_to_one_minimum_lag,archive,2026-07-13,mature
2021,2021-08-01,2021-07-29,-3,same_valid_window,4,45,mon_thu,one_to_one_minimum_lag,archive,2026-07-13,mature
2021,2021-08-04,2021-08-02,-2,same_valid_window,3,44,mon_thu,one_to_one_minimum_lag,archive,2026-07-13,mature
2021,2021-08-08,2021-08-05,-3,same_valid_window,4,45,mon_thu,one_to_one_minimum_lag,archive,2026-07-13,mature
2021,2021-08-11,2021-08-09,-2,same_valid_window,3,44,mon_thu,one_to_one_minimum_lag,archive,2026-07-13,mature
2021,2021-08-15,2021-08-12,-3,same_valid_window,4,45,mon_thu,one_to_one_minimum_lag,archive,2026-07-13,mature
2021,2021-08-18,2021-08-16,-2,same_valid_window,3,44,mon_thu,one_to_one_minimum_lag,archive,2026-07-13,mature
2021,2021-08-22,2021-08-19,-3,same_valid_window,4,45,mon_thu,one_to_one_minimum_lag,archive,2026-07-13,mature
2021,2021-08-25,2021-08-23,-2,same_valid_window,3,44,mon_thu,one_to_one_minimum_lag,archive,2026-07-13,mature
2021,2021-08-29,2021-08-26,-3,same_valid_window,4,45,mon_thu,one_to_one_minimum_lag,archive,2026-07-13,mature
2021,2021-09-01,2021-08-30,-2,same_valid_window,3,44,mon_thu,one_to_one_minimum_lag,archive,2026-07-13,mature
2021,2021-09-05,2021-09-02,-3,same_valid_window,4,45,mon_thu,one_to_one_minimum_lag,archive,2026-07-13,mature
2021,2021-09-08,2021-09-06,-2,same_valid_window,3,44,mon_thu,one_to_one_minimum_lag,archive,2026-07-13,mature
2021,2021-09-12,2021-09-09,-3,same_valid_window,4,45,mon_thu,one_to_one_minimum_lag,archive,2026-07-13,mature
2021,2021-09-15,2021-09-13,-2,same_valid_window,3,44,mon_thu,one_to_one_minimum_lag,archive,2026-07-13,mature
2021,2021-09-19,2021-09-16,-3,same_valid_window,4,45,mon_thu,one_to_one_minimum_lag,archive,2026-07-13,mature
2021,2021-09-22,2021-09-20,-2,same_valid_window,3,44,mon_thu,one_to_one_minimum_lag,archive,2026-07-13,mature
2021,2021-09-26,2021-09-23,-3,same_valid_window,4,45,mon_thu,one_to_one_minimum_lag,archive,2026-07-13,mature
2021,2021-09-29,2021-09-27,-2,same_valid_window,3,44,mon_thu,one_to_one_minimum_lag,archive,2026-07-13,mature
2022,2022-06-02,2022-06-02,0,exact_init,1,42,mon_thu,one_to_one_minimum_lag,model_run_required,2026-07-13,mature
2022,2022-06-06,2022-06-06,0,exact_init,1,42,mon_thu,one_to_one_minimum_lag,model_run_required,2026-07-13,mature
2022,2022-06-09,2022-06-09,0,exact_init,1,42,mon_thu,one_to_one_minimum_lag,model_run_required,2026-07-13,mature
2022,2022-06-13,2022-06-13,0,exact_init,1,42,mon_thu,one_to_one_minimum_lag,model_run_required,2026-07-13,mature
2022,2022-06-16,2022-06-16,0,exact_init,1,42,mon_thu,one_to_one_minimum_lag,model_run_required,2026-07-13,mature
2022,2022-06-20,2022-06-20,0,exact_init,1,42,mon_thu,one_to_one_minimum_lag,model_run_required,2026-07-13,mature
2022,2022-06-23,2022-06-23,0,exact_init,1,42,mon_thu,one_to_one_minimum_lag,model_run_required,2026-07-13,mature
2022,2022-06-27,2022-06-27,0,exact_init,1,42,mon_thu,one_to_one_minimum_lag,model_run_required,2026-07-13,mature
2022,2022-06-30,2022-06-30,0,exact_init,1,42,mon_thu,one_to_one_minimum_lag,model_run_required,2026-07-13,mature
2022,2022-07-04,2022-07-04,0,exact_init,1,42,mon_thu,one_to_one_minimum_lag,model_run_required,2026-07-13,mature
2022,2022-07-07,2022-07-07,0,exact_init,1,42,mon_thu,one_to_one_minimum_lag,model_run_required,2026-07-13,mature
2022,2022-07-11,2022-07-11,0,exact_init,1,42,mon_thu,one_to_one_minimum_lag,model_run_required,2026-07-13,mature
2022,2022-07-14,2022-07-14,0,exact_init,1,42,mon_thu,one_to_one_minimum_lag,model_run_required,2026-07-13,mature
2022,2022-07-18,2022-07-18,0,exact_init,1,42,mon_thu,one_to_one_minimum_lag,model_run_required,2026-07-13,mature
2022,2022-07-21,2022-07-21,0,exact_init,1,42,mon_thu,one_to_one_minimum_lag,model_run_required,2026-07-13,mature
2022,2022-07-25,2022-07-25,0,exact_init,1,42,mon_thu,one_to_one_minimum_lag,model_run_required,2026-07-13,mature
2022,2022-07-28,2022-07-28,0,exact_init,1,42,mon_thu,one_to_one_minimum_lag,model_run_required,2026-07-13,mature
2022,2022-08-01,2022-08-01,0,exact_init,1,42,mon_thu,one_to_one_minimum_lag,model_run_required,2026-07-13,mature
2022,2022-08-04,2022-08-04,0,exact_init,1,42,mon_thu,one_to_one_minimum_lag,model_run_required,2026-07-13,mature
2022,2022-08-08,2022-08-08,0,exact_init,1,42,mon_thu,one_to_one_minimum_lag,model_run_required,2026-07-13,mature
2022,2022-08-11,2022-08-11,0,exact_init,1,42,mon_thu,one_to_one_minimum_lag,model_run_required,2026-07-13,mature
2022,2022-08-15,2022-08-15,0,exact_init,1,42,mon_thu,one_to_one_minimum_lag,model_run_required,2026-07-13,mature
2022,2022-08-18,2022-08-18,0,exact_init,1,42,mon_thu,one_to_one_minimum_lag,model_run_required,2026-07-13,mature
2022,2022-08-22,2022-08-22,0,exact_init,1,42,mon_thu,one_to_one_minimum_lag,model_run_required,2026-07-13,mature
2022,2022-08-25,2022-08-25,0,exact_init,1,42,mon_thu,one_to_one_minimum_lag,model_run_required,2026-07-13,mature
2022,2022-08-29,2022-08-29,0,exact_init,1,42,mon_thu,one_to_one_minimum_lag,model_run_required,2026-07-13,mature
2022,2022-09-01,2022-09-01,0,exact_init,1,42,mon_thu,one_to_one_minimum_lag,model_run_required,2026-07-13,mature
2022,2022-09-05,2022-09-05,0,exact_init,1,42,mon_thu,one_to_one_minimum_lag,model_run_required,2026-07-13,mature
2022,2022-09-08,2022-09-08,0,exact_init,1,42,mon_thu,one_to_one_minimum_lag,model_run_required,2026-07-13,mature
2022,2022-09-12,2022-09-12,0,exact_init,1,42,mon_thu,one_to_one_minimum_lag,model_run_required,2026-07-13,mature
2022,2022-09-15,2022-09-15,0,exact_init,1,42,mon_thu,one_to_one_minimum_lag,model_run_required,2026-07-13,mature
2022,2022-09-19,2022-09-19,0,exact_init,1,42,mon_thu,one_to_one_minimum_lag,model_run_required,2026-07-13,mature
2022,2022-09-22,2022-09-22,0,exact_init,1,42,mon_thu,one_to_one_minimum_lag,model_run_required,2026-07-13,mature
2022,2022-09-26,2022-09-26,0,exact_init,1,42,mon_thu,one_to_one_minimum_lag,model_run_required,2026-07-13,mature
2022,2022-09-29,2022-09-29,0,exact_init,1,42,mon_thu,one_to_one_minimum_lag,model_run_required,2026-07-13,mature
2023,2023-06-02,2023-06-01,-1,same_valid_window,2,43,mon_thu,one_to_one_minimum_lag,model_run_required,2026-07-13,mature
2023,2023-06-06,2023-06-05,-1,same_valid_window,2,43,mon_thu,one_to_one_minimum_lag,model_run_required,2026-07-13,mature
2023,2023-06-09,2023-06-08,-1,same_valid_window,2,43,mon_thu,one_to_one_minimum_lag,model_run_required,2026-07-13,mature
2023,2023-06-13,2023-06-12,-1,same_valid_window,2,43,mon_thu,one_to_one_minimum_lag,model_run_required,2026-07-13,mature
2023,2023-06-16,2023-06-15,-1,same_valid_window,2,43,mon_thu,one_to_one_minimum_lag,model_run_required,2026-07-13,mature
2023,2023-06-20,2023-06-19,-1,same_valid_window,2,43,mon_thu,one_to_one_minimum_lag,model_run_required,2026-07-13,mature
2023,2023-06-23,2023-06-22,-1,same_valid_window,2,43,mon_thu,one_to_one_minimum_lag,model_run_required,2026-07-13,mature
2023,2023-06-27,2023-06-26,-1,same_valid_window,2,43,mon_thu,one_to_one_minimum_lag,model_run_required,2026-07-13,mature
2023,2023-06-30,2023-06-30,0,exact_init,1,42,daily,one_to_one_minimum_lag,model_run_required,2026-07-13,mature
2023,2023-07-04,2023-07-04,0,exact_init,1,42,daily,one_to_one_minimum_lag,model_run_required,2026-07-13,mature
2023,2023-07-07,2023-07-07,0,exact_init,1,42,daily,one_to_one_minimum_lag,model_run_required,2026-07-13,mature
2023,2023-07-11,2023-07-11,0,exact_init,1,42,daily,one_to_one_minimum_lag,model_run_required,2026-07-13,mature
2023,2023-07-14,2023-07-14,0,exact_init,1,42,daily,one_to_one_minimum_lag,model_run_required,2026-07-13,mature
2023,2023-07-18,2023-07-18,0,exact_init,1,42,daily,one_to_one_minimum_lag,model_run_required,2026-07-13,mature
2023,2023-07-21,2023-07-21,0,exact_init,1,42,daily,one_to_one_minimum_lag,model_run_required,2026-07-13,mature
2023,2023-07-25,2023-07-25,0,exact_init,1,42,daily,one_to_one_minimum_lag,model_run_required,2026-07-13,mature
2023,2023-07-28,2023-07-28,0,exact_init,1,42,daily,one_to_one_minimum_lag,model_run_required,2026-07-13,mature
2023,2023-08-01,2023-08-01,0,exact_init,1,42,daily,one_to_one_minimum_lag,model_run_required,2026-07-13,mature
2023,2023-08-04,2023-08-04,0,exact_init,1,42,daily,one_to_one_minimum_lag,model_run_required,2026-07-13,mature
2023,2023-08-08,2023-08-08,0,exact_init,1,42,daily,one_to_one_minimum_lag,model_run_required,2026-07-13,mature
2023,2023-08-11,2023-08-11,0,exact_init,1,42,daily,one_to_one_minimum_lag,model_run_required,2026-07-13,mature
2023,2023-08-15,2023-08-15,0,exact_init,1,42,daily,one_to_one_minimum_lag,model_run_required,2026-07-13,mature
2023,2023-08-18,2023-08-18,0,exact_init,1,42,daily,one_to_one_minimum_lag,model_run_required,2026-07-13,mature
2023,2023-08-22,2023-08-22,0,exact_init,1,42,daily,one_to_one_minimum_lag,model_run_required,2026-07-13,mature
2023,2023-08-25,2023-08-25,0,exact_init,1,42,daily,one_to_one_minimum_lag,model_run_required,2026-07-13,mature
2023,2023-08-29,2023-08-29,0,exact_init,1,42,daily,one_to_one_minimum_lag,model_run_required,2026-07-13,mature
2023,2023-09-01,2023-09-01,0,exact_init,1,42,daily,one_to_one_minimum_lag,model_run_required,2026-07-13,mature
2023,2023-09-05,2023-09-05,0,exact_init,1,42,daily,one_to_one_minimum_lag,model_run_required,2026-07-13,mature
2023,2023-09-08,2023-09-08,0,exact_init,1,42,daily,one_to_one_minimum_lag,model_run_required,2026-07-13,mature
2023,2023-09-12,2023-09-12,0,exact_init,1,42,daily,one_to_one_minimum_lag,model_run_required,2026-07-13,mature
2023,2023-09-15,2023-09-15,0,exact_init,1,42,daily,one_to_one_minimum_lag,model_run_required,2026-07-13,mature
2023,2023-09-19,2023-09-19,0,exact_init,1,42,daily,one_to_one_minimum_lag,model_run_required,2026-07-13,mature
2023,2023-09-22,2023-09-22,0,exact_init,1,42,daily,one_to_one_minimum_lag,model_run_required,2026-07-13,mature
2023,2023-09-26,2023-09-26,0,exact_init,1,42,daily,one_to_one_minimum_lag,model_run_required,2026-07-13,mature
2023,2023-09-29,2023-09-29,0,exact_init,1,42,daily,one_to_one_minimum_lag,model_run_required,2026-07-13,mature
2024,2024-06-02,2024-06-02,0,exact_init,1,42,daily,one_to_one_minimum_lag,model_run_required,2026-07-13,mature
2024,2024-06-06,2024-06-06,0,exact_init,1,42,daily,one_to_one_minimum_lag,model_run_required,2026-07-13,mature
2024,2024-06-09,2024-06-09,0,exact_init,1,42,daily,one_to_one_minimum_lag,model_run_required,2026-07-13,mature
2024,2024-06-13,2024-06-13,0,exact_init,1,42,daily,one_to_one_minimum_lag,model_run_required,2026-07-13,mature
2024,2024-06-16,2024-06-16,0,exact_init,1,42,daily,one_to_one_minimum_lag,model_run_required,2026-07-13,mature
2024,2024-06-20,2024-06-20,0,exact_init,1,42,daily,one_to_one_minimum_lag,model_run_required,2026-07-13,mature
2024,2024-06-23,2024-06-23,0,exact_init,1,42,daily,one_to_one_minimum_lag,model_run_required,2026-07-13,mature
2024,2024-06-27,2024-06-27,0,exact_init,1,42,daily,one_to_one_minimum_lag,model_run_required,2026-07-13,mature
2024,2024-06-30,2024-06-30,0,exact_init,1,42,daily,one_to_one_minimum_lag,model_run_required,2026-07-13,mature
2024,2024-07-04,2024-07-04,0,exact_init,1,42,daily,one_to_one_minimum_lag,model_run_required,2026-07-13,mature
2024,2024-07-07,2024-07-07,0,exact_init,1,42,daily,one_to_one_minimum_lag,model_run_required,2026-07-13,mature
2024,2024-07-11,2024-07-11,0,exact_init,1,42,daily,one_to_one_minimum_lag,model_run_required,2026-07-13,mature
2024,2024-07-14,2024-07-14,0,exact_init,1,42,daily,one_to_one_minimum_lag,model_run_required,2026-07-13,mature
2024,2024-07-18,2024-07-18,0,exact_init,1,42,daily,one_to_one_minimum_lag,model_run_required,2026-07-13,mature
2024,2024-07-21,2024-07-21,0,exact_init,1,42,daily,one_to_one_minimum_lag,model_run_required,2026-07-13,mature
2024,2024-07-25,2024-07-25,0,exact_init,1,42,daily,one_to_one_minimum_lag,model_run_required,2026-07-13,mature
2024,2024-07-28,2024-07-28,0,exact_init,1,42,daily,one_to_one_minimum_lag,model_run_required,2026-07-13,mature
2024,2024-08-01,2024-08-01,0,exact_init,1,42,daily,one_to_one_minimum_lag,model_run_required,2026-07-13,mature
2024,2024-08-04,2024-08-04,0,exact_init,1,42,daily,one_to_one_minimum_lag,model_run_required,2026-07-13,mature
2024,2024-08-08,2024-08-08,0,exact_init,1,42,daily,one_to_one_minimum_lag,model_run_required,2026-07-13,mature
2024,2024-08-11,2024-08-11,0,exact_init,1,42,daily,one_to_one_minimum_lag,model_run_required,2026-07-13,mature
2024,2024-08-15,2024-08-15,0,exact_init,1,42,daily,one_to_one_minimum_lag,model_run_required,2026-07-13,mature
2024,2024-08-18,2024-08-18,0,exact_init,1,42,daily,one_to_one_minimum_lag,model_run_required,2026-07-13,mature
2024,2024-08-22,2024-08-22,0,exact_init,1,42,daily,one_to_one_minimum_lag,model_run_required,2026-07-13,mature
2024,2024-08-25,2024-08-25,0,exact_init,1,42,daily,one_to_one_minimum_lag,model_run_required,2026-07-13,mature
2024,2024-08-29,2024-08-29,0,exact_init,1,42,daily,one_to_one_minimum_lag,model_run_required,2026-07-13,mature
2024,2024-09-01,2024-09-01,0,exact_init,1,42,daily,one_to_one_minimum_lag,model_run_required,2026-07-13,mature
2024,2024-09-05,2024-09-05,0,exact_init,1,42,daily,one_to_one_minimum_lag,model_run_required,2026-07-13,mature
2024,2024-09-08,2024-09-08,0,exact_init,1,42,daily,one_to_one_minimum_lag,model_run_required,2026-07-13,mature
2024,2024-09-12,2024-09-12,0,exact_init,1,42,daily,one_to_one_minimum_lag,model_run_required,2026-07-13,mature
2024,2024-09-15,2024-09-15,0,exact_init,1,42,daily,one_to_one_minimum_lag,model_run_required,2026-07-13,mature
2024,2024-09-19,2024-09-19,0,exact_init,1,42,daily,one_to_one_minimum_lag,model_run_required,2026-07-13,mature
2024,2024-09-22,2024-09-22,0,exact_init,1,42,daily,one_to_one_minimum_lag,model_run_required,2026-07-13,mature
2024,2024-09-26,2024-09-26,0,exact_init,1,42,daily,one_to_one_minimum_lag,model_run_required,2026-07-13,mature
2024,2024-09-29,2024-09-29,0,exact_init,1,42,daily,one_to_one_minimum_lag,model_run_required,2026-07-13,mature
2025,2025-06-02,2025-06-02,0,exact_init,1,42,daily,one_to_one_minimum_lag,model_run_required,2026-07-13,mature
2025,2025-06-06,2025-06-06,0,exact_init,1,42,daily,one_to_one_minimum_lag,model_run_required,2026-07-13,mature
2025,2025-06-09,2025-06-09,0,exact_init,1,42,daily,one_to_one_minimum_lag,model_run_required,2026-07-13,mature
2025,2025-06-13,2025-06-13,0,exact_init,1,42,daily,one_to_one_minimum_lag,model_run_required,2026-07-13,mature
2025,2025-06-16,2025-06-16,0,exact_init,1,42,daily,one_to_one_minimum_lag,model_run_required,2026-07-13,mature
2025,2025-06-20,2025-06-20,0,exact_init,1,42,daily,one_to_one_minimum_lag,model_run_required,2026-07-13,mature
2025,2025-06-23,2025-06-23,0,exact_init,1,42,daily,one_to_one_minimum_lag,model_run_required,2026-07-13,mature
2025,2025-06-27,2025-06-27,0,exact_init,1,42,daily,one_to_one_minimum_lag,model_run_required,2026-07-13,mature
2025,2025-06-30,2025-06-30,0,exact_init,1,42,daily,one_to_one_minimum_lag,model_run_required,2026-07-13,mature
2025,2025-07-04,2025-07-04,0,exact_init,1,42,daily,one_to_one_minimum_lag,model_run_required,2026-07-13,mature
2025,2025-07-07,2025-07-07,0,exact_init,1,42,daily,one_to_one_minimum_lag,model_run_required,2026-07-13,mature
2025,2025-07-11,2025-07-11,0,exact_init,1,42,daily,one_to_one_minimum_lag,model_run_required,2026-07-13,mature
2025,2025-07-14,2025-07-14,0,exact_init,1,42,daily,one_to_one_minimum_lag,model_run_required,2026-07-13,mature
2025,2025-07-18,2025-07-18,0,exact_init,1,42,daily,one_to_one_minimum_lag,model_run_required,2026-07-13,mature
2025,2025-07-21,2025-07-21,0,exact_init,1,42,daily,one_to_one_minimum_lag,model_run_required,2026-07-13,mature
2025,2025-07-25,2025-07-25,0,exact_init,1,42,daily,one_to_one_minimum_lag,model_run_required,2026-07-13,mature
2025,2025-07-28,2025-07-28,0,exact_init,1,42,daily,one_to_one_minimum_lag,model_run_required,2026-07-13,mature
2025,2025-08-01,2025-08-01,0,exact_init,1,42,daily,one_to_one_minimum_lag,model_run_required,2026-07-13,mature
2025,2025-08-04,2025-08-04,0,exact_init,1,42,daily,one_to_one_minimum_lag,model_run_required,2026-07-13,mature
2025,2025-08-08,2025-08-08,0,exact_init,1,42,daily,one_to_one_minimum_lag,model_run_required,2026-07-13,mature
2025,2025-08-11,2025-08-11,0,exact_init,1,42,daily,one_to_one_minimum_lag,model_run_required,2026-07-13,mature
2025,2025-08-15,2025-08-15,0,exact_init,1,42,daily,one_to_one_minimum_lag,model_run_required,2026-07-13,mature
2025,2025-08-18,2025-08-18,0,exact_init,1,42,daily,one_to_one_minimum_lag,model_run_required,2026-07-13,mature
2025,2025-08-22,2025-08-22,0,exact_init,1,42,daily,one_to_one_minimum_lag,model_run_required,2026-07-13,mature
2025,2025-08-25,2025-08-25,0,exact_init,1,42,daily,one_to_one_minimum_lag,model_run_required,2026-07-13,mature
2025,2025-08-29,2025-08-29,0,exact_init,1,42,daily,one_to_one_minimum_lag,model_run_required,2026-07-13,mature
2025,2025-09-01,2025-09-01,0,exact_init,1,42,daily,one_to_one_minimum_lag,model_run_required,2026-07-13,mature
2025,2025-09-05,2025-09-05,0,exact_init,1,42,daily,one_to_one_minimum_lag,model_run_required,2026-07-13,mature
2025,2025-09-08,2025-09-08,0,exact_init,1,42,daily,one_to_one_minimum_lag,model_run_required,2026-07-13,mature
2025,2025-09-12,2025-09-12,0,exact_init,1,42,daily,one_to_one_minimum_lag,model_run_required,2026-07-13,mature
2025,2025-09-15,2025-09-15,0,exact_init,1,42,daily,one_to_one_minimum_lag,model_run_required,2026-07-13,mature
2025,2025-09-19,2025-09-19,0,exact_init,1,42,daily,one_to_one_minimum_lag,model_run_required,2026-07-13,mature
2025,2025-09-22,2025-09-22,0,exact_init,1,42,daily,one_to_one_minimum_lag,model_run_required,2026-07-13,mature
2025,2025-09-26,2025-09-26,0,exact_init,1,42,daily,one_to_one_minimum_lag,model_run_required,2026-07-13,mature
2025,2025-09-29,2025-09-29,0,exact_init,1,42,daily,one_to_one_minimum_lag,model_run_required,2026-07-13,mature
2026,2026-06-02,2026-06-02,0,exact_init,1,42,daily,one_to_one_minimum_lag,model_run_required,2026-07-13,mature
2026,2026-06-06,2026-06-06,0,exact_init,1,42,daily,one_to_one_minimum_lag,model_run_required,2026-07-13,mature
2026,2026-06-09,2026-06-09,0,exact_init,1,42,daily,one_to_one_minimum_lag,model_run_required,2026-07-13,mature
2026,2026-06-13,2026-06-13,0,exact_init,1,42,daily,one_to_one_minimum_lag,model_run_required,2026-07-13,mature
2026,2026-06-16,2026-06-16,0,exact_init,1,42,daily,one_to_one_minimum_lag,model_run_required,2026-07-13,mature
2026,2026-06-20,2026-06-20,0,exact_init,1,42,daily,one_to_one_minimum_lag,model_run_required,2026-07-13,mature
2026,2026-06-23,2026-06-23,0,exact_init,1,42,daily,one_to_one_minimum_lag,model_run_required,2026-07-13,mature
2026,2026-06-27,2026-06-27,0,exact_init,1,42,daily,one_to_one_minimum_lag,model_run_required,2026-07-13,mature
2026,2026-06-30,2026-06-30,0,exact_init,1,42,daily,one_to_one_minimum_lag,model_run_required,2026-07-13,mature
2026,2026-07-04,2026-07-04,0,exact_init,1,42,daily,one_to_one_minimum_lag,model_run_required,2026-07-13,mature
2026,2026-07-07,2026-07-07,0,exact_init,1,42,daily,one_to_one_minimum_lag,model_run_required,2026-07-13,mature
2026,2026-07-11,2026-07-11,0,exact_init,1,42,daily,one_to_one_minimum_lag,model_run_required,2026-07-13,mature
2026,2026-07-14,2026-07-14,0,exact_init,1,42,daily,one_to_one_minimum_lag,model_run_required,2026-07-13,future_or_embargoed
2026,2026-07-18,2026-07-18,0,exact_init,1,42,daily,one_to_one_minimum_lag,model_run_required,2026-07-13,future_or_embargoed
2026,2026-07-21,2026-07-21,0,exact_init,1,42,daily,one_to_one_minimum_lag,model_run_required,2026-07-13,future_or_embargoed
2026,2026-07-25,2026-07-25,0,exact_init,1,42,daily,one_to_one_minimum_lag,model_run_required,2026-07-13,future_or_embargoed
2026,2026-07-28,2026-07-28,0,exact_init,1,42,daily,one_to_one_minimum_lag,model_run_required,2026-07-13,future_or_embargoed
2026,2026-08-01,2026-08-01,0,exact_init,1,42,daily,one_to_one_minimum_lag,model_run_required,2026-07-13,future_or_embargoed
2026,2026-08-04,2026-08-04,0,exact_init,1,42,daily,one_to_one_minimum_lag,model_run_required,2026-07-13,future_or_embargoed
2026,2026-08-08,2026-08-08,0,exact_init,1,42,daily,one_to_one_minimum_lag,model_run_required,2026-07-13,future_or_embargoed
2026,2026-08-11,2026-08-11,0,exact_init,1,42,daily,one_to_one_minimum_lag,model_run_required,2026-07-13,future_or_embargoed
2026,2026-08-15,2026-08-15,0,exact_init,1,42,daily,one_to_one_minimum_lag,model_run_required,2026-07-13,future_or_embargoed
2026,2026-08-18,2026-08-18,0,exact_init,1,42,daily,one_to_one_minimum_lag,model_run_required,2026-07-13,future_or_embargoed
2026,2026-08-22,2026-08-22,0,exact_init,1,42,daily,one_to_one_minimum_lag,model_run_required,2026-07-13,future_or_embargoed
2026,2026-08-25,2026-08-25,0,exact_init,1,42,daily,one_to_one_minimum_lag,model_run_required,2026-07-13,future_or_embargoed
2026,2026-08-29,2026-08-29,0,exact_init,1,42,daily,one_to_one_minimum_lag,model_run_required,2026-07-13,future_or_embargoed
2026,2026-09-01,2026-09-01,0,exact_init,1,42,daily,one_to_one_minimum_lag,model_run_required,2026-07-13,future_or_embargoed
2026,2026-09-05,2026-09-05,0,exact_init,1,42,daily,one_to_one_minimum_lag,model_run_required,2026-07-13,future_or_embargoed
2026,2026-09-08,2026-09-08,0,exact_init,1,42,daily,one_to_one_minimum_lag,model_run_required,2026-07-13,future_or_embargoed
2026,2026-09-12,2026-09-12,0,exact_init,1,42,daily,one_to_one_minimum_lag,model_run_required,2026-07-13,future_or_embargoed
2026,2026-09-15,2026-09-15,0,exact_init,1,42,daily,one_to_one_minimum_lag,model_run_required,2026-07-13,future_or_embargoed
2026,2026-09-19,2026-09-19,0,exact_init,1,42,daily,one_to_one_minimum_lag,model_run_required,2026-07-13,future_or_embargoed
2026,2026-09-22,2026-09-22,0,exact_init,1,42,daily,one_to_one_minimum_lag,model_run_required,2026-07-13,future_or_embargoed
2026,2026-09-26,2026-09-26,0,exact_init,1,42,daily,one_to_one_minimum_lag,model_run_required,2026-07-13,future_or_embargoed
2026,2026-09-29,2026-09-29,0,exact_init,1,42,daily,one_to_one_minimum_lag,model_run_required,2026-07-13,future_or_embargoed
