task_index,init_date,init_yyyymmdd,year,archive_path,archive_size_bytes,archive_mtime_utc
0,2002-06-02,20020602,2002,/storage/raj.ayush/archive/All_Model_Data/models/fuxi/data/20020602.7z,3187676135,2026-06-15T21:08:20+00:00
1,2002-06-06,20020606,2002,/storage/raj.ayush/archive/All_Model_Data/models/fuxi/data/20020606.7z,3188808344,2026-06-15T21:08:43+00:00
2,2002-06-09,20020609,2002,/storage/raj.ayush/archive/All_Model_Data/models/fuxi/data/20020609.7z,3188785344,2026-06-15T21:09:06+00:00
3,2002-06-13,20020613,2002,/storage/raj.ayush/archive/All_Model_Data/models/fuxi/data/20020613.7z,3187669641,2026-06-15T21:09:29+00:00
4,2002-06-16,20020616,2002,/storage/raj.ayush/archive/All_Model_Data/models/fuxi/data/20020616.7z,3186198113,2026-06-15T21:09:52+00:00
5,2002-06-20,20020620,2002,/storage/raj.ayush/archive/All_Model_Data/models/fuxi/data/20020620.7z,3185974690,2026-06-15T21:10:15+00:00
6,2002-06-23,20020623,2002,/storage/raj.ayush/archive/All_Model_Data/models/fuxi/data/20020623.7z,3184378591,2026-06-15T21:10:38+00:00
7,2002-06-27,20020627,2002,/storage/raj.ayush/archive/All_Model_Data/models/fuxi/data/20020627.7z,3183405112,2026-06-15T21:11:39+00:00
8,2002-06-30,20020630,2002,/storage/raj.ayush/archive/All_Model_Data/models/fuxi/data/20020630.7z,3182819472,2026-06-15T21:12:02+00:00
9,2002-07-04,20020704,2002,/storage/raj.ayush/archive/All_Model_Data/models/fuxi/data/20020704.7z,3185160104,2026-06-15T21:12:26+00:00
10,2002-07-07,20020707,2002,/storage/raj.ayush/archive/All_Model_Data/models/fuxi/data/20020707.7z,3181546614,2026-06-15T21:13:03+00:00
11,2002-07-11,20020711,2002,/storage/raj.ayush/archive/All_Model_Data/models/fuxi/data/20020711.7z,3179336133,2026-06-15T21:19:05+00:00
12,2002-07-14,20020714,2002,/storage/raj.ayush/archive/All_Model_Data/models/fuxi/data/20020714.7z,3178914646,2026-06-15T21:19:33+00:00
13,2002-07-18,20020718,2002,/storage/raj.ayush/archive/All_Model_Data/models/fuxi/data/20020718.7z,3177563986,2026-06-15T21:19:56+00:00
14,2002-07-21,20020721,2002,/storage/raj.ayush/archive/All_Model_Data/models/fuxi/data/20020721.7z,3178723203,2026-06-15T21:20:18+00:00
15,2002-07-25,20020725,2002,/storage/raj.ayush/archive/All_Model_Data/models/fuxi/data/20020725.7z,3182030996,2026-06-15T21:20:39+00:00
16,2002-07-28,20020728,2002,/storage/raj.ayush/archive/All_Model_Data/models/fuxi/data/20020728.7z,3180787908,2026-06-15T21:21:02+00:00
17,2002-08-01,20020801,2002,/storage/raj.ayush/archive/All_Model_Data/models/fuxi/data/20020801.7z,3182270639,2026-06-15T21:21:26+00:00
18,2002-08-04,20020804,2002,/storage/raj.ayush/archive/All_Model_Data/models/fuxi/data/20020804.7z,3180452823,2026-06-15T21:21:49+00:00
19,2002-08-08,20020808,2002,/storage/raj.ayush/archive/All_Model_Data/models/fuxi/data/20020808.7z,3179797896,2026-06-15T21:22:58+00:00
20,2002-08-11,20020811,2002,/storage/raj.ayush/archive/All_Model_Data/models/fuxi/data/20020811.7z,3178465612,2026-06-15T21:23:21+00:00
21,2002-08-15,20020815,2002,/storage/raj.ayush/archive/All_Model_Data/models/fuxi/data/20020815.7z,3174500658,2026-06-15T21:23:43+00:00
22,2002-08-18,20020818,2002,/storage/raj.ayush/archive/All_Model_Data/models/fuxi/data/20020818.7z,3174501265,2026-06-15T21:24:07+00:00
23,2002-08-22,20020822,2002,/storage/raj.ayush/archive/All_Model_Data/models/fuxi/data/20020822.7z,3171910428,2026-06-15T21:24:30+00:00
24,2002-08-25,20020825,2002,/storage/raj.ayush/archive/All_Model_Data/models/fuxi/data/20020825.7z,3171722115,2026-06-15T21:24:51+00:00
25,2002-08-29,20020829,2002,/storage/raj.ayush/archive/All_Model_Data/models/fuxi/data/20020829.7z,3169993017,2026-06-15T21:25:14+00:00
26,2002-09-01,20020901,2002,/storage/raj.ayush/archive/All_Model_Data/models/fuxi/data/20020901.7z,3168160415,2026-06-15T21:25:56+00:00
27,2002-09-05,20020905,2002,/storage/raj.ayush/archive/All_Model_Data/models/fuxi/data/20020905.7z,3168597559,2026-06-15T21:26:32+00:00
28,2002-09-08,20020908,2002,/storage/raj.ayush/archive/All_Model_Data/models/fuxi/data/20020908.7z,3164935947,2026-06-15T21:27:00+00:00
29,2002-09-12,20020912,2002,/storage/raj.ayush/archive/All_Model_Data/models/fuxi/data/20020912.7z,3169001699,2026-06-15T21:27:27+00:00
30,2002-09-15,20020915,2002,/storage/raj.ayush/archive/All_Model_Data/models/fuxi/data/20020915.7z,3166483633,2026-06-15T21:27:49+00:00
31,2002-09-19,20020919,2002,/storage/raj.ayush/archive/All_Model_Data/models/fuxi/data/20020919.7z,3163240952,2026-06-15T21:28:29+00:00
32,2002-09-22,20020922,2002,/storage/raj.ayush/archive/All_Model_Data/models/fuxi/data/20020922.7z,3162877216,2026-06-15T21:29:41+00:00
33,2002-09-26,20020926,2002,/storage/raj.ayush/archive/All_Model_Data/models/fuxi/data/20020926.7z,3160997025,2026-06-15T21:30:03+00:00
34,2002-09-29,20020929,2002,/storage/raj.ayush/archive/All_Model_Data/models/fuxi/data/20020929.7z,3161231606,2026-06-15T21:30:26+00:00
35,2003-06-02,20030602,2003,/storage/raj.ayush/archive/All_Model_Data/models/fuxi/data/20030602.7z,3186125971,2026-06-15T22:06:40+00:00
36,2003-06-06,20030606,2003,/storage/raj.ayush/archive/All_Model_Data/models/fuxi/data/20030606.7z,3188579127,2026-06-15T22:07:05+00:00
37,2003-06-09,20030609,2003,/storage/raj.ayush/archive/All_Model_Data/models/fuxi/data/20030609.7z,3185724670,2026-06-15T22:07:36+00:00
38,2003-06-13,20030613,2003,/storage/raj.ayush/archive/All_Model_Data/models/fuxi/data/20030613.7z,3187988715,2026-06-15T22:08:00+00:00
39,2003-06-16,20030616,2003,/storage/raj.ayush/archive/All_Model_Data/models/fuxi/data/20030616.7z,3185281787,2026-06-15T22:08:24+00:00
40,2003-06-20,20030620,2003,/storage/raj.ayush/archive/All_Model_Data/models/fuxi/data/20030620.7z,3184978326,2026-06-15T22:08:47+00:00
41,2003-06-23,20030623,2003,/storage/raj.ayush/archive/All_Model_Data/models/fuxi/data/20030623.7z,3183138491,2026-06-15T22:09:12+00:00
42,2003-06-27,20030627,2003,/storage/raj.ayush/archive/All_Model_Data/models/fuxi/data/20030627.7z,3183211957,2026-06-15T22:09:40+00:00
43,2003-06-30,20030630,2003,/storage/raj.ayush/archive/All_Model_Data/models/fuxi/data/20030630.7z,3180387197,2026-06-15T22:15:52+00:00
44,2003-07-04,20030704,2003,/storage/raj.ayush/archive/All_Model_Data/models/fuxi/data/20030704.7z,3180110628,2026-06-15T22:16:16+00:00
45,2003-07-07,20030707,2003,/storage/raj.ayush/archive/All_Model_Data/models/fuxi/data/20030707.7z,3176617988,2026-06-15T22:16:45+00:00
46,2003-07-11,20030711,2003,/storage/raj.ayush/archive/All_Model_Data/models/fuxi/data/20030711.7z,3172747937,2026-06-15T22:17:09+00:00
47,2003-07-14,20030714,2003,/storage/raj.ayush/archive/All_Model_Data/models/fuxi/data/20030714.7z,3175044956,2026-06-15T22:17:33+00:00
48,2003-07-18,20030718,2003,/storage/raj.ayush/archive/All_Model_Data/models/fuxi/data/20030718.7z,3171859803,2026-06-15T22:17:55+00:00
49,2003-07-21,20030721,2003,/storage/raj.ayush/archive/All_Model_Data/models/fuxi/data/20030721.7z,3171668554,2026-06-15T22:18:19+00:00
50,2003-07-25,20030725,2003,/storage/raj.ayush/archive/All_Model_Data/models/fuxi/data/20030725.7z,3170859171,2026-06-15T22:18:42+00:00
51,2003-07-28,20030728,2003,/storage/raj.ayush/archive/All_Model_Data/models/fuxi/data/20030728.7z,3171146105,2026-06-15T22:19:06+00:00
52,2003-08-01,20030801,2003,/storage/raj.ayush/archive/All_Model_Data/models/fuxi/data/20030801.7z,3172497365,2026-06-15T22:19:27+00:00
53,2003-08-04,20030804,2003,/storage/raj.ayush/archive/All_Model_Data/models/fuxi/data/20030804.7z,3174452781,2026-06-15T22:19:50+00:00
54,2003-08-08,20030808,2003,/storage/raj.ayush/archive/All_Model_Data/models/fuxi/data/20030808.7z,3174957734,2026-06-15T22:20:12+00:00
55,2003-08-11,20030811,2003,/storage/raj.ayush/archive/All_Model_Data/models/fuxi/data/20030811.7z,3172093038,2026-06-15T22:21:13+00:00
56,2003-08-15,20030815,2003,/storage/raj.ayush/archive/All_Model_Data/models/fuxi/data/20030815.7z,3174452923,2026-06-15T22:21:36+00:00
57,2003-08-18,20030818,2003,/storage/raj.ayush/archive/All_Model_Data/models/fuxi/data/20030818.7z,3172025466,2026-06-15T22:21:58+00:00
58,2003-08-22,20030822,2003,/storage/raj.ayush/archive/All_Model_Data/models/fuxi/data/20030822.7z,3169172882,2026-06-15T22:22:21+00:00
59,2003-08-25,20030825,2003,/storage/raj.ayush/archive/All_Model_Data/models/fuxi/data/20030825.7z,3166291928,2026-06-15T22:22:44+00:00
60,2003-08-29,20030829,2003,/storage/raj.ayush/archive/All_Model_Data/models/fuxi/data/20030829.7z,3165182881,2026-06-15T22:23:06+00:00
61,2003-09-01,20030901,2003,/storage/raj.ayush/archive/All_Model_Data/models/fuxi/data/20030901.7z,3162365761,2026-06-15T22:23:29+00:00
62,2003-09-05,20030905,2003,/storage/raj.ayush/archive/All_Model_Data/models/fuxi/data/20030905.7z,3161774383,2026-06-15T22:23:52+00:00
63,2003-09-08,20030908,2003,/storage/raj.ayush/archive/All_Model_Data/models/fuxi/data/20030908.7z,3159949543,2026-06-15T22:25:17+00:00
64,2003-09-12,20030912,2003,/storage/raj.ayush/archive/All_Model_Data/models/fuxi/data/20030912.7z,3161773449,2026-06-15T22:25:41+00:00
65,2003-09-15,20030915,2003,/storage/raj.ayush/archive/All_Model_Data/models/fuxi/data/20030915.7z,3159540895,2026-06-15T22:26:03+00:00
66,2003-09-19,20030919,2003,/storage/raj.ayush/archive/All_Model_Data/models/fuxi/data/20030919.7z,3161410303,2026-06-15T22:26:26+00:00
67,2003-09-22,20030922,2003,/storage/raj.ayush/archive/All_Model_Data/models/fuxi/data/20030922.7z,3161336724,2026-06-15T22:26:49+00:00
68,2003-09-26,20030926,2003,/storage/raj.ayush/archive/All_Model_Data/models/fuxi/data/20030926.7z,3161106197,2026-06-15T22:27:11+00:00
69,2003-09-29,20030929,2003,/storage/raj.ayush/archive/All_Model_Data/models/fuxi/data/20030929.7z,3160418074,2026-06-15T22:27:35+00:00
70,2004-06-02,20040602,2004,/storage/raj.ayush/archive/All_Model_Data/models/fuxi/data/20040602.7z,3185344881,2026-06-15T22:55:55+00:00
71,2004-06-06,20040606,2004,/storage/raj.ayush/archive/All_Model_Data/models/fuxi/data/20040606.7z,3185547707,2026-06-15T22:56:18+00:00
72,2004-06-09,20040609,2004,/storage/raj.ayush/archive/All_Model_Data/models/fuxi/data/20040609.7z,3185795658,2026-06-15T22:56:40+00:00
73,2004-06-13,20040613,2004,/storage/raj.ayush/archive/All_Model_Data/models/fuxi/data/20040613.7z,3186216847,2026-06-15T22:57:02+00:00
74,2004-06-16,20040616,2004,/storage/raj.ayush/archive/All_Model_Data/models/fuxi/data/20040616.7z,3185837492,2026-06-15T22:57:24+00:00
75,2004-06-20,20040620,2004,/storage/raj.ayush/archive/All_Model_Data/models/fuxi/data/20040620.7z,3180908104,2026-06-15T22:57:46+00:00
76,2004-06-23,20040623,2004,/storage/raj.ayush/archive/All_Model_Data/models/fuxi/data/20040623.7z,3180912362,2026-06-15T22:58:20+00:00
77,2004-06-27,20040627,2004,/storage/raj.ayush/archive/All_Model_Data/models/fuxi/data/20040627.7z,3180868074,2026-06-15T22:58:40+00:00
78,2004-06-30,20040630,2004,/storage/raj.ayush/archive/All_Model_Data/models/fuxi/data/20040630.7z,3180908015,2026-06-15T22:59:03+00:00
79,2004-07-04,20040704,2004,/storage/raj.ayush/archive/All_Model_Data/models/fuxi/data/20040704.7z,3180540723,2026-06-15T22:59:23+00:00
80,2004-07-07,20040707,2004,/storage/raj.ayush/archive/All_Model_Data/models/fuxi/data/20040707.7z,3179329837,2026-06-15T22:59:45+00:00
81,2004-07-11,20040711,2004,/storage/raj.ayush/archive/All_Model_Data/models/fuxi/data/20040711.7z,3177137755,2026-06-15T23:00:07+00:00
82,2004-07-14,20040714,2004,/storage/raj.ayush/archive/All_Model_Data/models/fuxi/data/20040714.7z,3176342817,2026-06-15T23:00:30+00:00
83,2004-07-18,20040718,2004,/storage/raj.ayush/archive/All_Model_Data/models/fuxi/data/20040718.7z,3175198985,2026-06-15T23:00:55+00:00
84,2004-07-21,20040721,2004,/storage/raj.ayush/archive/All_Model_Data/models/fuxi/data/20040721.7z,3176823409,2026-06-15T23:01:17+00:00
85,2004-07-25,20040725,2004,/storage/raj.ayush/archive/All_Model_Data/models/fuxi/data/20040725.7z,3175205116,2026-06-15T23:01:39+00:00
86,2004-07-28,20040728,2004,/storage/raj.ayush/archive/All_Model_Data/models/fuxi/data/20040728.7z,3175948230,2026-06-15T23:02:02+00:00
87,2004-08-01,20040801,2004,/storage/raj.ayush/archive/All_Model_Data/models/fuxi/data/20040801.7z,3174471476,2026-06-15T23:02:40+00:00
88,2004-08-04,20040804,2004,/storage/raj.ayush/archive/All_Model_Data/models/fuxi/data/20040804.7z,3176747401,2026-06-15T23:03:03+00:00
89,2004-08-08,20040808,2004,/storage/raj.ayush/archive/All_Model_Data/models/fuxi/data/20040808.7z,3172728319,2026-06-15T23:03:26+00:00
90,2004-08-11,20040811,2004,/storage/raj.ayush/archive/All_Model_Data/models/fuxi/data/20040811.7z,3174048480,2026-06-15T23:03:49+00:00
91,2004-08-15,20040815,2004,/storage/raj.ayush/archive/All_Model_Data/models/fuxi/data/20040815.7z,3171934666,2026-06-15T23:04:21+00:00
92,2004-08-18,20040818,2004,/storage/raj.ayush/archive/All_Model_Data/models/fuxi/data/20040818.7z,3168888777,2026-06-15T23:04:43+00:00
93,2004-08-22,20040822,2004,/storage/raj.ayush/archive/All_Model_Data/models/fuxi/data/20040822.7z,3169016378,2026-06-15T23:05:05+00:00
94,2004-08-25,20040825,2004,/storage/raj.ayush/archive/All_Model_Data/models/fuxi/data/20040825.7z,3166064407,2026-06-15T23:05:42+00:00
95,2004-08-29,20040829,2004,/storage/raj.ayush/archive/All_Model_Data/models/fuxi/data/20040829.7z,3163737972,2026-06-15T23:06:05+00:00
96,2004-09-01,20040901,2004,/storage/raj.ayush/archive/All_Model_Data/models/fuxi/data/20040901.7z,3161953682,2026-06-15T23:06:28+00:00
97,2004-09-05,20040905,2004,/storage/raj.ayush/archive/All_Model_Data/models/fuxi/data/20040905.7z,3157369425,2026-06-15T23:06:51+00:00
98,2004-09-08,20040908,2004,/storage/raj.ayush/archive/All_Model_Data/models/fuxi/data/20040908.7z,3158279034,2026-06-15T23:07:13+00:00
99,2004-09-12,20040912,2004,/storage/raj.ayush/archive/All_Model_Data/models/fuxi/data/20040912.7z,3156767973,2026-06-15T23:07:35+00:00
100,2004-09-15,20040915,2004,/storage/raj.ayush/archive/All_Model_Data/models/fuxi/data/20040915.7z,3158584741,2026-06-15T23:07:57+00:00
101,2004-09-19,20040919,2004,/storage/raj.ayush/archive/All_Model_Data/models/fuxi/data/20040919.7z,3155602742,2026-06-15T23:08:20+00:00
102,2004-09-22,20040922,2004,/storage/raj.ayush/archive/All_Model_Data/models/fuxi/data/20040922.7z,3155420731,2026-06-15T23:08:42+00:00
103,2004-09-26,20040926,2004,/storage/raj.ayush/archive/All_Model_Data/models/fuxi/data/20040926.7z,3154547477,2026-06-15T23:09:06+00:00
104,2004-09-29,20040929,2004,/storage/raj.ayush/archive/All_Model_Data/models/fuxi/data/20040929.7z,3152514533,2026-06-15T23:09:28+00:00
105,2005-06-02,20050602,2005,/storage/raj.ayush/archive/All_Model_Data/models/fuxi/data/20050602.7z,3192001049,2026-06-15T23:43:52+00:00
106,2005-06-06,20050606,2005,/storage/raj.ayush/archive/All_Model_Data/models/fuxi/data/20050606.7z,3189966978,2026-06-15T23:44:13+00:00
107,2005-06-09,20050609,2005,/storage/raj.ayush/archive/All_Model_Data/models/fuxi/data/20050609.7z,3189054165,2026-06-15T23:44:37+00:00
108,2005-06-13,20050613,2005,/storage/raj.ayush/archive/All_Model_Data/models/fuxi/data/20050613.7z,3189519623,2026-06-15T23:44:59+00:00
109,2005-06-16,20050616,2005,/storage/raj.ayush/archive/All_Model_Data/models/fuxi/data/20050616.7z,3186152717,2026-06-15T23:45:20+00:00
110,2005-06-20,20050620,2005,/storage/raj.ayush/archive/All_Model_Data/models/fuxi/data/20050620.7z,3185491762,2026-06-15T23:45:42+00:00
111,2005-06-23,20050623,2005,/storage/raj.ayush/archive/All_Model_Data/models/fuxi/data/20050623.7z,3181868721,2026-06-15T23:46:03+00:00
112,2005-06-27,20050627,2005,/storage/raj.ayush/archive/All_Model_Data/models/fuxi/data/20050627.7z,3180067398,2026-06-15T23:46:25+00:00
113,2005-06-30,20050630,2005,/storage/raj.ayush/archive/All_Model_Data/models/fuxi/data/20050630.7z,3178040646,2026-06-15T23:46:47+00:00
114,2005-07-04,20050704,2005,/storage/raj.ayush/archive/All_Model_Data/models/fuxi/data/20050704.7z,3176281572,2026-06-15T23:58:01+00:00
115,2005-07-07,20050707,2005,/storage/raj.ayush/archive/All_Model_Data/models/fuxi/data/20050707.7z,3175686843,2026-06-15T23:58:46+00:00
116,2005-07-11,20050711,2005,/storage/raj.ayush/archive/All_Model_Data/models/fuxi/data/20050711.7z,3176570116,2026-06-15T23:59:08+00:00
117,2005-07-14,20050714,2005,/storage/raj.ayush/archive/All_Model_Data/models/fuxi/data/20050714.7z,3176527888,2026-06-15T23:59:30+00:00
118,2005-07-18,20050718,2005,/storage/raj.ayush/archive/All_Model_Data/models/fuxi/data/20050718.7z,3178421433,2026-06-15T23:59:52+00:00
119,2005-07-21,20050721,2005,/storage/raj.ayush/archive/All_Model_Data/models/fuxi/data/20050721.7z,3176825816,2026-06-16T00:00:16+00:00
120,2005-07-25,20050725,2005,/storage/raj.ayush/archive/All_Model_Data/models/fuxi/data/20050725.7z,3176638039,2026-06-16T00:00:38+00:00
121,2005-07-28,20050728,2005,/storage/raj.ayush/archive/All_Model_Data/models/fuxi/data/20050728.7z,3174892851,2026-06-16T00:01:02+00:00
122,2005-08-01,20050801,2005,/storage/raj.ayush/archive/All_Model_Data/models/fuxi/data/20050801.7z,3171103331,2026-06-16T00:01:25+00:00
123,2005-08-04,20050804,2005,/storage/raj.ayush/archive/All_Model_Data/models/fuxi/data/20050804.7z,3172253765,2026-06-16T00:01:47+00:00
124,2005-08-08,20050808,2005,/storage/raj.ayush/archive/All_Model_Data/models/fuxi/data/20050808.7z,3172626174,2026-06-16T00:03:58+00:00
125,2005-08-11,20050811,2005,/storage/raj.ayush/archive/All_Model_Data/models/fuxi/data/20050811.7z,3171323736,2026-06-16T00:04:25+00:00
126,2005-08-15,20050815,2005,/storage/raj.ayush/archive/All_Model_Data/models/fuxi/data/20050815.7z,3172919681,2026-06-16T00:04:47+00:00
127,2005-08-18,20050818,2005,/storage/raj.ayush/archive/All_Model_Data/models/fuxi/data/20050818.7z,3171511019,2026-06-16T00:05:10+00:00
128,2005-08-22,20050822,2005,/storage/raj.ayush/archive/All_Model_Data/models/fuxi/data/20050822.7z,3169707073,2026-06-16T00:05:36+00:00
129,2005-08-25,20050825,2005,/storage/raj.ayush/archive/All_Model_Data/models/fuxi/data/20050825.7z,3172920720,2026-06-16T00:05:59+00:00
130,2005-08-29,20050829,2005,/storage/raj.ayush/archive/All_Model_Data/models/fuxi/data/20050829.7z,3170694942,2026-06-16T00:06:21+00:00
131,2005-09-01,20050901,2005,/storage/raj.ayush/archive/All_Model_Data/models/fuxi/data/20050901.7z,3169310728,2026-06-16T00:06:43+00:00
132,2005-09-05,20050905,2005,/storage/raj.ayush/archive/All_Model_Data/models/fuxi/data/20050905.7z,3163118429,2026-06-16T00:07:05+00:00
133,2005-09-08,20050908,2005,/storage/raj.ayush/archive/All_Model_Data/models/fuxi/data/20050908.7z,3162218868,2026-06-16T00:07:38+00:00
134,2005-09-12,20050912,2005,/storage/raj.ayush/archive/All_Model_Data/models/fuxi/data/20050912.7z,3159892703,2026-06-16T00:08:31+00:00
135,2005-09-15,20050915,2005,/storage/raj.ayush/archive/All_Model_Data/models/fuxi/data/20050915.7z,3158566560,2026-06-16T00:08:54+00:00
136,2005-09-19,20050919,2005,/storage/raj.ayush/archive/All_Model_Data/models/fuxi/data/20050919.7z,3155412682,2026-06-16T00:09:38+00:00
137,2005-09-22,20050922,2005,/storage/raj.ayush/archive/All_Model_Data/models/fuxi/data/20050922.7z,3154418427,2026-06-16T00:10:01+00:00
138,2005-09-26,20050926,2005,/storage/raj.ayush/archive/All_Model_Data/models/fuxi/data/20050926.7z,3153079174,2026-06-16T00:10:31+00:00
139,2005-09-29,20050929,2005,/storage/raj.ayush/archive/All_Model_Data/models/fuxi/data/20050929.7z,3155140501,2026-06-16T00:11:28+00:00
140,2006-06-02,20060602,2006,/storage/raj.ayush/archive/All_Model_Data/models/fuxi/data/20060602.7z,3185376557,2026-06-16T00:50:57+00:00
141,2006-06-06,20060606,2006,/storage/raj.ayush/archive/All_Model_Data/models/fuxi/data/20060606.7z,3184564609,2026-06-16T00:51:19+00:00
142,2006-06-09,20060609,2006,/storage/raj.ayush/archive/All_Model_Data/models/fuxi/data/20060609.7z,3184668698,2026-06-16T00:51:41+00:00
143,2006-06-13,20060613,2006,/storage/raj.ayush/archive/All_Model_Data/models/fuxi/data/20060613.7z,3183165730,2026-06-16T00:52:04+00:00
144,2006-06-16,20060616,2006,/storage/raj.ayush/archive/All_Model_Data/models/fuxi/data/20060616.7z,3180747235,2026-06-16T00:52:27+00:00
145,2006-06-20,20060620,2006,/storage/raj.ayush/archive/All_Model_Data/models/fuxi/data/20060620.7z,3183708933,2026-06-16T00:52:49+00:00
146,2006-06-23,20060623,2006,/storage/raj.ayush/archive/All_Model_Data/models/fuxi/data/20060623.7z,3183018538,2026-06-16T00:53:14+00:00
147,2006-06-27,20060627,2006,/storage/raj.ayush/archive/All_Model_Data/models/fuxi/data/20060627.7z,3181234809,2026-06-16T00:53:36+00:00
148,2006-06-30,20060630,2006,/storage/raj.ayush/archive/All_Model_Data/models/fuxi/data/20060630.7z,3179952975,2026-06-16T00:53:58+00:00
149,2006-07-04,20060704,2006,/storage/raj.ayush/archive/All_Model_Data/models/fuxi/data/20060704.7z,3176283365,2026-06-16T00:54:23+00:00
150,2006-07-07,20060707,2006,/storage/raj.ayush/archive/All_Model_Data/models/fuxi/data/20060707.7z,3174790513,2026-06-16T00:55:02+00:00
151,2006-07-11,20060711,2006,/storage/raj.ayush/archive/All_Model_Data/models/fuxi/data/20060711.7z,3175485532,2026-06-16T00:55:25+00:00
152,2006-07-14,20060714,2006,/storage/raj.ayush/archive/All_Model_Data/models/fuxi/data/20060714.7z,3175193923,2026-06-16T00:55:47+00:00
153,2006-07-18,20060718,2006,/storage/raj.ayush/archive/All_Model_Data/models/fuxi/data/20060718.7z,3177956654,2026-06-16T00:56:24+00:00
154,2006-07-21,20060721,2006,/storage/raj.ayush/archive/All_Model_Data/models/fuxi/data/20060721.7z,3179912494,2026-06-16T00:56:47+00:00
155,2006-07-25,20060725,2006,/storage/raj.ayush/archive/All_Model_Data/models/fuxi/data/20060725.7z,3176537001,2026-06-16T00:57:17+00:00
156,2006-07-28,20060728,2006,/storage/raj.ayush/archive/All_Model_Data/models/fuxi/data/20060728.7z,3175540500,2026-06-16T00:57:40+00:00
157,2006-08-01,20060801,2006,/storage/raj.ayush/archive/All_Model_Data/models/fuxi/data/20060801.7z,3176422796,2026-06-16T00:58:08+00:00
158,2006-08-04,20060804,2006,/storage/raj.ayush/archive/All_Model_Data/models/fuxi/data/20060804.7z,3175205689,2026-06-16T00:58:31+00:00
159,2006-08-08,20060808,2006,/storage/raj.ayush/archive/All_Model_Data/models/fuxi/data/20060808.7z,3168990286,2026-06-16T00:58:54+00:00
160,2006-08-11,20060811,2006,/storage/raj.ayush/archive/All_Model_Data/models/fuxi/data/20060811.7z,3167148489,2026-06-16T00:59:17+00:00
161,2006-08-15,20060815,2006,/storage/raj.ayush/archive/All_Model_Data/models/fuxi/data/20060815.7z,3166094810,2026-06-16T00:59:39+00:00
162,2006-08-18,20060818,2006,/storage/raj.ayush/archive/All_Model_Data/models/fuxi/data/20060818.7z,3165005438,2026-06-16T01:00:02+00:00
163,2006-08-22,20060822,2006,/storage/raj.ayush/archive/All_Model_Data/models/fuxi/data/20060822.7z,3162738887,2026-06-16T01:00:24+00:00
164,2006-08-25,20060825,2006,/storage/raj.ayush/archive/All_Model_Data/models/fuxi/data/20060825.7z,3161141319,2026-06-16T01:00:48+00:00
165,2006-08-29,20060829,2006,/storage/raj.ayush/archive/All_Model_Data/models/fuxi/data/20060829.7z,3161928040,2026-06-16T01:01:12+00:00
166,2006-09-01,20060901,2006,/storage/raj.ayush/archive/All_Model_Data/models/fuxi/data/20060901.7z,3159901797,2026-06-16T01:01:35+00:00
167,2006-09-05,20060905,2006,/storage/raj.ayush/archive/All_Model_Data/models/fuxi/data/20060905.7z,3159574039,2026-06-16T01:01:58+00:00
168,2006-09-08,20060908,2006,/storage/raj.ayush/archive/All_Model_Data/models/fuxi/data/20060908.7z,3162654599,2026-06-16T01:02:21+00:00
169,2006-09-12,20060912,2006,/storage/raj.ayush/archive/All_Model_Data/models/fuxi/data/20060912.7z,3163421681,2026-06-16T01:02:43+00:00
170,2006-09-15,20060915,2006,/storage/raj.ayush/archive/All_Model_Data/models/fuxi/data/20060915.7z,3164295191,2026-06-16T01:03:12+00:00
171,2006-09-19,20060919,2006,/storage/raj.ayush/archive/All_Model_Data/models/fuxi/data/20060919.7z,3159116188,2026-06-16T01:03:36+00:00
172,2006-09-22,20060922,2006,/storage/raj.ayush/archive/All_Model_Data/models/fuxi/data/20060922.7z,3155293901,2026-06-16T01:03:58+00:00
173,2006-09-26,20060926,2006,/storage/raj.ayush/archive/All_Model_Data/models/fuxi/data/20060926.7z,3149530816,2026-06-16T01:04:22+00:00
174,2006-09-29,20060929,2006,/storage/raj.ayush/archive/All_Model_Data/models/fuxi/data/20060929.7z,3146981627,2026-06-16T01:05:22+00:00
175,2007-06-02,20070602,2007,/storage/raj.ayush/archive/All_Model_Data/models/fuxi/data/20070602.7z,3193074989,2026-06-16T01:51:21+00:00
176,2007-06-06,20070606,2007,/storage/raj.ayush/archive/All_Model_Data/models/fuxi/data/20070606.7z,3193605124,2026-06-16T01:51:45+00:00
177,2007-06-09,20070609,2007,/storage/raj.ayush/archive/All_Model_Data/models/fuxi/data/20070609.7z,3192514239,2026-06-16T01:52:07+00:00
178,2007-06-13,20070613,2007,/storage/raj.ayush/archive/All_Model_Data/models/fuxi/data/20070613.7z,3192269766,2026-06-16T01:52:30+00:00
179,2007-06-16,20070616,2007,/storage/raj.ayush/archive/All_Model_Data/models/fuxi/data/20070616.7z,3194325603,2026-06-16T01:52:59+00:00
180,2007-06-20,20070620,2007,/storage/raj.ayush/archive/All_Model_Data/models/fuxi/data/20070620.7z,3193981624,2026-06-16T01:53:22+00:00
181,2007-06-23,20070623,2007,/storage/raj.ayush/archive/All_Model_Data/models/fuxi/data/20070623.7z,3193158761,2026-06-16T01:53:44+00:00
182,2007-06-27,20070627,2007,/storage/raj.ayush/archive/All_Model_Data/models/fuxi/data/20070627.7z,3191398086,2026-06-16T01:54:08+00:00
183,2007-06-30,20070630,2007,/storage/raj.ayush/archive/All_Model_Data/models/fuxi/data/20070630.7z,3187028061,2026-06-16T01:54:31+00:00
184,2007-07-04,20070704,2007,/storage/raj.ayush/archive/All_Model_Data/models/fuxi/data/20070704.7z,3184081378,2026-06-16T01:54:53+00:00
185,2007-07-07,20070707,2007,/storage/raj.ayush/archive/All_Model_Data/models/fuxi/data/20070707.7z,3182590665,2026-06-16T01:55:17+00:00
186,2007-07-11,20070711,2007,/storage/raj.ayush/archive/All_Model_Data/models/fuxi/data/20070711.7z,3182481405,2026-06-16T01:55:38+00:00
187,2007-07-14,20070714,2007,/storage/raj.ayush/archive/All_Model_Data/models/fuxi/data/20070714.7z,3181631280,2026-06-16T01:56:00+00:00
188,2007-07-18,20070718,2007,/storage/raj.ayush/archive/All_Model_Data/models/fuxi/data/20070718.7z,3180458050,2026-06-16T01:56:39+00:00
189,2007-07-21,20070721,2007,/storage/raj.ayush/archive/All_Model_Data/models/fuxi/data/20070721.7z,3179034073,2026-06-16T01:57:01+00:00
190,2007-07-25,20070725,2007,/storage/raj.ayush/archive/All_Model_Data/models/fuxi/data/20070725.7z,3178302350,2026-06-16T01:57:26+00:00
191,2007-07-28,20070728,2007,/storage/raj.ayush/archive/All_Model_Data/models/fuxi/data/20070728.7z,3175473712,2026-06-16T01:57:49+00:00
192,2007-08-01,20070801,2007,/storage/raj.ayush/archive/All_Model_Data/models/fuxi/data/20070801.7z,3173286047,2026-06-16T01:58:29+00:00
193,2007-08-04,20070804,2007,/storage/raj.ayush/archive/All_Model_Data/models/fuxi/data/20070804.7z,3171243551,2026-06-16T01:58:51+00:00
194,2007-08-08,20070808,2007,/storage/raj.ayush/archive/All_Model_Data/models/fuxi/data/20070808.7z,3170859613,2026-06-16T01:59:15+00:00
195,2007-08-11,20070811,2007,/storage/raj.ayush/archive/All_Model_Data/models/fuxi/data/20070811.7z,3170428674,2026-06-16T01:59:37+00:00
196,2007-08-15,20070815,2007,/storage/raj.ayush/archive/All_Model_Data/models/fuxi/data/20070815.7z,3168343635,2026-06-16T01:59:59+00:00
197,2007-08-18,20070818,2007,/storage/raj.ayush/archive/All_Model_Data/models/fuxi/data/20070818.7z,3166510430,2026-06-16T02:00:21+00:00
198,2007-08-22,20070822,2007,/storage/raj.ayush/archive/All_Model_Data/models/fuxi/data/20070822.7z,3164194564,2026-06-16T02:00:43+00:00
199,2007-08-25,20070825,2007,/storage/raj.ayush/archive/All_Model_Data/models/fuxi/data/20070825.7z,3163529213,2026-06-16T02:01:05+00:00
200,2007-08-29,20070829,2007,/storage/raj.ayush/archive/All_Model_Data/models/fuxi/data/20070829.7z,3166267339,2026-06-16T02:01:52+00:00
201,2007-09-01,20070901,2007,/storage/raj.ayush/archive/All_Model_Data/models/fuxi/data/20070901.7z,3164797532,2026-06-16T02:02:41+00:00
202,2007-09-05,20070905,2007,/storage/raj.ayush/archive/All_Model_Data/models/fuxi/data/20070905.7z,3165501135,2026-06-16T02:03:03+00:00
203,2007-09-08,20070908,2007,/storage/raj.ayush/archive/All_Model_Data/models/fuxi/data/20070908.7z,3164017866,2026-06-16T02:03:39+00:00
204,2007-09-12,20070912,2007,/storage/raj.ayush/archive/All_Model_Data/models/fuxi/data/20070912.7z,3161261027,2026-06-16T02:04:03+00:00
205,2007-09-15,20070915,2007,/storage/raj.ayush/archive/All_Model_Data/models/fuxi/data/20070915.7z,3162358811,2026-06-16T02:04:26+00:00
206,2007-09-19,20070919,2007,/storage/raj.ayush/archive/All_Model_Data/models/fuxi/data/20070919.7z,3159354265,2026-06-16T02:04:48+00:00
207,2007-09-22,20070922,2007,/storage/raj.ayush/archive/All_Model_Data/models/fuxi/data/20070922.7z,3158070653,2026-06-16T02:05:11+00:00
208,2007-09-26,20070926,2007,/storage/raj.ayush/archive/All_Model_Data/models/fuxi/data/20070926.7z,3157035262,2026-06-16T02:05:34+00:00
209,2007-09-29,20070929,2007,/storage/raj.ayush/archive/All_Model_Data/models/fuxi/data/20070929.7z,3154360677,2026-06-16T02:05:58+00:00
210,2008-06-02,20080602,2008,/storage/raj.ayush/archive/All_Model_Data/models/fuxi/data/20080602.7z,3184150480,2026-06-16T02:38:39+00:00
211,2008-06-06,20080606,2008,/storage/raj.ayush/archive/All_Model_Data/models/fuxi/data/20080606.7z,3185120168,2026-06-16T02:39:03+00:00
212,2008-06-09,20080609,2008,/storage/raj.ayush/archive/All_Model_Data/models/fuxi/data/20080609.7z,3183009327,2026-06-16T02:39:25+00:00
213,2008-06-13,20080613,2008,/storage/raj.ayush/archive/All_Model_Data/models/fuxi/data/20080613.7z,3183544627,2026-06-16T02:39:46+00:00
214,2008-06-16,20080616,2008,/storage/raj.ayush/archive/All_Model_Data/models/fuxi/data/20080616.7z,3184104625,2026-06-16T02:40:08+00:00
215,2008-06-20,20080620,2008,/storage/raj.ayush/archive/All_Model_Data/models/fuxi/data/20080620.7z,3182865740,2026-06-16T02:41:05+00:00
216,2008-06-23,20080623,2008,/storage/raj.ayush/archive/All_Model_Data/models/fuxi/data/20080623.7z,3183188332,2026-06-16T02:41:28+00:00
217,2008-06-27,20080627,2008,/storage/raj.ayush/archive/All_Model_Data/models/fuxi/data/20080627.7z,3180887059,2026-06-16T02:41:52+00:00
218,2008-06-30,20080630,2008,/storage/raj.ayush/archive/All_Model_Data/models/fuxi/data/20080630.7z,3180013417,2026-06-16T02:42:13+00:00
219,2008-07-04,20080704,2008,/storage/raj.ayush/archive/All_Model_Data/models/fuxi/data/20080704.7z,3181103616,2026-06-16T02:42:41+00:00
220,2008-07-07,20080707,2008,/storage/raj.ayush/archive/All_Model_Data/models/fuxi/data/20080707.7z,3179339872,2026-06-16T02:43:04+00:00
221,2008-07-11,20080711,2008,/storage/raj.ayush/archive/All_Model_Data/models/fuxi/data/20080711.7z,3178812063,2026-06-16T02:43:29+00:00
222,2008-07-14,20080714,2008,/storage/raj.ayush/archive/All_Model_Data/models/fuxi/data/20080714.7z,3179172792,2026-06-16T02:43:53+00:00
223,2008-07-18,20080718,2008,/storage/raj.ayush/archive/All_Model_Data/models/fuxi/data/20080718.7z,3176600087,2026-06-16T02:44:16+00:00
224,2008-07-21,20080721,2008,/storage/raj.ayush/archive/All_Model_Data/models/fuxi/data/20080721.7z,3175246536,2026-06-16T02:44:40+00:00
225,2008-07-25,20080725,2008,/storage/raj.ayush/archive/All_Model_Data/models/fuxi/data/20080725.7z,3173495339,2026-06-16T02:45:02+00:00
226,2008-07-28,20080728,2008,/storage/raj.ayush/archive/All_Model_Data/models/fuxi/data/20080728.7z,3173454645,2026-06-16T02:46:50+00:00
227,2008-08-01,20080801,2008,/storage/raj.ayush/archive/All_Model_Data/models/fuxi/data/20080801.7z,3171398839,2026-06-16T02:47:54+00:00
228,2008-08-04,20080804,2008,/storage/raj.ayush/archive/All_Model_Data/models/fuxi/data/20080804.7z,3172551494,2026-06-16T02:48:18+00:00
229,2008-08-08,20080808,2008,/storage/raj.ayush/archive/All_Model_Data/models/fuxi/data/20080808.7z,3172659813,2026-06-16T02:48:41+00:00
230,2008-08-11,20080811,2008,/storage/raj.ayush/archive/All_Model_Data/models/fuxi/data/20080811.7z,3172295163,2026-06-16T02:49:03+00:00
231,2008-08-15,20080815,2008,/storage/raj.ayush/archive/All_Model_Data/models/fuxi/data/20080815.7z,3170219449,2026-06-16T02:49:26+00:00
232,2008-08-18,20080818,2008,/storage/raj.ayush/archive/All_Model_Data/models/fuxi/data/20080818.7z,3169711021,2026-06-16T02:49:48+00:00
233,2008-08-22,20080822,2008,/storage/raj.ayush/archive/All_Model_Data/models/fuxi/data/20080822.7z,3170906334,2026-06-16T02:50:11+00:00
234,2008-08-25,20080825,2008,/storage/raj.ayush/archive/All_Model_Data/models/fuxi/data/20080825.7z,3171127385,2026-06-16T02:50:33+00:00
235,2008-08-29,20080829,2008,/storage/raj.ayush/archive/All_Model_Data/models/fuxi/data/20080829.7z,3171163073,2026-06-16T02:50:57+00:00
236,2008-09-01,20080901,2008,/storage/raj.ayush/archive/All_Model_Data/models/fuxi/data/20080901.7z,3164997881,2026-06-16T02:51:19+00:00
237,2008-09-05,20080905,2008,/storage/raj.ayush/archive/All_Model_Data/models/fuxi/data/20080905.7z,3162365881,2026-06-16T02:51:41+00:00
238,2008-09-08,20080908,2008,/storage/raj.ayush/archive/All_Model_Data/models/fuxi/data/20080908.7z,3160900554,2026-06-16T02:52:04+00:00
239,2008-09-12,20080912,2008,/storage/raj.ayush/archive/All_Model_Data/models/fuxi/data/20080912.7z,3158952131,2026-06-16T02:52:27+00:00
240,2008-09-15,20080915,2008,/storage/raj.ayush/archive/All_Model_Data/models/fuxi/data/20080915.7z,3156585012,2026-06-16T02:52:49+00:00
241,2008-09-19,20080919,2008,/storage/raj.ayush/archive/All_Model_Data/models/fuxi/data/20080919.7z,3153594302,2026-06-16T02:53:13+00:00
242,2008-09-22,20080922,2008,/storage/raj.ayush/archive/All_Model_Data/models/fuxi/data/20080922.7z,3150698728,2026-06-16T02:53:36+00:00
243,2008-09-26,20080926,2008,/storage/raj.ayush/archive/All_Model_Data/models/fuxi/data/20080926.7z,3147048802,2026-06-16T02:53:59+00:00
244,2008-09-29,20080929,2008,/storage/raj.ayush/archive/All_Model_Data/models/fuxi/data/20080929.7z,3146977124,2026-06-16T02:54:21+00:00
245,2009-06-02,20090602,2009,/storage/raj.ayush/archive/All_Model_Data/models/fuxi/data/20090602.7z,3186209808,2026-06-16T03:30:35+00:00
246,2009-06-06,20090606,2009,/storage/raj.ayush/archive/All_Model_Data/models/fuxi/data/20090606.7z,3186993436,2026-06-16T03:31:01+00:00
247,2009-06-09,20090609,2009,/storage/raj.ayush/archive/All_Model_Data/models/fuxi/data/20090609.7z,3188146267,2026-06-16T03:31:25+00:00
248,2009-06-13,20090613,2009,/storage/raj.ayush/archive/All_Model_Data/models/fuxi/data/20090613.7z,3186548990,2026-06-16T03:31:49+00:00
249,2009-06-16,20090616,2009,/storage/raj.ayush/archive/All_Model_Data/models/fuxi/data/20090616.7z,3188387693,2026-06-16T03:32:13+00:00
250,2009-06-20,20090620,2009,/storage/raj.ayush/archive/All_Model_Data/models/fuxi/data/20090620.7z,3187284868,2026-06-16T03:32:37+00:00
251,2009-06-23,20090623,2009,/storage/raj.ayush/archive/All_Model_Data/models/fuxi/data/20090623.7z,3188848279,2026-06-16T03:33:23+00:00
252,2009-06-27,20090627,2009,/storage/raj.ayush/archive/All_Model_Data/models/fuxi/data/20090627.7z,3185862676,2026-06-16T03:33:46+00:00
253,2009-06-30,20090630,2009,/storage/raj.ayush/archive/All_Model_Data/models/fuxi/data/20090630.7z,3185767917,2026-06-16T03:34:09+00:00
254,2009-07-04,20090704,2009,/storage/raj.ayush/archive/All_Model_Data/models/fuxi/data/20090704.7z,3182663725,2026-06-16T03:34:32+00:00
255,2009-07-07,20090707,2009,/storage/raj.ayush/archive/All_Model_Data/models/fuxi/data/20090707.7z,3180793631,2026-06-16T03:34:55+00:00
256,2009-07-11,20090711,2009,/storage/raj.ayush/archive/All_Model_Data/models/fuxi/data/20090711.7z,3181513930,2026-06-16T03:35:28+00:00
257,2009-07-14,20090714,2009,/storage/raj.ayush/archive/All_Model_Data/models/fuxi/data/20090714.7z,3182422230,2026-06-16T03:36:06+00:00
258,2009-07-18,20090718,2009,/storage/raj.ayush/archive/All_Model_Data/models/fuxi/data/20090718.7z,3181029606,2026-06-16T03:36:29+00:00
259,2009-07-21,20090721,2009,/storage/raj.ayush/archive/All_Model_Data/models/fuxi/data/20090721.7z,3180055006,2026-06-16T03:36:52+00:00
260,2009-07-25,20090725,2009,/storage/raj.ayush/archive/All_Model_Data/models/fuxi/data/20090725.7z,3177307755,2026-06-16T03:37:16+00:00
261,2009-07-28,20090728,2009,/storage/raj.ayush/archive/All_Model_Data/models/fuxi/data/20090728.7z,3176073885,2026-06-16T03:37:42+00:00
262,2009-08-01,20090801,2009,/storage/raj.ayush/archive/All_Model_Data/models/fuxi/data/20090801.7z,3173016908,2026-06-16T03:38:04+00:00
263,2009-08-04,20090804,2009,/storage/raj.ayush/archive/All_Model_Data/models/fuxi/data/20090804.7z,3173460240,2026-06-16T03:38:29+00:00
264,2009-08-08,20090808,2009,/storage/raj.ayush/archive/All_Model_Data/models/fuxi/data/20090808.7z,3171331083,2026-06-16T03:39:28+00:00
265,2009-08-11,20090811,2009,/storage/raj.ayush/archive/All_Model_Data/models/fuxi/data/20090811.7z,3172439025,2026-06-16T03:40:10+00:00
266,2009-08-15,20090815,2009,/storage/raj.ayush/archive/All_Model_Data/models/fuxi/data/20090815.7z,3171867183,2026-06-16T03:40:34+00:00
267,2009-08-18,20090818,2009,/storage/raj.ayush/archive/All_Model_Data/models/fuxi/data/20090818.7z,3170148555,2026-06-16T03:40:57+00:00
268,2009-08-22,20090822,2009,/storage/raj.ayush/archive/All_Model_Data/models/fuxi/data/20090822.7z,3170373092,2026-06-16T03:41:20+00:00
269,2009-08-25,20090825,2009,/storage/raj.ayush/archive/All_Model_Data/models/fuxi/data/20090825.7z,3169665676,2026-06-16T03:41:49+00:00
270,2009-08-29,20090829,2009,/storage/raj.ayush/archive/All_Model_Data/models/fuxi/data/20090829.7z,3166528199,2026-06-16T03:42:12+00:00
271,2009-09-01,20090901,2009,/storage/raj.ayush/archive/All_Model_Data/models/fuxi/data/20090901.7z,3164259327,2026-06-16T03:42:43+00:00
272,2009-09-05,20090905,2009,/storage/raj.ayush/archive/All_Model_Data/models/fuxi/data/20090905.7z,3161068900,2026-06-16T03:43:07+00:00
273,2009-09-08,20090908,2009,/storage/raj.ayush/archive/All_Model_Data/models/fuxi/data/20090908.7z,3159402315,2026-06-16T03:43:28+00:00
274,2009-09-12,20090912,2009,/storage/raj.ayush/archive/All_Model_Data/models/fuxi/data/20090912.7z,3156801827,2026-06-16T03:43:50+00:00
275,2009-09-15,20090915,2009,/storage/raj.ayush/archive/All_Model_Data/models/fuxi/data/20090915.7z,3158623529,2026-06-16T03:44:13+00:00
276,2009-09-19,20090919,2009,/storage/raj.ayush/archive/All_Model_Data/models/fuxi/data/20090919.7z,3156784547,2026-06-16T03:44:50+00:00
277,2009-09-22,20090922,2009,/storage/raj.ayush/archive/All_Model_Data/models/fuxi/data/20090922.7z,3158720160,2026-06-16T03:45:13+00:00
278,2009-09-26,20090926,2009,/storage/raj.ayush/archive/All_Model_Data/models/fuxi/data/20090926.7z,3157987385,2026-06-16T03:45:37+00:00
279,2009-09-29,20090929,2009,/storage/raj.ayush/archive/All_Model_Data/models/fuxi/data/20090929.7z,3157317139,2026-06-16T03:46:01+00:00
280,2010-06-02,20100602,2010,/storage/raj.ayush/archive/All_Model_Data/models/fuxi/data/20100602.7z,3181075111,2026-06-16T04:18:50+00:00
281,2010-06-06,20100606,2010,/storage/raj.ayush/archive/All_Model_Data/models/fuxi/data/20100606.7z,3182032820,2026-06-16T04:19:12+00:00
282,2010-06-09,20100609,2010,/storage/raj.ayush/archive/All_Model_Data/models/fuxi/data/20100609.7z,3181942437,2026-06-16T04:19:35+00:00
283,2010-06-13,20100613,2010,/storage/raj.ayush/archive/All_Model_Data/models/fuxi/data/20100613.7z,3183116387,2026-06-16T04:19:58+00:00
284,2010-06-16,20100616,2010,/storage/raj.ayush/archive/All_Model_Data/models/fuxi/data/20100616.7z,3182472133,2026-06-16T04:20:21+00:00
285,2010-06-20,20100620,2010,/storage/raj.ayush/archive/All_Model_Data/models/fuxi/data/20100620.7z,3181469855,2026-06-16T04:20:45+00:00
286,2010-06-23,20100623,2010,/storage/raj.ayush/archive/All_Model_Data/models/fuxi/data/20100623.7z,3179584987,2026-06-16T04:21:11+00:00
287,2010-06-27,20100627,2010,/storage/raj.ayush/archive/All_Model_Data/models/fuxi/data/20100627.7z,3181667175,2026-06-16T04:23:06+00:00
288,2010-06-30,20100630,2010,/storage/raj.ayush/archive/All_Model_Data/models/fuxi/data/20100630.7z,3177173375,2026-06-16T04:23:31+00:00
289,2010-07-04,20100704,2010,/storage/raj.ayush/archive/All_Model_Data/models/fuxi/data/20100704.7z,3178310467,2026-06-16T04:24:14+00:00
290,2010-07-07,20100707,2010,/storage/raj.ayush/archive/All_Model_Data/models/fuxi/data/20100707.7z,3176473195,2026-06-16T04:24:37+00:00
291,2010-07-11,20100711,2010,/storage/raj.ayush/archive/All_Model_Data/models/fuxi/data/20100711.7z,3172807290,2026-06-16T04:25:01+00:00
292,2010-07-14,20100714,2010,/storage/raj.ayush/archive/All_Model_Data/models/fuxi/data/20100714.7z,3171457307,2026-06-16T04:25:30+00:00
293,2010-07-18,20100718,2010,/storage/raj.ayush/archive/All_Model_Data/models/fuxi/data/20100718.7z,3171764533,2026-06-16T04:25:54+00:00
294,2010-07-21,20100721,2010,/storage/raj.ayush/archive/All_Model_Data/models/fuxi/data/20100721.7z,3170680246,2026-06-16T04:26:38+00:00
295,2010-07-25,20100725,2010,/storage/raj.ayush/archive/All_Model_Data/models/fuxi/data/20100725.7z,3171342754,2026-06-16T04:27:02+00:00
296,2010-07-28,20100728,2010,/storage/raj.ayush/archive/All_Model_Data/models/fuxi/data/20100728.7z,3171831495,2026-06-16T04:27:46+00:00
297,2010-08-01,20100801,2010,/storage/raj.ayush/archive/All_Model_Data/models/fuxi/data/20100801.7z,3170170055,2026-06-16T04:28:09+00:00
298,2010-08-04,20100804,2010,/storage/raj.ayush/archive/All_Model_Data/models/fuxi/data/20100804.7z,3172728988,2026-06-16T04:30:53+00:00
299,2010-08-08,20100808,2010,/storage/raj.ayush/archive/All_Model_Data/models/fuxi/data/20100808.7z,3174232813,2026-06-16T04:31:35+00:00
300,2010-08-11,20100811,2010,/storage/raj.ayush/archive/All_Model_Data/models/fuxi/data/20100811.7z,3177002091,2026-06-16T04:32:09+00:00
301,2010-08-15,20100815,2010,/storage/raj.ayush/archive/All_Model_Data/models/fuxi/data/20100815.7z,3173824984,2026-06-16T04:32:31+00:00
302,2010-08-18,20100818,2010,/storage/raj.ayush/archive/All_Model_Data/models/fuxi/data/20100818.7z,3171727546,2026-06-16T04:33:16+00:00
303,2010-08-22,20100822,2010,/storage/raj.ayush/archive/All_Model_Data/models/fuxi/data/20100822.7z,3167614811,2026-06-16T04:33:41+00:00
304,2010-08-25,20100825,2010,/storage/raj.ayush/archive/All_Model_Data/models/fuxi/data/20100825.7z,3167320203,2026-06-16T04:34:04+00:00
305,2010-08-29,20100829,2010,/storage/raj.ayush/archive/All_Model_Data/models/fuxi/data/20100829.7z,3167009969,2026-06-16T04:35:07+00:00
306,2010-09-01,20100901,2010,/storage/raj.ayush/archive/All_Model_Data/models/fuxi/data/20100901.7z,3168072989,2026-06-16T04:35:31+00:00
307,2010-09-05,20100905,2010,/storage/raj.ayush/archive/All_Model_Data/models/fuxi/data/20100905.7z,3164906373,2026-06-16T04:35:55+00:00
308,2010-09-08,20100908,2010,/storage/raj.ayush/archive/All_Model_Data/models/fuxi/data/20100908.7z,3162464108,2026-06-16T04:36:58+00:00
309,2010-09-12,20100912,2010,/storage/raj.ayush/archive/All_Model_Data/models/fuxi/data/20100912.7z,3161155163,2026-06-16T04:37:22+00:00
310,2010-09-15,20100915,2010,/storage/raj.ayush/archive/All_Model_Data/models/fuxi/data/20100915.7z,3159036137,2026-06-16T04:37:49+00:00
311,2010-09-19,20100919,2010,/storage/raj.ayush/archive/All_Model_Data/models/fuxi/data/20100919.7z,3156822788,2026-06-16T04:38:13+00:00
312,2010-09-22,20100922,2010,/storage/raj.ayush/archive/All_Model_Data/models/fuxi/data/20100922.7z,3160288818,2026-06-16T04:38:35+00:00
313,2010-09-26,20100926,2010,/storage/raj.ayush/archive/All_Model_Data/models/fuxi/data/20100926.7z,3158625997,2026-06-16T04:39:01+00:00
314,2010-09-29,20100929,2010,/storage/raj.ayush/archive/All_Model_Data/models/fuxi/data/20100929.7z,3157263702,2026-06-16T04:39:23+00:00
315,2011-06-02,20110602,2011,/storage/raj.ayush/archive/All_Model_Data/models/fuxi/data/20110602.7z,3189897099,2026-06-16T05:11:10+00:00
316,2011-06-06,20110606,2011,/storage/raj.ayush/archive/All_Model_Data/models/fuxi/data/20110606.7z,3189044069,2026-06-16T05:11:34+00:00
317,2011-06-09,20110609,2011,/storage/raj.ayush/archive/All_Model_Data/models/fuxi/data/20110609.7z,3187385261,2026-06-16T05:12:12+00:00
318,2011-06-13,20110613,2011,/storage/raj.ayush/archive/All_Model_Data/models/fuxi/data/20110613.7z,3188493566,2026-06-16T05:12:35+00:00
319,2011-06-16,20110616,2011,/storage/raj.ayush/archive/All_Model_Data/models/fuxi/data/20110616.7z,3190269424,2026-06-16T05:12:59+00:00
320,2011-06-20,20110620,2011,/storage/raj.ayush/archive/All_Model_Data/models/fuxi/data/20110620.7z,3187752581,2026-06-16T05:13:24+00:00
321,2011-06-23,20110623,2011,/storage/raj.ayush/archive/All_Model_Data/models/fuxi/data/20110623.7z,3189080159,2026-06-16T05:13:57+00:00
322,2011-06-27,20110627,2011,/storage/raj.ayush/archive/All_Model_Data/models/fuxi/data/20110627.7z,3187923944,2026-06-16T05:14:25+00:00
323,2011-06-30,20110630,2011,/storage/raj.ayush/archive/All_Model_Data/models/fuxi/data/20110630.7z,3189029601,2026-06-16T05:14:48+00:00
324,2011-07-04,20110704,2011,/storage/raj.ayush/archive/All_Model_Data/models/fuxi/data/20110704.7z,3186936433,2026-06-16T05:15:12+00:00
325,2011-07-07,20110707,2011,/storage/raj.ayush/archive/All_Model_Data/models/fuxi/data/20110707.7z,3184816062,2026-06-16T05:15:36+00:00
326,2011-07-11,20110711,2011,/storage/raj.ayush/archive/All_Model_Data/models/fuxi/data/20110711.7z,3186317345,2026-06-16T05:16:00+00:00
327,2011-07-14,20110714,2011,/storage/raj.ayush/archive/All_Model_Data/models/fuxi/data/20110714.7z,3184166286,2026-06-16T05:16:42+00:00
328,2011-07-18,20110718,2011,/storage/raj.ayush/archive/All_Model_Data/models/fuxi/data/20110718.7z,3183662776,2026-06-16T05:17:14+00:00
329,2011-07-21,20110721,2011,/storage/raj.ayush/archive/All_Model_Data/models/fuxi/data/20110721.7z,3179426960,2026-06-16T05:17:37+00:00
330,2011-07-25,20110725,2011,/storage/raj.ayush/archive/All_Model_Data/models/fuxi/data/20110725.7z,3181158867,2026-06-16T05:18:01+00:00
331,2011-07-28,20110728,2011,/storage/raj.ayush/archive/All_Model_Data/models/fuxi/data/20110728.7z,3178515904,2026-06-16T05:18:25+00:00
332,2011-08-01,20110801,2011,/storage/raj.ayush/archive/All_Model_Data/models/fuxi/data/20110801.7z,3178435855,2026-06-16T05:18:51+00:00
333,2011-08-04,20110804,2011,/storage/raj.ayush/archive/All_Model_Data/models/fuxi/data/20110804.7z,3174800465,2026-06-16T05:19:13+00:00
334,2011-08-08,20110808,2011,/storage/raj.ayush/archive/All_Model_Data/models/fuxi/data/20110808.7z,3175435934,2026-06-16T05:19:37+00:00
335,2011-08-11,20110811,2011,/storage/raj.ayush/archive/All_Model_Data/models/fuxi/data/20110811.7z,3172993790,2026-06-16T05:20:03+00:00
336,2011-08-15,20110815,2011,/storage/raj.ayush/archive/All_Model_Data/models/fuxi/data/20110815.7z,3169684400,2026-06-16T05:20:26+00:00
337,2011-08-18,20110818,2011,/storage/raj.ayush/archive/All_Model_Data/models/fuxi/data/20110818.7z,3168108510,2026-06-16T05:20:51+00:00
338,2011-08-22,20110822,2011,/storage/raj.ayush/archive/All_Model_Data/models/fuxi/data/20110822.7z,3167514556,2026-06-16T05:21:15+00:00
339,2011-08-25,20110825,2011,/storage/raj.ayush/archive/All_Model_Data/models/fuxi/data/20110825.7z,3166915680,2026-06-16T05:21:39+00:00
340,2011-08-29,20110829,2011,/storage/raj.ayush/archive/All_Model_Data/models/fuxi/data/20110829.7z,3167323476,2026-06-16T05:22:04+00:00
341,2011-09-01,20110901,2011,/storage/raj.ayush/archive/All_Model_Data/models/fuxi/data/20110901.7z,3165797622,2026-06-16T05:23:13+00:00
342,2011-09-05,20110905,2011,/storage/raj.ayush/archive/All_Model_Data/models/fuxi/data/20110905.7z,3162578068,2026-06-16T05:23:40+00:00
343,2011-09-08,20110908,2011,/storage/raj.ayush/archive/All_Model_Data/models/fuxi/data/20110908.7z,3163651818,2026-06-16T05:24:03+00:00
344,2011-09-12,20110912,2011,/storage/raj.ayush/archive/All_Model_Data/models/fuxi/data/20110912.7z,3164485577,2026-06-16T05:24:29+00:00
345,2011-09-15,20110915,2011,/storage/raj.ayush/archive/All_Model_Data/models/fuxi/data/20110915.7z,3162902071,2026-06-16T05:25:03+00:00
346,2011-09-19,20110919,2011,/storage/raj.ayush/archive/All_Model_Data/models/fuxi/data/20110919.7z,3162235918,2026-06-16T05:25:26+00:00
347,2011-09-22,20110922,2011,/storage/raj.ayush/archive/All_Model_Data/models/fuxi/data/20110922.7z,3161849556,2026-06-16T05:25:49+00:00
348,2011-09-26,20110926,2011,/storage/raj.ayush/archive/All_Model_Data/models/fuxi/data/20110926.7z,3158378133,2026-06-16T05:26:11+00:00
349,2011-09-29,20110929,2011,/storage/raj.ayush/archive/All_Model_Data/models/fuxi/data/20110929.7z,3156348340,2026-06-16T05:26:34+00:00
350,2012-06-02,20120602,2012,/storage/raj.ayush/archive/All_Model_Data/models/fuxi/data/20120602.7z,3193283982,2026-06-16T05:56:43+00:00
351,2012-06-06,20120606,2012,/storage/raj.ayush/archive/All_Model_Data/models/fuxi/data/20120606.7z,3191666789,2026-06-16T05:57:05+00:00
352,2012-06-09,20120609,2012,/storage/raj.ayush/archive/All_Model_Data/models/fuxi/data/20120609.7z,3186944998,2026-06-16T05:57:27+00:00
353,2012-06-13,20120613,2012,/storage/raj.ayush/archive/All_Model_Data/models/fuxi/data/20120613.7z,3185840155,2026-06-16T05:57:50+00:00
354,2012-06-16,20120616,2012,/storage/raj.ayush/archive/All_Model_Data/models/fuxi/data/20120616.7z,3182614959,2026-06-16T05:58:13+00:00
355,2012-06-20,20120620,2012,/storage/raj.ayush/archive/All_Model_Data/models/fuxi/data/20120620.7z,3182911288,2026-06-16T05:58:35+00:00
356,2012-06-23,20120623,2012,/storage/raj.ayush/archive/All_Model_Data/models/fuxi/data/20120623.7z,3185423492,2026-06-16T05:59:51+00:00
357,2012-06-27,20120627,2012,/storage/raj.ayush/archive/All_Model_Data/models/fuxi/data/20120627.7z,3185151135,2026-06-16T06:00:15+00:00
358,2012-06-30,20120630,2012,/storage/raj.ayush/archive/All_Model_Data/models/fuxi/data/20120630.7z,3183294245,2026-06-16T06:00:39+00:00
359,2012-07-04,20120704,2012,/storage/raj.ayush/archive/All_Model_Data/models/fuxi/data/20120704.7z,3180720974,2026-06-16T06:01:04+00:00
360,2012-07-07,20120707,2012,/storage/raj.ayush/archive/All_Model_Data/models/fuxi/data/20120707.7z,3179774573,2026-06-16T06:01:35+00:00
361,2012-07-11,20120711,2012,/storage/raj.ayush/archive/All_Model_Data/models/fuxi/data/20120711.7z,3180128094,2026-06-16T06:01:59+00:00
362,2012-07-14,20120714,2012,/storage/raj.ayush/archive/All_Model_Data/models/fuxi/data/20120714.7z,3176588303,2026-06-16T06:02:23+00:00
363,2012-07-18,20120718,2012,/storage/raj.ayush/archive/All_Model_Data/models/fuxi/data/20120718.7z,3178789380,2026-06-16T06:03:24+00:00
364,2012-07-21,20120721,2012,/storage/raj.ayush/archive/All_Model_Data/models/fuxi/data/20120721.7z,3178404698,2026-06-16T06:04:01+00:00
365,2012-07-25,20120725,2012,/storage/raj.ayush/archive/All_Model_Data/models/fuxi/data/20120725.7z,3177934878,2026-06-16T06:04:45+00:00
366,2012-07-28,20120728,2012,/storage/raj.ayush/archive/All_Model_Data/models/fuxi/data/20120728.7z,3177042949,2026-06-16T06:05:08+00:00
367,2012-08-01,20120801,2012,/storage/raj.ayush/archive/All_Model_Data/models/fuxi/data/20120801.7z,3174956254,2026-06-16T06:05:31+00:00
368,2012-08-04,20120804,2012,/storage/raj.ayush/archive/All_Model_Data/models/fuxi/data/20120804.7z,3173683907,2026-06-16T06:06:08+00:00
369,2012-08-08,20120808,2012,/storage/raj.ayush/archive/All_Model_Data/models/fuxi/data/20120808.7z,3173212438,2026-06-16T06:06:31+00:00
370,2012-08-11,20120811,2012,/storage/raj.ayush/archive/All_Model_Data/models/fuxi/data/20120811.7z,3173554732,2026-06-16T06:06:54+00:00
371,2012-08-15,20120815,2012,/storage/raj.ayush/archive/All_Model_Data/models/fuxi/data/20120815.7z,3170562281,2026-06-16T06:07:18+00:00
372,2012-08-18,20120818,2012,/storage/raj.ayush/archive/All_Model_Data/models/fuxi/data/20120818.7z,3171160954,2026-06-16T06:07:43+00:00
373,2012-08-22,20120822,2012,/storage/raj.ayush/archive/All_Model_Data/models/fuxi/data/20120822.7z,3168728005,2026-06-16T06:08:06+00:00
374,2012-08-25,20120825,2012,/storage/raj.ayush/archive/All_Model_Data/models/fuxi/data/20120825.7z,3165379495,2026-06-16T06:08:40+00:00
375,2012-08-29,20120829,2012,/storage/raj.ayush/archive/All_Model_Data/models/fuxi/data/20120829.7z,3166714674,2026-06-16T06:09:31+00:00
376,2012-09-01,20120901,2012,/storage/raj.ayush/archive/All_Model_Data/models/fuxi/data/20120901.7z,3166372567,2026-06-16T06:09:55+00:00
377,2012-09-05,20120905,2012,/storage/raj.ayush/archive/All_Model_Data/models/fuxi/data/20120905.7z,3168098073,2026-06-16T06:10:19+00:00
378,2012-09-08,20120908,2012,/storage/raj.ayush/archive/All_Model_Data/models/fuxi/data/20120908.7z,3166454001,2026-06-16T06:10:42+00:00
379,2012-09-12,20120912,2012,/storage/raj.ayush/archive/All_Model_Data/models/fuxi/data/20120912.7z,3167289484,2026-06-16T06:11:06+00:00
380,2012-09-15,20120915,2012,/storage/raj.ayush/archive/All_Model_Data/models/fuxi/data/20120915.7z,3165640696,2026-06-16T06:11:30+00:00
381,2012-09-19,20120919,2012,/storage/raj.ayush/archive/All_Model_Data/models/fuxi/data/20120919.7z,3162695522,2026-06-16T06:11:55+00:00
382,2012-09-22,20120922,2012,/storage/raj.ayush/archive/All_Model_Data/models/fuxi/data/20120922.7z,3159722141,2026-06-16T06:13:21+00:00
383,2012-09-26,20120926,2012,/storage/raj.ayush/archive/All_Model_Data/models/fuxi/data/20120926.7z,3159738198,2026-06-16T06:13:46+00:00
384,2012-09-29,20120929,2012,/storage/raj.ayush/archive/All_Model_Data/models/fuxi/data/20120929.7z,3155852944,2026-06-16T06:14:08+00:00
385,2013-06-02,20130602,2013,/storage/raj.ayush/archive/All_Model_Data/models/fuxi/data/20130602.7z,3186554897,2026-06-16T06:48:25+00:00
386,2013-06-06,20130606,2013,/storage/raj.ayush/archive/All_Model_Data/models/fuxi/data/20130606.7z,3186254684,2026-06-16T06:48:48+00:00
387,2013-06-09,20130609,2013,/storage/raj.ayush/archive/All_Model_Data/models/fuxi/data/20130609.7z,3185964208,2026-06-16T06:49:12+00:00
388,2013-06-13,20130613,2013,/storage/raj.ayush/archive/All_Model_Data/models/fuxi/data/20130613.7z,3188479072,2026-06-16T06:49:36+00:00
389,2013-06-16,20130616,2013,/storage/raj.ayush/archive/All_Model_Data/models/fuxi/data/20130616.7z,3187937891,2026-06-16T06:50:12+00:00
390,2013-06-20,20130620,2013,/storage/raj.ayush/archive/All_Model_Data/models/fuxi/data/20130620.7z,3184503853,2026-06-16T06:50:35+00:00
391,2013-06-23,20130623,2013,/storage/raj.ayush/archive/All_Model_Data/models/fuxi/data/20130623.7z,3182252590,2026-06-16T06:50:59+00:00
392,2013-06-27,20130627,2013,/storage/raj.ayush/archive/All_Model_Data/models/fuxi/data/20130627.7z,3178678729,2026-06-16T06:51:24+00:00
393,2013-06-30,20130630,2013,/storage/raj.ayush/archive/All_Model_Data/models/fuxi/data/20130630.7z,3177766755,2026-06-16T06:51:46+00:00
394,2013-07-04,20130704,2013,/storage/raj.ayush/archive/All_Model_Data/models/fuxi/data/20130704.7z,3178286681,2026-06-16T06:52:09+00:00
395,2013-07-07,20130707,2013,/storage/raj.ayush/archive/All_Model_Data/models/fuxi/data/20130707.7z,3178733862,2026-06-16T06:52:32+00:00
396,2013-07-11,20130711,2013,/storage/raj.ayush/archive/All_Model_Data/models/fuxi/data/20130711.7z,3178215832,2026-06-16T06:52:55+00:00
397,2013-07-14,20130714,2013,/storage/raj.ayush/archive/All_Model_Data/models/fuxi/data/20130714.7z,3177261733,2026-06-16T06:53:18+00:00
398,2013-07-18,20130718,2013,/storage/raj.ayush/archive/All_Model_Data/models/fuxi/data/20130718.7z,3174559443,2026-06-16T06:53:41+00:00
399,2013-07-21,20130721,2013,/storage/raj.ayush/archive/All_Model_Data/models/fuxi/data/20130721.7z,3174061756,2026-06-16T06:54:03+00:00
400,2013-07-25,20130725,2013,/storage/raj.ayush/archive/All_Model_Data/models/fuxi/data/20130725.7z,3176426494,2026-06-16T06:54:26+00:00
401,2013-07-28,20130728,2013,/storage/raj.ayush/archive/All_Model_Data/models/fuxi/data/20130728.7z,3173655217,2026-06-16T06:54:48+00:00
402,2013-08-01,20130801,2013,/storage/raj.ayush/archive/All_Model_Data/models/fuxi/data/20130801.7z,3173101634,2026-06-16T06:55:13+00:00
403,2013-08-04,20130804,2013,/storage/raj.ayush/archive/All_Model_Data/models/fuxi/data/20130804.7z,3171456470,2026-06-16T06:55:35+00:00
404,2013-08-08,20130808,2013,/storage/raj.ayush/archive/All_Model_Data/models/fuxi/data/20130808.7z,3173167534,2026-06-16T06:55:58+00:00
405,2013-08-11,20130811,2013,/storage/raj.ayush/archive/All_Model_Data/models/fuxi/data/20130811.7z,3171583099,2026-06-16T06:56:20+00:00
406,2013-08-15,20130815,2013,/storage/raj.ayush/archive/All_Model_Data/models/fuxi/data/20130815.7z,3170241463,2026-06-16T06:56:46+00:00
407,2013-08-18,20130818,2013,/storage/raj.ayush/archive/All_Model_Data/models/fuxi/data/20130818.7z,3171142587,2026-06-16T06:57:08+00:00
408,2013-08-22,20130822,2013,/storage/raj.ayush/archive/All_Model_Data/models/fuxi/data/20130822.7z,3170089772,2026-06-16T06:57:30+00:00
409,2013-08-25,20130825,2013,/storage/raj.ayush/archive/All_Model_Data/models/fuxi/data/20130825.7z,3168262612,2026-06-16T06:57:54+00:00
410,2013-08-29,20130829,2013,/storage/raj.ayush/archive/All_Model_Data/models/fuxi/data/20130829.7z,3167261109,2026-06-16T06:58:16+00:00
411,2013-09-01,20130901,2013,/storage/raj.ayush/archive/All_Model_Data/models/fuxi/data/20130901.7z,3167043990,2026-06-16T06:58:38+00:00
412,2013-09-05,20130905,2013,/storage/raj.ayush/archive/All_Model_Data/models/fuxi/data/20130905.7z,3165963305,2026-06-16T06:59:02+00:00
413,2013-09-08,20130908,2013,/storage/raj.ayush/archive/All_Model_Data/models/fuxi/data/20130908.7z,3165180858,2026-06-16T06:59:27+00:00
414,2013-09-12,20130912,2013,/storage/raj.ayush/archive/All_Model_Data/models/fuxi/data/20130912.7z,3165755207,2026-06-16T06:59:51+00:00
415,2013-09-15,20130915,2013,/storage/raj.ayush/archive/All_Model_Data/models/fuxi/data/20130915.7z,3162896847,2026-06-16T07:00:13+00:00
416,2013-09-19,20130919,2013,/storage/raj.ayush/archive/All_Model_Data/models/fuxi/data/20130919.7z,3160301641,2026-06-16T07:00:37+00:00
417,2013-09-22,20130922,2013,/storage/raj.ayush/archive/All_Model_Data/models/fuxi/data/20130922.7z,3160682181,2026-06-16T07:01:09+00:00
418,2013-09-26,20130926,2013,/storage/raj.ayush/archive/All_Model_Data/models/fuxi/data/20130926.7z,3157648001,2026-06-16T07:01:32+00:00
419,2013-09-29,20130929,2013,/storage/raj.ayush/archive/All_Model_Data/models/fuxi/data/20130929.7z,3152990486,2026-06-16T07:01:57+00:00
420,2014-06-02,20140602,2014,/storage/raj.ayush/archive/All_Model_Data/models/fuxi/data/20140602.7z,3185795828,2026-06-16T07:41:18+00:00
421,2014-06-06,20140606,2014,/storage/raj.ayush/archive/All_Model_Data/models/fuxi/data/20140606.7z,3185379281,2026-06-16T07:42:04+00:00
422,2014-06-09,20140609,2014,/storage/raj.ayush/archive/All_Model_Data/models/fuxi/data/20140609.7z,3185128459,2026-06-16T07:42:26+00:00
423,2014-06-13,20140613,2014,/storage/raj.ayush/archive/All_Model_Data/models/fuxi/data/20140613.7z,3185240336,2026-06-16T07:42:54+00:00
424,2014-06-16,20140616,2014,/storage/raj.ayush/archive/All_Model_Data/models/fuxi/data/20140616.7z,3184106608,2026-06-16T07:43:17+00:00
425,2014-06-20,20140620,2014,/storage/raj.ayush/archive/All_Model_Data/models/fuxi/data/20140620.7z,3182780612,2026-06-16T07:44:09+00:00
426,2014-06-23,20140623,2014,/storage/raj.ayush/archive/All_Model_Data/models/fuxi/data/20140623.7z,3182291279,2026-06-16T07:44:33+00:00
427,2014-06-27,20140627,2014,/storage/raj.ayush/archive/All_Model_Data/models/fuxi/data/20140627.7z,3183287368,2026-06-16T07:44:56+00:00
428,2014-06-30,20140630,2014,/storage/raj.ayush/archive/All_Model_Data/models/fuxi/data/20140630.7z,3182416216,2026-06-16T07:45:19+00:00
429,2014-07-04,20140704,2014,/storage/raj.ayush/archive/All_Model_Data/models/fuxi/data/20140704.7z,3183605536,2026-06-16T07:45:40+00:00
430,2014-07-07,20140707,2014,/storage/raj.ayush/archive/All_Model_Data/models/fuxi/data/20140707.7z,3182890722,2026-06-16T07:46:04+00:00
431,2014-07-11,20140711,2014,/storage/raj.ayush/archive/All_Model_Data/models/fuxi/data/20140711.7z,3178411233,2026-06-16T07:46:25+00:00
432,2014-07-14,20140714,2014,/storage/raj.ayush/archive/All_Model_Data/models/fuxi/data/20140714.7z,3179360951,2026-06-16T07:46:48+00:00
433,2014-07-18,20140718,2014,/storage/raj.ayush/archive/All_Model_Data/models/fuxi/data/20140718.7z,3176704822,2026-06-16T07:47:12+00:00
434,2014-07-21,20140721,2014,/storage/raj.ayush/archive/All_Model_Data/models/fuxi/data/20140721.7z,3175497868,2026-06-16T07:47:48+00:00
435,2014-07-25,20140725,2014,/storage/raj.ayush/archive/All_Model_Data/models/fuxi/data/20140725.7z,3173654804,2026-06-16T07:48:12+00:00
436,2014-07-28,20140728,2014,/storage/raj.ayush/archive/All_Model_Data/models/fuxi/data/20140728.7z,3173906062,2026-06-16T07:48:35+00:00
437,2014-08-01,20140801,2014,/storage/raj.ayush/archive/All_Model_Data/models/fuxi/data/20140801.7z,3175981707,2026-06-16T07:48:58+00:00
438,2014-08-04,20140804,2014,/storage/raj.ayush/archive/All_Model_Data/models/fuxi/data/20140804.7z,3175043408,2026-06-16T07:49:23+00:00
439,2014-08-08,20140808,2014,/storage/raj.ayush/archive/All_Model_Data/models/fuxi/data/20140808.7z,3172376442,2026-06-16T07:49:46+00:00
440,2014-08-11,20140811,2014,/storage/raj.ayush/archive/All_Model_Data/models/fuxi/data/20140811.7z,3173609270,2026-06-16T07:50:08+00:00
441,2014-08-15,20140815,2014,/storage/raj.ayush/archive/All_Model_Data/models/fuxi/data/20140815.7z,3171473086,2026-06-16T07:50:58+00:00
442,2014-08-18,20140818,2014,/storage/raj.ayush/archive/All_Model_Data/models/fuxi/data/20140818.7z,3171391432,2026-06-16T07:51:21+00:00
443,2014-08-22,20140822,2014,/storage/raj.ayush/archive/All_Model_Data/models/fuxi/data/20140822.7z,3170342784,2026-06-16T07:52:07+00:00
444,2014-08-25,20140825,2014,/storage/raj.ayush/archive/All_Model_Data/models/fuxi/data/20140825.7z,3168061797,2026-06-16T07:52:29+00:00
445,2014-08-29,20140829,2014,/storage/raj.ayush/archive/All_Model_Data/models/fuxi/data/20140829.7z,3164384646,2026-06-16T07:52:52+00:00
446,2014-09-01,20140901,2014,/storage/raj.ayush/archive/All_Model_Data/models/fuxi/data/20140901.7z,3163625188,2026-06-16T07:53:15+00:00
447,2014-09-05,20140905,2014,/storage/raj.ayush/archive/All_Model_Data/models/fuxi/data/20140905.7z,3161242678,2026-06-16T07:54:06+00:00
448,2014-09-08,20140908,2014,/storage/raj.ayush/archive/All_Model_Data/models/fuxi/data/20140908.7z,3159474770,2026-06-16T07:54:30+00:00
449,2014-09-12,20140912,2014,/storage/raj.ayush/archive/All_Model_Data/models/fuxi/data/20140912.7z,3159801647,2026-06-16T07:54:53+00:00
450,2014-09-15,20140915,2014,/storage/raj.ayush/archive/All_Model_Data/models/fuxi/data/20140915.7z,3158344861,2026-06-16T07:55:17+00:00
451,2014-09-19,20140919,2014,/storage/raj.ayush/archive/All_Model_Data/models/fuxi/data/20140919.7z,3157527299,2026-06-16T07:55:40+00:00
452,2014-09-22,20140922,2014,/storage/raj.ayush/archive/All_Model_Data/models/fuxi/data/20140922.7z,3157563362,2026-06-16T07:56:04+00:00
453,2014-09-26,20140926,2014,/storage/raj.ayush/archive/All_Model_Data/models/fuxi/data/20140926.7z,3156933899,2026-06-16T07:56:31+00:00
454,2014-09-29,20140929,2014,/storage/raj.ayush/archive/All_Model_Data/models/fuxi/data/20140929.7z,3154706527,2026-06-16T07:56:56+00:00
455,2015-06-02,20150602,2015,/storage/raj.ayush/archive/All_Model_Data/models/fuxi/data/20150602.7z,3185831209,2026-06-16T08:32:14+00:00
456,2015-06-06,20150606,2015,/storage/raj.ayush/archive/All_Model_Data/models/fuxi/data/20150606.7z,3187901858,2026-06-16T08:32:37+00:00
457,2015-06-09,20150609,2015,/storage/raj.ayush/archive/All_Model_Data/models/fuxi/data/20150609.7z,3186153258,2026-06-16T08:33:00+00:00
458,2015-06-13,20150613,2015,/storage/raj.ayush/archive/All_Model_Data/models/fuxi/data/20150613.7z,3184897034,2026-06-16T08:33:50+00:00
459,2015-06-16,20150616,2015,/storage/raj.ayush/archive/All_Model_Data/models/fuxi/data/20150616.7z,3185308250,2026-06-16T08:34:22+00:00
460,2015-06-20,20150620,2015,/storage/raj.ayush/archive/All_Model_Data/models/fuxi/data/20150620.7z,3186973371,2026-06-16T08:34:43+00:00
461,2015-06-23,20150623,2015,/storage/raj.ayush/archive/All_Model_Data/models/fuxi/data/20150623.7z,3184082266,2026-06-16T08:35:06+00:00
462,2015-06-27,20150627,2015,/storage/raj.ayush/archive/All_Model_Data/models/fuxi/data/20150627.7z,3182356126,2026-06-16T08:35:32+00:00
463,2015-06-30,20150630,2015,/storage/raj.ayush/archive/All_Model_Data/models/fuxi/data/20150630.7z,3184246577,2026-06-16T08:36:05+00:00
464,2015-07-04,20150704,2015,/storage/raj.ayush/archive/All_Model_Data/models/fuxi/data/20150704.7z,3185621466,2026-06-16T08:36:29+00:00
465,2015-07-07,20150707,2015,/storage/raj.ayush/archive/All_Model_Data/models/fuxi/data/20150707.7z,3182663334,2026-06-16T08:36:52+00:00
466,2015-07-11,20150711,2015,/storage/raj.ayush/archive/All_Model_Data/models/fuxi/data/20150711.7z,3181139106,2026-06-16T08:37:15+00:00
467,2015-07-14,20150714,2015,/storage/raj.ayush/archive/All_Model_Data/models/fuxi/data/20150714.7z,3182447553,2026-06-16T08:37:41+00:00
468,2015-07-18,20150718,2015,/storage/raj.ayush/archive/All_Model_Data/models/fuxi/data/20150718.7z,3181187903,2026-06-16T08:38:05+00:00
469,2015-07-21,20150721,2015,/storage/raj.ayush/archive/All_Model_Data/models/fuxi/data/20150721.7z,3180411941,2026-06-16T08:38:28+00:00
470,2015-07-25,20150725,2015,/storage/raj.ayush/archive/All_Model_Data/models/fuxi/data/20150725.7z,3181095117,2026-06-16T08:38:51+00:00
471,2015-07-28,20150728,2015,/storage/raj.ayush/archive/All_Model_Data/models/fuxi/data/20150728.7z,3178606760,2026-06-16T08:39:14+00:00
472,2015-08-01,20150801,2015,/storage/raj.ayush/archive/All_Model_Data/models/fuxi/data/20150801.7z,3177161789,2026-06-16T08:39:37+00:00
473,2015-08-04,20150804,2015,/storage/raj.ayush/archive/All_Model_Data/models/fuxi/data/20150804.7z,3175527370,2026-06-16T08:40:38+00:00
474,2015-08-08,20150808,2015,/storage/raj.ayush/archive/All_Model_Data/models/fuxi/data/20150808.7z,3173873860,2026-06-16T08:41:06+00:00
475,2015-08-11,20150811,2015,/storage/raj.ayush/archive/All_Model_Data/models/fuxi/data/20150811.7z,3174040512,2026-06-16T08:41:29+00:00
476,2015-08-15,20150815,2015,/storage/raj.ayush/archive/All_Model_Data/models/fuxi/data/20150815.7z,3172263936,2026-06-16T08:41:53+00:00
477,2015-08-18,20150818,2015,/storage/raj.ayush/archive/All_Model_Data/models/fuxi/data/20150818.7z,3170453789,2026-06-16T08:42:17+00:00
478,2015-08-22,20150822,2015,/storage/raj.ayush/archive/All_Model_Data/models/fuxi/data/20150822.7z,3166958378,2026-06-16T08:42:43+00:00
479,2015-08-25,20150825,2015,/storage/raj.ayush/archive/All_Model_Data/models/fuxi/data/20150825.7z,3165744351,2026-06-16T08:43:06+00:00
480,2015-08-29,20150829,2015,/storage/raj.ayush/archive/All_Model_Data/models/fuxi/data/20150829.7z,3165370366,2026-06-16T08:43:38+00:00
481,2015-09-01,20150901,2015,/storage/raj.ayush/archive/All_Model_Data/models/fuxi/data/20150901.7z,3165253514,2026-06-16T08:44:03+00:00
482,2015-09-05,20150905,2015,/storage/raj.ayush/archive/All_Model_Data/models/fuxi/data/20150905.7z,3167579692,2026-06-16T08:44:27+00:00
483,2015-09-08,20150908,2015,/storage/raj.ayush/archive/All_Model_Data/models/fuxi/data/20150908.7z,3167060667,2026-06-16T08:44:52+00:00
484,2015-09-12,20150912,2015,/storage/raj.ayush/archive/All_Model_Data/models/fuxi/data/20150912.7z,3164760653,2026-06-16T08:45:16+00:00
485,2015-09-15,20150915,2015,/storage/raj.ayush/archive/All_Model_Data/models/fuxi/data/20150915.7z,3163852131,2026-06-16T08:45:40+00:00
486,2015-09-19,20150919,2015,/storage/raj.ayush/archive/All_Model_Data/models/fuxi/data/20150919.7z,3159967748,2026-06-16T08:46:03+00:00
487,2015-09-22,20150922,2015,/storage/raj.ayush/archive/All_Model_Data/models/fuxi/data/20150922.7z,3157878050,2026-06-16T08:46:27+00:00
488,2015-09-26,20150926,2015,/storage/raj.ayush/archive/All_Model_Data/models/fuxi/data/20150926.7z,3154770143,2026-06-16T08:46:50+00:00
489,2015-09-29,20150929,2015,/storage/raj.ayush/archive/All_Model_Data/models/fuxi/data/20150929.7z,3153304501,2026-06-16T08:47:15+00:00
490,2016-06-02,20160602,2016,/storage/raj.ayush/archive/All_Model_Data/models/fuxi/data/20160602.7z,3184652448,2026-06-16T09:21:22+00:00
491,2016-06-06,20160606,2016,/storage/raj.ayush/archive/All_Model_Data/models/fuxi/data/20160606.7z,3184561847,2026-06-16T09:21:46+00:00
492,2016-06-09,20160609,2016,/storage/raj.ayush/archive/All_Model_Data/models/fuxi/data/20160609.7z,3183912204,2026-06-16T09:26:35+00:00
493,2016-06-13,20160613,2016,/storage/raj.ayush/archive/All_Model_Data/models/fuxi/data/20160613.7z,3182357783,2026-06-16T09:27:05+00:00
494,2016-06-16,20160616,2016,/storage/raj.ayush/archive/All_Model_Data/models/fuxi/data/20160616.7z,3181427812,2026-06-16T09:27:28+00:00
495,2016-06-20,20160620,2016,/storage/raj.ayush/archive/All_Model_Data/models/fuxi/data/20160620.7z,3178814917,2026-06-16T09:28:22+00:00
496,2016-06-23,20160623,2016,/storage/raj.ayush/archive/All_Model_Data/models/fuxi/data/20160623.7z,3179345657,2026-06-16T09:28:55+00:00
497,2016-06-27,20160627,2016,/storage/raj.ayush/archive/All_Model_Data/models/fuxi/data/20160627.7z,3181532995,2026-06-16T09:29:17+00:00
498,2016-06-30,20160630,2016,/storage/raj.ayush/archive/All_Model_Data/models/fuxi/data/20160630.7z,3180463370,2026-06-16T09:29:40+00:00
499,2016-07-04,20160704,2016,/storage/raj.ayush/archive/All_Model_Data/models/fuxi/data/20160704.7z,3182322085,2026-06-16T09:30:10+00:00
500,2016-07-07,20160707,2016,/storage/raj.ayush/archive/All_Model_Data/models/fuxi/data/20160707.7z,3180228040,2026-06-16T09:30:31+00:00
501,2016-07-11,20160711,2016,/storage/raj.ayush/archive/All_Model_Data/models/fuxi/data/20160711.7z,3179428587,2026-06-16T09:30:55+00:00
502,2016-07-14,20160714,2016,/storage/raj.ayush/archive/All_Model_Data/models/fuxi/data/20160714.7z,3178207684,2026-06-16T09:31:19+00:00
503,2016-07-18,20160718,2016,/storage/raj.ayush/archive/All_Model_Data/models/fuxi/data/20160718.7z,3173922498,2026-06-16T09:31:53+00:00
504,2016-07-21,20160721,2016,/storage/raj.ayush/archive/All_Model_Data/models/fuxi/data/20160721.7z,3175342168,2026-06-16T09:32:22+00:00
505,2016-07-25,20160725,2016,/storage/raj.ayush/archive/All_Model_Data/models/fuxi/data/20160725.7z,3172620870,2026-06-16T09:32:45+00:00
506,2016-07-28,20160728,2016,/storage/raj.ayush/archive/All_Model_Data/models/fuxi/data/20160728.7z,3172585447,2026-06-16T09:33:08+00:00
507,2016-08-01,20160801,2016,/storage/raj.ayush/archive/All_Model_Data/models/fuxi/data/20160801.7z,3174988425,2026-06-16T09:33:32+00:00
508,2016-08-04,20160804,2016,/storage/raj.ayush/archive/All_Model_Data/models/fuxi/data/20160804.7z,3173785134,2026-06-16T09:33:56+00:00
509,2016-08-08,20160808,2016,/storage/raj.ayush/archive/All_Model_Data/models/fuxi/data/20160808.7z,3175562032,2026-06-16T09:34:28+00:00
510,2016-08-11,20160811,2016,/storage/raj.ayush/archive/All_Model_Data/models/fuxi/data/20160811.7z,3174680543,2026-06-16T09:34:50+00:00
511,2016-08-15,20160815,2016,/storage/raj.ayush/archive/All_Model_Data/models/fuxi/data/20160815.7z,3173409445,2026-06-16T09:35:13+00:00
512,2016-08-18,20160818,2016,/storage/raj.ayush/archive/All_Model_Data/models/fuxi/data/20160818.7z,3172899955,2026-06-16T09:35:36+00:00
513,2016-08-22,20160822,2016,/storage/raj.ayush/archive/All_Model_Data/models/fuxi/data/20160822.7z,3172152422,2026-06-16T09:36:00+00:00
514,2016-08-25,20160825,2016,/storage/raj.ayush/archive/All_Model_Data/models/fuxi/data/20160825.7z,3171504244,2026-06-16T09:36:24+00:00
515,2016-08-29,20160829,2016,/storage/raj.ayush/archive/All_Model_Data/models/fuxi/data/20160829.7z,3169760718,2026-06-16T09:36:50+00:00
516,2016-09-01,20160901,2016,/storage/raj.ayush/archive/All_Model_Data/models/fuxi/data/20160901.7z,3168230121,2026-06-16T09:37:13+00:00
517,2016-09-05,20160905,2016,/storage/raj.ayush/archive/All_Model_Data/models/fuxi/data/20160905.7z,3169590233,2026-06-16T09:37:35+00:00
518,2016-09-08,20160908,2016,/storage/raj.ayush/archive/All_Model_Data/models/fuxi/data/20160908.7z,3167752358,2026-06-16T09:38:00+00:00
519,2016-09-12,20160912,2016,/storage/raj.ayush/archive/All_Model_Data/models/fuxi/data/20160912.7z,3166952101,2026-06-16T09:38:24+00:00
520,2016-09-15,20160915,2016,/storage/raj.ayush/archive/All_Model_Data/models/fuxi/data/20160915.7z,3165793308,2026-06-16T09:38:46+00:00
521,2016-09-19,20160919,2016,/storage/raj.ayush/archive/All_Model_Data/models/fuxi/data/20160919.7z,3164419124,2026-06-16T09:39:11+00:00
522,2016-09-22,20160922,2016,/storage/raj.ayush/archive/All_Model_Data/models/fuxi/data/20160922.7z,3164979041,2026-06-16T09:39:33+00:00
523,2016-09-26,20160926,2016,/storage/raj.ayush/archive/All_Model_Data/models/fuxi/data/20160926.7z,3167281556,2026-06-16T09:40:00+00:00
524,2016-09-29,20160929,2016,/storage/raj.ayush/archive/All_Model_Data/models/fuxi/data/20160929.7z,3165429439,2026-06-16T09:40:24+00:00
525,2017-06-02,20170602,2017,/storage/raj.ayush/archive/All_Model_Data/models/fuxi/data/20170602.7z,3181715264,2026-06-16T10:38:55+00:00
526,2017-06-06,20170606,2017,/storage/raj.ayush/archive/All_Model_Data/models/fuxi/data/20170606.7z,3184973710,2026-06-16T10:39:35+00:00
527,2017-06-09,20170609,2017,/storage/raj.ayush/archive/All_Model_Data/models/fuxi/data/20170609.7z,3184055124,2026-06-16T10:40:00+00:00
528,2017-06-13,20170613,2017,/storage/raj.ayush/archive/All_Model_Data/models/fuxi/data/20170613.7z,3183065216,2026-06-16T10:40:24+00:00
529,2017-06-16,20170616,2017,/storage/raj.ayush/archive/All_Model_Data/models/fuxi/data/20170616.7z,3181970684,2026-06-16T10:41:01+00:00
530,2017-06-20,20170620,2017,/storage/raj.ayush/archive/All_Model_Data/models/fuxi/data/20170620.7z,3181097647,2026-06-16T10:41:28+00:00
531,2017-06-23,20170623,2017,/storage/raj.ayush/archive/All_Model_Data/models/fuxi/data/20170623.7z,3180773780,2026-06-16T10:41:55+00:00
532,2017-06-27,20170627,2017,/storage/raj.ayush/archive/All_Model_Data/models/fuxi/data/20170627.7z,3179151933,2026-06-16T10:42:18+00:00
533,2017-06-30,20170630,2017,/storage/raj.ayush/archive/All_Model_Data/models/fuxi/data/20170630.7z,3178402244,2026-06-16T10:42:41+00:00
534,2017-07-04,20170704,2017,/storage/raj.ayush/archive/All_Model_Data/models/fuxi/data/20170704.7z,3177065522,2026-06-16T10:43:13+00:00
535,2017-07-07,20170707,2017,/storage/raj.ayush/archive/All_Model_Data/models/fuxi/data/20170707.7z,3175441622,2026-06-16T10:43:36+00:00
536,2017-07-11,20170711,2017,/storage/raj.ayush/archive/All_Model_Data/models/fuxi/data/20170711.7z,3174203991,2026-06-16T10:43:58+00:00
537,2017-07-14,20170714,2017,/storage/raj.ayush/archive/All_Model_Data/models/fuxi/data/20170714.7z,3175581124,2026-06-16T10:44:53+00:00
538,2017-07-18,20170718,2017,/storage/raj.ayush/archive/All_Model_Data/models/fuxi/data/20170718.7z,3170978318,2026-06-16T10:45:16+00:00
539,2017-07-21,20170721,2017,/storage/raj.ayush/archive/All_Model_Data/models/fuxi/data/20170721.7z,3172887215,2026-06-16T10:45:39+00:00
540,2017-07-25,20170725,2017,/storage/raj.ayush/archive/All_Model_Data/models/fuxi/data/20170725.7z,3173548788,2026-06-16T10:46:04+00:00
541,2017-07-28,20170728,2017,/storage/raj.ayush/archive/All_Model_Data/models/fuxi/data/20170728.7z,3169420332,2026-06-16T10:46:26+00:00
542,2017-08-01,20170801,2017,/storage/raj.ayush/archive/All_Model_Data/models/fuxi/data/20170801.7z,3171026519,2026-06-16T10:47:03+00:00
543,2017-08-04,20170804,2017,/storage/raj.ayush/archive/All_Model_Data/models/fuxi/data/20170804.7z,3174237790,2026-06-16T10:47:25+00:00
544,2017-08-08,20170808,2017,/storage/raj.ayush/archive/All_Model_Data/models/fuxi/data/20170808.7z,3171095195,2026-06-16T10:47:55+00:00
545,2017-08-11,20170811,2017,/storage/raj.ayush/archive/All_Model_Data/models/fuxi/data/20170811.7z,3172877823,2026-06-16T10:48:18+00:00
546,2017-08-15,20170815,2017,/storage/raj.ayush/archive/All_Model_Data/models/fuxi/data/20170815.7z,3173214743,2026-06-16T10:48:40+00:00
547,2017-08-18,20170818,2017,/storage/raj.ayush/archive/All_Model_Data/models/fuxi/data/20170818.7z,3169676182,2026-06-16T10:49:03+00:00
548,2017-08-22,20170822,2017,/storage/raj.ayush/archive/All_Model_Data/models/fuxi/data/20170822.7z,3168147932,2026-06-16T10:49:26+00:00
549,2017-08-25,20170825,2017,/storage/raj.ayush/archive/All_Model_Data/models/fuxi/data/20170825.7z,3167362049,2026-06-16T10:49:49+00:00
550,2017-08-29,20170829,2017,/storage/raj.ayush/archive/All_Model_Data/models/fuxi/data/20170829.7z,3166541482,2026-06-16T10:50:12+00:00
551,2017-09-01,20170901,2017,/storage/raj.ayush/archive/All_Model_Data/models/fuxi/data/20170901.7z,3169676776,2026-06-16T10:50:35+00:00
552,2017-09-05,20170905,2017,/storage/raj.ayush/archive/All_Model_Data/models/fuxi/data/20170905.7z,3166813759,2026-06-16T10:50:57+00:00
553,2017-09-08,20170908,2017,/storage/raj.ayush/archive/All_Model_Data/models/fuxi/data/20170908.7z,3167271906,2026-06-16T10:51:23+00:00
554,2017-09-12,20170912,2017,/storage/raj.ayush/archive/All_Model_Data/models/fuxi/data/20170912.7z,3163790097,2026-06-16T10:51:45+00:00
555,2017-09-15,20170915,2017,/storage/raj.ayush/archive/All_Model_Data/models/fuxi/data/20170915.7z,3164790812,2026-06-16T10:52:08+00:00
556,2017-09-19,20170919,2017,/storage/raj.ayush/archive/All_Model_Data/models/fuxi/data/20170919.7z,3160644205,2026-06-16T10:52:31+00:00
557,2017-09-22,20170922,2017,/storage/raj.ayush/archive/All_Model_Data/models/fuxi/data/20170922.7z,3163283734,2026-06-16T10:52:53+00:00
558,2017-09-26,20170926,2017,/storage/raj.ayush/archive/All_Model_Data/models/fuxi/data/20170926.7z,3159590190,2026-06-16T10:53:16+00:00
559,2017-09-29,20170929,2017,/storage/raj.ayush/archive/All_Model_Data/models/fuxi/data/20170929.7z,3159923578,2026-06-16T10:53:44+00:00
560,2018-06-02,20180602,2018,/storage/raj.ayush/archive/All_Model_Data/models/fuxi/data/20180602.7z,3186215418,2026-06-16T11:35:37+00:00
561,2018-06-06,20180606,2018,/storage/raj.ayush/archive/All_Model_Data/models/fuxi/data/20180606.7z,3190663678,2026-06-16T11:36:00+00:00
562,2018-06-09,20180609,2018,/storage/raj.ayush/archive/All_Model_Data/models/fuxi/data/20180609.7z,3185026545,2026-06-16T11:36:31+00:00
563,2018-06-13,20180613,2018,/storage/raj.ayush/archive/All_Model_Data/models/fuxi/data/20180613.7z,3182869656,2026-06-16T11:36:55+00:00
564,2018-06-16,20180616,2018,/storage/raj.ayush/archive/All_Model_Data/models/fuxi/data/20180616.7z,3182210157,2026-06-16T11:37:18+00:00
565,2018-06-20,20180620,2018,/storage/raj.ayush/archive/All_Model_Data/models/fuxi/data/20180620.7z,3180966404,2026-06-16T11:37:41+00:00
566,2018-06-23,20180623,2018,/storage/raj.ayush/archive/All_Model_Data/models/fuxi/data/20180623.7z,3182306396,2026-06-16T11:38:18+00:00
567,2018-06-27,20180627,2018,/storage/raj.ayush/archive/All_Model_Data/models/fuxi/data/20180627.7z,3181700399,2026-06-16T11:38:41+00:00
568,2018-06-30,20180630,2018,/storage/raj.ayush/archive/All_Model_Data/models/fuxi/data/20180630.7z,3183029259,2026-06-16T11:39:04+00:00
569,2018-07-04,20180704,2018,/storage/raj.ayush/archive/All_Model_Data/models/fuxi/data/20180704.7z,3182328517,2026-06-16T11:39:27+00:00
570,2018-07-07,20180707,2018,/storage/raj.ayush/archive/All_Model_Data/models/fuxi/data/20180707.7z,3179007232,2026-06-16T11:41:01+00:00
571,2018-07-11,20180711,2018,/storage/raj.ayush/archive/All_Model_Data/models/fuxi/data/20180711.7z,3178932937,2026-06-16T11:41:25+00:00
572,2018-07-14,20180714,2018,/storage/raj.ayush/archive/All_Model_Data/models/fuxi/data/20180714.7z,3175189628,2026-06-16T11:49:58+00:00
573,2018-07-18,20180718,2018,/storage/raj.ayush/archive/All_Model_Data/models/fuxi/data/20180718.7z,3177254012,2026-06-16T11:50:23+00:00
574,2018-07-21,20180721,2018,/storage/raj.ayush/archive/All_Model_Data/models/fuxi/data/20180721.7z,3176627116,2026-06-16T11:50:47+00:00
575,2018-07-25,20180725,2018,/storage/raj.ayush/archive/All_Model_Data/models/fuxi/data/20180725.7z,3178100733,2026-06-16T11:51:08+00:00
576,2018-07-28,20180728,2018,/storage/raj.ayush/archive/All_Model_Data/models/fuxi/data/20180728.7z,3175694141,2026-06-16T11:51:33+00:00
577,2018-08-01,20180801,2018,/storage/raj.ayush/archive/All_Model_Data/models/fuxi/data/20180801.7z,3182000101,2026-06-16T11:51:56+00:00
578,2018-08-04,20180804,2018,/storage/raj.ayush/archive/All_Model_Data/models/fuxi/data/20180804.7z,3176012175,2026-06-16T11:52:20+00:00
579,2018-08-08,20180808,2018,/storage/raj.ayush/archive/All_Model_Data/models/fuxi/data/20180808.7z,3176174053,2026-06-16T11:52:43+00:00
580,2018-08-11,20180811,2018,/storage/raj.ayush/archive/All_Model_Data/models/fuxi/data/20180811.7z,3173107850,2026-06-16T11:53:06+00:00
581,2018-08-15,20180815,2018,/storage/raj.ayush/archive/All_Model_Data/models/fuxi/data/20180815.7z,3172476139,2026-06-16T11:53:35+00:00
582,2018-08-18,20180818,2018,/storage/raj.ayush/archive/All_Model_Data/models/fuxi/data/20180818.7z,3168717880,2026-06-16T11:54:12+00:00
583,2018-08-22,20180822,2018,/storage/raj.ayush/archive/All_Model_Data/models/fuxi/data/20180822.7z,3166269063,2026-06-16T11:55:23+00:00
584,2018-08-25,20180825,2018,/storage/raj.ayush/archive/All_Model_Data/models/fuxi/data/20180825.7z,3168416586,2026-06-16T11:55:57+00:00
585,2018-08-29,20180829,2018,/storage/raj.ayush/archive/All_Model_Data/models/fuxi/data/20180829.7z,3165194055,2026-06-16T11:56:21+00:00
586,2018-09-01,20180901,2018,/storage/raj.ayush/archive/All_Model_Data/models/fuxi/data/20180901.7z,3161326892,2026-06-16T11:56:44+00:00
587,2018-09-05,20180905,2018,/storage/raj.ayush/archive/All_Model_Data/models/fuxi/data/20180905.7z,3160303316,2026-06-16T11:57:08+00:00
588,2018-09-08,20180908,2018,/storage/raj.ayush/archive/All_Model_Data/models/fuxi/data/20180908.7z,3160981430,2026-06-16T11:57:31+00:00
589,2018-09-12,20180912,2018,/storage/raj.ayush/archive/All_Model_Data/models/fuxi/data/20180912.7z,3159372877,2026-06-16T11:57:54+00:00
590,2018-09-15,20180915,2018,/storage/raj.ayush/archive/All_Model_Data/models/fuxi/data/20180915.7z,3159819605,2026-06-16T11:58:17+00:00
591,2018-09-19,20180919,2018,/storage/raj.ayush/archive/All_Model_Data/models/fuxi/data/20180919.7z,3160424967,2026-06-16T11:58:40+00:00
592,2018-09-22,20180922,2018,/storage/raj.ayush/archive/All_Model_Data/models/fuxi/data/20180922.7z,3161279698,2026-06-16T11:59:03+00:00
593,2018-09-26,20180926,2018,/storage/raj.ayush/archive/All_Model_Data/models/fuxi/data/20180926.7z,3160979403,2026-06-16T11:59:26+00:00
594,2018-09-29,20180929,2018,/storage/raj.ayush/archive/All_Model_Data/models/fuxi/data/20180929.7z,3158923697,2026-06-16T11:59:51+00:00
595,2019-06-02,20190602,2019,/storage/raj.ayush/archive/All_Model_Data/models/fuxi/data/20190602.7z,3189019305,2026-06-16T12:36:21+00:00
596,2019-06-06,20190606,2019,/storage/raj.ayush/archive/All_Model_Data/models/fuxi/data/20190606.7z,3186969689,2026-06-16T12:37:09+00:00
597,2019-06-09,20190609,2019,/storage/raj.ayush/archive/All_Model_Data/models/fuxi/data/20190609.7z,3188842807,2026-06-16T12:37:33+00:00
598,2019-06-13,20190613,2019,/storage/raj.ayush/archive/All_Model_Data/models/fuxi/data/20190613.7z,3187632068,2026-06-16T12:38:22+00:00
599,2019-06-16,20190616,2019,/storage/raj.ayush/archive/All_Model_Data/models/fuxi/data/20190616.7z,3185574789,2026-06-16T12:38:47+00:00
600,2019-06-20,20190620,2019,/storage/raj.ayush/archive/All_Model_Data/models/fuxi/data/20190620.7z,3183063108,2026-06-16T12:39:11+00:00
601,2019-06-23,20190623,2019,/storage/raj.ayush/archive/All_Model_Data/models/fuxi/data/20190623.7z,3182376485,2026-06-16T12:39:35+00:00
602,2019-06-27,20190627,2019,/storage/raj.ayush/archive/All_Model_Data/models/fuxi/data/20190627.7z,3187882153,2026-06-16T12:40:00+00:00
603,2019-06-30,20190630,2019,/storage/raj.ayush/archive/All_Model_Data/models/fuxi/data/20190630.7z,3185175322,2026-06-16T12:40:24+00:00
604,2019-07-04,20190704,2019,/storage/raj.ayush/archive/All_Model_Data/models/fuxi/data/20190704.7z,3181015417,2026-06-16T12:40:47+00:00
605,2019-07-07,20190707,2019,/storage/raj.ayush/archive/All_Model_Data/models/fuxi/data/20190707.7z,3180029304,2026-06-16T12:41:39+00:00
606,2019-07-11,20190711,2019,/storage/raj.ayush/archive/All_Model_Data/models/fuxi/data/20190711.7z,3177440352,2026-06-16T12:42:03+00:00
607,2019-07-14,20190714,2019,/storage/raj.ayush/archive/All_Model_Data/models/fuxi/data/20190714.7z,3177129075,2026-06-16T12:42:26+00:00
608,2019-07-18,20190718,2019,/storage/raj.ayush/archive/All_Model_Data/models/fuxi/data/20190718.7z,3175058924,2026-06-16T12:43:01+00:00
609,2019-07-21,20190721,2019,/storage/raj.ayush/archive/All_Model_Data/models/fuxi/data/20190721.7z,3177268235,2026-06-16T12:43:25+00:00
610,2019-07-25,20190725,2019,/storage/raj.ayush/archive/All_Model_Data/models/fuxi/data/20190725.7z,3172731292,2026-06-16T12:43:48+00:00
611,2019-07-28,20190728,2019,/storage/raj.ayush/archive/All_Model_Data/models/fuxi/data/20190728.7z,3174341893,2026-06-16T12:44:12+00:00
612,2019-08-01,20190801,2019,/storage/raj.ayush/archive/All_Model_Data/models/fuxi/data/20190801.7z,3172454252,2026-06-16T12:44:35+00:00
613,2019-08-04,20190804,2019,/storage/raj.ayush/archive/All_Model_Data/models/fuxi/data/20190804.7z,3172872172,2026-06-16T12:45:08+00:00
614,2019-08-08,20190808,2019,/storage/raj.ayush/archive/All_Model_Data/models/fuxi/data/20190808.7z,3175252446,2026-06-16T12:45:31+00:00
615,2019-08-11,20190811,2019,/storage/raj.ayush/archive/All_Model_Data/models/fuxi/data/20190811.7z,3170634038,2026-06-16T12:45:56+00:00
616,2019-08-15,20190815,2019,/storage/raj.ayush/archive/All_Model_Data/models/fuxi/data/20190815.7z,3171331413,2026-06-16T12:46:20+00:00
617,2019-08-18,20190818,2019,/storage/raj.ayush/archive/All_Model_Data/models/fuxi/data/20190818.7z,3168945351,2026-06-16T12:46:44+00:00
618,2019-08-22,20190822,2019,/storage/raj.ayush/archive/All_Model_Data/models/fuxi/data/20190822.7z,3173204125,2026-06-16T12:47:10+00:00
619,2019-08-25,20190825,2019,/storage/raj.ayush/archive/All_Model_Data/models/fuxi/data/20190825.7z,3171454548,2026-06-16T12:48:40+00:00
620,2019-08-29,20190829,2019,/storage/raj.ayush/archive/All_Model_Data/models/fuxi/data/20190829.7z,3168692470,2026-06-16T12:49:04+00:00
621,2019-09-01,20190901,2019,/storage/raj.ayush/archive/All_Model_Data/models/fuxi/data/20190901.7z,3169711061,2026-06-16T12:49:29+00:00
622,2019-09-05,20190905,2019,/storage/raj.ayush/archive/All_Model_Data/models/fuxi/data/20190905.7z,3167245533,2026-06-16T12:49:53+00:00
623,2019-09-08,20190908,2019,/storage/raj.ayush/archive/All_Model_Data/models/fuxi/data/20190908.7z,3161230738,2026-06-16T12:50:16+00:00
624,2019-09-12,20190912,2019,/storage/raj.ayush/archive/All_Model_Data/models/fuxi/data/20190912.7z,3160706130,2026-06-16T13:07:51+00:00
625,2019-09-15,20190915,2019,/storage/raj.ayush/archive/All_Model_Data/models/fuxi/data/20190915.7z,3158934243,2026-06-16T13:08:17+00:00
626,2019-09-19,20190919,2019,/storage/raj.ayush/archive/All_Model_Data/models/fuxi/data/20190919.7z,3154229934,2026-06-16T13:08:42+00:00
627,2019-09-22,20190922,2019,/storage/raj.ayush/archive/All_Model_Data/models/fuxi/data/20190922.7z,3156248362,2026-06-16T13:09:05+00:00
628,2019-09-26,20190926,2019,/storage/raj.ayush/archive/All_Model_Data/models/fuxi/data/20190926.7z,3157383931,2026-06-16T13:10:12+00:00
629,2019-09-29,20190929,2019,/storage/raj.ayush/archive/All_Model_Data/models/fuxi/data/20190929.7z,3154643990,2026-06-16T13:10:36+00:00
630,2020-06-02,20200602,2020,/storage/raj.ayush/archive/All_Model_Data/models/fuxi/data/20200602.7z,3183653132,2026-06-16T13:44:54+00:00
631,2020-06-06,20200606,2020,/storage/raj.ayush/archive/All_Model_Data/models/fuxi/data/20200606.7z,3182870735,2026-06-16T13:45:12+00:00
632,2020-06-09,20200609,2020,/storage/raj.ayush/archive/All_Model_Data/models/fuxi/data/20200609.7z,3186544830,2026-06-16T13:45:26+00:00
633,2020-06-13,20200613,2020,/storage/raj.ayush/archive/All_Model_Data/models/fuxi/data/20200613.7z,3182347635,2026-06-16T13:45:41+00:00
634,2020-06-16,20200616,2020,/storage/raj.ayush/archive/All_Model_Data/models/fuxi/data/20200616.7z,3181784794,2026-06-16T13:46:08+00:00
635,2020-06-20,20200620,2020,/storage/raj.ayush/archive/All_Model_Data/models/fuxi/data/20200620.7z,3183334601,2026-06-16T13:46:22+00:00
636,2020-06-23,20200623,2020,/storage/raj.ayush/archive/All_Model_Data/models/fuxi/data/20200623.7z,3184843941,2026-06-16T13:46:35+00:00
637,2020-06-27,20200627,2020,/storage/raj.ayush/archive/All_Model_Data/models/fuxi/data/20200627.7z,3181601611,2026-06-16T13:46:49+00:00
638,2020-06-30,20200630,2020,/storage/raj.ayush/archive/All_Model_Data/models/fuxi/data/20200630.7z,3180839958,2026-06-16T13:47:02+00:00
639,2020-07-04,20200704,2020,/storage/raj.ayush/archive/All_Model_Data/models/fuxi/data/20200704.7z,3179850488,2026-06-16T13:47:21+00:00
640,2020-07-07,20200707,2020,/storage/raj.ayush/archive/All_Model_Data/models/fuxi/data/20200707.7z,3178494166,2026-06-16T13:47:35+00:00
641,2020-07-11,20200711,2020,/storage/raj.ayush/archive/All_Model_Data/models/fuxi/data/20200711.7z,3177448377,2026-06-16T13:47:49+00:00
642,2020-07-14,20200714,2020,/storage/raj.ayush/archive/All_Model_Data/models/fuxi/data/20200714.7z,3177849268,2026-06-16T13:48:15+00:00
643,2020-07-18,20200718,2020,/storage/raj.ayush/archive/All_Model_Data/models/fuxi/data/20200718.7z,3176208977,2026-06-16T13:48:29+00:00
644,2020-07-21,20200721,2020,/storage/raj.ayush/archive/All_Model_Data/models/fuxi/data/20200721.7z,3174998097,2026-06-16T13:48:42+00:00
645,2020-07-25,20200725,2020,/storage/raj.ayush/archive/All_Model_Data/models/fuxi/data/20200725.7z,3172548841,2026-06-16T13:48:55+00:00
646,2020-07-28,20200728,2020,/storage/raj.ayush/archive/All_Model_Data/models/fuxi/data/20200728.7z,3172154213,2026-06-16T13:49:09+00:00
647,2020-08-01,20200801,2020,/storage/raj.ayush/archive/All_Model_Data/models/fuxi/data/20200801.7z,3173981608,2026-06-16T13:49:24+00:00
648,2020-08-04,20200804,2020,/storage/raj.ayush/archive/All_Model_Data/models/fuxi/data/20200804.7z,3177991978,2026-06-16T13:49:38+00:00
649,2020-08-08,20200808,2020,/storage/raj.ayush/archive/All_Model_Data/models/fuxi/data/20200808.7z,3176260908,2026-06-16T13:49:53+00:00
650,2020-08-11,20200811,2020,/storage/raj.ayush/archive/All_Model_Data/models/fuxi/data/20200811.7z,3176302344,2026-06-16T13:50:07+00:00
651,2020-08-15,20200815,2020,/storage/raj.ayush/archive/All_Model_Data/models/fuxi/data/20200815.7z,3174223953,2026-06-16T13:50:20+00:00
652,2020-08-18,20200818,2020,/storage/raj.ayush/archive/All_Model_Data/models/fuxi/data/20200818.7z,3173477445,2026-06-16T13:50:35+00:00
653,2020-08-22,20200822,2020,/storage/raj.ayush/archive/All_Model_Data/models/fuxi/data/20200822.7z,3173116185,2026-06-16T13:50:47+00:00
654,2020-08-25,20200825,2020,/storage/raj.ayush/archive/All_Model_Data/models/fuxi/data/20200825.7z,3170218699,2026-06-16T13:51:00+00:00
655,2020-08-29,20200829,2020,/storage/raj.ayush/archive/All_Model_Data/models/fuxi/data/20200829.7z,3165660564,2026-06-16T13:51:15+00:00
656,2020-09-01,20200901,2020,/storage/raj.ayush/archive/All_Model_Data/models/fuxi/data/20200901.7z,3166633185,2026-06-16T13:51:29+00:00
657,2020-09-05,20200905,2020,/storage/raj.ayush/archive/All_Model_Data/models/fuxi/data/20200905.7z,3167787263,2026-06-16T13:51:44+00:00
658,2020-09-08,20200908,2020,/storage/raj.ayush/archive/All_Model_Data/models/fuxi/data/20200908.7z,3163367589,2026-06-16T13:51:58+00:00
659,2020-09-12,20200912,2020,/storage/raj.ayush/archive/All_Model_Data/models/fuxi/data/20200912.7z,3161750969,2026-06-16T13:52:58+00:00
660,2020-09-15,20200915,2020,/storage/raj.ayush/archive/All_Model_Data/models/fuxi/data/20200915.7z,3161518081,2026-06-16T13:53:12+00:00
661,2020-09-19,20200919,2020,/storage/raj.ayush/archive/All_Model_Data/models/fuxi/data/20200919.7z,3161711171,2026-06-16T13:53:28+00:00
662,2020-09-22,20200922,2020,/storage/raj.ayush/archive/All_Model_Data/models/fuxi/data/20200922.7z,3165230111,2026-06-16T13:53:47+00:00
663,2020-09-26,20200926,2020,/storage/raj.ayush/archive/All_Model_Data/models/fuxi/data/20200926.7z,3162104213,2026-06-16T13:54:03+00:00
664,2020-09-29,20200929,2020,/storage/raj.ayush/archive/All_Model_Data/models/fuxi/data/20200929.7z,3159699235,2026-06-16T13:54:16+00:00
665,2021-06-02,20210602,2021,/storage/raj.ayush/archive/All_Model_Data/models/fuxi/data/20210602.7z,3189068154,2026-06-16T14:16:53+00:00
666,2021-06-06,20210606,2021,/storage/raj.ayush/archive/All_Model_Data/models/fuxi/data/20210606.7z,3186822432,2026-06-16T14:18:24+00:00
667,2021-06-09,20210609,2021,/storage/raj.ayush/archive/All_Model_Data/models/fuxi/data/20210609.7z,3184025855,2026-06-16T14:18:43+00:00
668,2021-06-13,20210613,2021,/storage/raj.ayush/archive/All_Model_Data/models/fuxi/data/20210613.7z,3181717953,2026-06-16T14:18:59+00:00
669,2021-06-16,20210616,2021,/storage/raj.ayush/archive/All_Model_Data/models/fuxi/data/20210616.7z,3185838551,2026-06-16T14:19:17+00:00
670,2021-06-20,20210620,2021,/storage/raj.ayush/archive/All_Model_Data/models/fuxi/data/20210620.7z,3181769236,2026-06-16T14:19:35+00:00
671,2021-06-23,20210623,2021,/storage/raj.ayush/archive/All_Model_Data/models/fuxi/data/20210623.7z,3181105455,2026-06-16T14:19:52+00:00
672,2021-06-27,20210627,2021,/storage/raj.ayush/archive/All_Model_Data/models/fuxi/data/20210627.7z,3179759212,2026-06-16T14:20:11+00:00
673,2021-06-30,20210630,2021,/storage/raj.ayush/archive/All_Model_Data/models/fuxi/data/20210630.7z,3180852847,2026-06-16T14:20:33+00:00
674,2021-07-04,20210704,2021,/storage/raj.ayush/archive/All_Model_Data/models/fuxi/data/20210704.7z,3179992288,2026-06-16T14:20:57+00:00
675,2021-07-07,20210707,2021,/storage/raj.ayush/archive/All_Model_Data/models/fuxi/data/20210707.7z,3176967257,2026-06-16T14:21:17+00:00
676,2021-07-11,20210711,2021,/storage/raj.ayush/archive/All_Model_Data/models/fuxi/data/20210711.7z,3176348246,2026-06-16T14:21:36+00:00
677,2021-07-14,20210714,2021,/storage/raj.ayush/archive/All_Model_Data/models/fuxi/data/20210714.7z,3177117102,2026-06-16T14:22:39+00:00
678,2021-07-18,20210718,2021,/storage/raj.ayush/archive/All_Model_Data/models/fuxi/data/20210718.7z,3177695436,2026-06-16T14:23:08+00:00
679,2021-07-21,20210721,2021,/storage/raj.ayush/archive/All_Model_Data/models/fuxi/data/20210721.7z,3177954308,2026-06-16T14:23:35+00:00
680,2021-07-25,20210725,2021,/storage/raj.ayush/archive/All_Model_Data/models/fuxi/data/20210725.7z,3176101728,2026-06-16T14:24:08+00:00
681,2021-07-28,20210728,2021,/storage/raj.ayush/archive/All_Model_Data/models/fuxi/data/20210728.7z,3175447632,2026-06-16T14:24:32+00:00
682,2021-08-01,20210801,2021,/storage/raj.ayush/archive/All_Model_Data/models/fuxi/data/20210801.7z,3172628412,2026-06-16T14:25:20+00:00
683,2021-08-04,20210804,2021,/storage/raj.ayush/archive/All_Model_Data/models/fuxi/data/20210804.7z,3170726451,2026-06-16T14:25:43+00:00
684,2021-08-08,20210808,2021,/storage/raj.ayush/archive/All_Model_Data/models/fuxi/data/20210808.7z,3171463911,2026-06-16T14:27:14+00:00
685,2021-08-11,20210811,2021,/storage/raj.ayush/archive/All_Model_Data/models/fuxi/data/20210811.7z,3167994526,2026-06-16T14:27:34+00:00
686,2021-08-15,20210815,2021,/storage/raj.ayush/archive/All_Model_Data/models/fuxi/data/20210815.7z,3166913617,2026-06-16T14:27:53+00:00
687,2021-08-18,20210818,2021,/storage/raj.ayush/archive/All_Model_Data/models/fuxi/data/20210818.7z,3167934985,2026-06-16T14:28:02+00:00
688,2021-08-22,20210822,2021,/storage/raj.ayush/archive/All_Model_Data/models/fuxi/data/20210822.7z,3165596653,2026-06-16T14:28:19+00:00
689,2021-08-25,20210825,2021,/storage/raj.ayush/archive/All_Model_Data/models/fuxi/data/20210825.7z,3165322704,2026-06-16T14:28:41+00:00
690,2021-08-29,20210829,2021,/storage/raj.ayush/archive/All_Model_Data/models/fuxi/data/20210829.7z,3162298366,2026-06-16T14:29:18+00:00
691,2021-09-01,20210901,2021,/storage/raj.ayush/archive/All_Model_Data/models/fuxi/data/20210901.7z,3159935293,2026-06-16T14:29:36+00:00
692,2021-09-05,20210905,2021,/storage/raj.ayush/archive/All_Model_Data/models/fuxi/data/20210905.7z,3160736162,2026-06-16T14:29:54+00:00
693,2021-09-08,20210908,2021,/storage/raj.ayush/archive/All_Model_Data/models/fuxi/data/20210908.7z,3159012085,2026-06-16T14:30:10+00:00
694,2021-09-12,20210912,2021,/storage/raj.ayush/archive/All_Model_Data/models/fuxi/data/20210912.7z,3159320015,2026-06-16T14:30:27+00:00
695,2021-09-15,20210915,2021,/storage/raj.ayush/archive/All_Model_Data/models/fuxi/data/20210915.7z,3157157997,2026-06-16T14:30:45+00:00
696,2021-09-19,20210919,2021,/storage/raj.ayush/archive/All_Model_Data/models/fuxi/data/20210919.7z,3157190738,2026-06-16T14:31:03+00:00
697,2021-09-22,20210922,2021,/storage/raj.ayush/archive/All_Model_Data/models/fuxi/data/20210922.7z,3156019540,2026-06-16T14:31:20+00:00
698,2021-09-26,20210926,2021,/storage/raj.ayush/archive/All_Model_Data/models/fuxi/data/20210926.7z,3154383332,2026-06-16T14:31:36+00:00
699,2021-09-29,20210929,2021,/storage/raj.ayush/archive/All_Model_Data/models/fuxi/data/20210929.7z,3153269026,2026-06-16T14:31:54+00:00
