method,region,aggregation,cases,acc,rmse,mae,bias,wet_fraction_error,negative_fraction,lead_week
cma,central_india,all,210,0.1355488693,7.591304712,5.636139064,0.1536207248,0.0569684666,0.0001973628772,
cma,east_northeast_india,all,210,0.2487262167,5.948546119,4.748918659,-1.271229204,0.03725145573,0,
cma,india,all,210,0.1970721319,6.851694734,4.838569365,-0.3641027532,0.05190561195,0.0005706547165,
cma,northwest_india,all,210,0.07754243592,5.523565957,3.990966924,-1.287176937,0.03190063924,0.001436221531,
cma,south_peninsula,all,210,0.1681284923,6.910510487,5.085958523,1.389383037,0.0982497333,0,
dlesym_v0,central_india,all,210,0.1405679132,7.098002217,5.243453635,-2.640558099,-0.05608049772,0,
dlesym_v0,east_northeast_india,all,210,0.1481060824,6.939332153,5.790145083,3.141807726,0.05865706787,0,
dlesym_v0,india,all,210,0.1018436915,6.734838075,4.814901125,-0.9502617188,0.0101826845,0,
dlesym_v0,northwest_india,all,210,0.06762197712,5.506735169,4.134437407,-0.0981192565,0.07295932293,0,
dlesym_v0,south_peninsula,all,210,0.04509244485,6.39283284,4.494058,-3.017271089,-0.03155595745,0,
ecmwf,central_india,all,210,0.2570900116,5.674678649,4.35994226,0.499386863,0.08583934704,0,
ecmwf,east_northeast_india,all,210,0.2622316422,5.292920435,4.278578023,1.087999031,0.09107413193,0,
ecmwf,india,all,210,0.3053795872,5.240052723,3.821929399,0.2525705091,0.1070590192,0,
ecmwf,northwest_india,all,210,0.1978659379,4.428022448,3.241851912,-0.3788673584,0.1304508423,0,
ecmwf,south_peninsula,all,210,0.2894121903,4.646083198,3.53039218,0.3363229191,0.1155754273,0,
equal_weight,central_india,all,210,0.2697993147,5.511560823,4.101721995,-0.6888884151,0.07935732103,0,
equal_weight,east_northeast_india,all,210,0.3652750546,4.983702614,4.113943585,1.317432307,0.09246913623,0,
equal_weight,india,all,210,0.307083633,5.174191845,3.715482491,-0.4280841366,0.1135110496,0,
equal_weight,northwest_india,all,210,0.1419465804,4.486491899,3.27747863,-0.875601673,0.1516207795,0,
equal_weight,south_peninsula,all,210,0.2432372975,4.678375647,3.487991749,-0.5147989769,0.1219006321,0,
fuxi_s2s,central_india,all,210,0.2876125926,5.873817951,4.388358424,-0.5033965085,0.03512811052,0,
fuxi_s2s,east_northeast_india,all,210,0.133243895,6.602453008,5.198337808,2.003113342,0.07952649845,0,
fuxi_s2s,india,all,210,0.2761236081,5.683136983,4.013571058,-0.3626500488,0.04698182251,0,
fuxi_s2s,northwest_india,all,210,0.1416300668,4.736923457,3.404000878,-1.018942977,0.06890170213,0,
fuxi_s2s,south_peninsula,all,210,0.3144674342,4.773252287,3.458652881,-0.8195667646,-0.005723160121,0,
location_calendar_only,central_india,all,210,0.0937664478,6.143899509,4.699458677,-0.5699580351,0.09363817375,1.320300625e-05,
location_calendar_only,east_northeast_india,all,210,-0.02645111126,5.51592078,4.572778872,1.241670303,0.08869036291,0,
location_calendar_only,india,all,210,0.1009854384,5.587407292,4.091315969,-0.4020673135,0.1443801418,0.0006115790249,
location_calendar_only,northwest_india,all,210,0.2131337912,4.645437257,3.466941712,-0.9812190908,0.2241238473,0.001731128138,
location_calendar_only,south_peninsula,all,210,0.04516473709,4.833751108,3.725674688,-0.3042926015,0.1290782661,0,
ncep,central_india,all,210,0.1707306171,6.513216969,4.818429059,-2.028220692,-0.007570471227,0.0001060026358,
ncep,east_northeast_india,all,210,0.2777341447,6.4786869,5.112678244,0.3848076641,0.04860473025,0,
ncep,india,all,210,0.1540194533,6.421398152,4.5379355,-1.471338388,-0.01254312521,0.0001672979099,
ncep,northwest_india,all,210,0.01094723165,5.718642346,4.159224685,-1.965147702,-0.07427817351,0.0003744675444,
ncep,south_peninsula,all,210,0.08286738919,5.7362014,4.241581791,-0.936431355,0.05487033413,0,
neuralgcm,central_india,all,210,0.199929262,6.080245743,4.638435102,-0.3017199846,0.0849637009,0,
neuralgcm,east_northeast_india,all,210,0.4174301148,4.844273804,3.937865745,0.2949156313,0.07650357421,0,
neuralgcm,india,all,210,0.2362773265,5.693764593,4.093678696,-0.4288917143,0.09900683736,0,
neuralgcm,northwest_india,all,210,0.1136123495,4.909205238,3.46347045,-1.209821999,0.1106508164,0,
neuralgcm,south_peninsula,all,210,0.09394534291,5.816599588,4.461284187,0.3344441903,0.1239719441,0,
piggycast_forecast_only,central_india,all,210,0.287811001,5.375640099,4.075574412,-0.2691728537,0.08049234992,0.0001578715443,
piggycast_forecast_only,east_northeast_india,all,210,0.2628513066,4.999804128,4.124230064,1.164748921,0.09239148014,0,
piggycast_forecast_only,india,all,210,0.338767759,5.027645165,3.625678427,-0.2878811581,0.1166374146,0.001597567779,
piggycast_forecast_only,northwest_india,all,210,0.1998650584,4.309199166,3.143989301,-0.8063229064,0.1584201952,0.004402658323,
piggycast_forecast_only,south_peninsula,all,210,0.3386145954,4.370245336,3.267011571,-0.5385885359,0.1241832121,0,
piggycast_full,central_india,all,210,0.2812380599,5.376054458,4.089334009,-0.204685126,0.07795955725,0.0004730338948,
piggycast_full,east_northeast_india,all,210,0.268285544,4.861736531,3.991105719,0.683963384,0.08696302574,0,
piggycast_full,india,all,210,0.3472003523,4.988526668,3.603113512,-0.3027095658,0.1127351945,0.00515543612,
piggycast_full,northwest_india,all,210,0.269924986,4.243001955,3.105666516,-0.7875506632,0.1554508119,0.01423217622,
piggycast_full,south_peninsula,all,210,0.3034790558,4.398690572,3.304155999,-0.3639940503,0.1167780929,2.323176472e-05,
ukmo,central_india,all,210,0.2402480371,6.697990816,4.990786723,-0.001331188644,0.02319291989,0,
ukmo,east_northeast_india,all,210,0.2620310285,7.014677136,5.746602068,3.580611925,0.08485116192,0,
ukmo,india,all,210,0.2262868829,6.370249619,4.52161264,0.3280851657,0.04432877566,0,
ukmo,northwest_india,all,210,0.1573235145,5.334133901,3.848699949,-0.1711354639,0.02921371914,0,
ukmo,south_peninsula,all,210,0.2400290783,5.30317909,3.868766393,-0.8904737788,0.08431957533,0,
validation_selected_model,central_india,all,210,0.2521631015,5.673593993,4.345378944,0.3647259735,0.07741653155,0,
validation_selected_model,east_northeast_india,all,210,0.2563202824,5.37450126,4.340867749,1.168829071,0.090250185,0,
validation_selected_model,india,all,210,0.2955238588,5.282530876,3.844820573,0.1571191804,0.09747218271,0,
validation_selected_model,northwest_india,all,210,0.1838708331,4.484779473,3.28584417,-0.4344808068,0.125451681,0,
validation_selected_model,south_peninsula,all,210,0.276752106,4.694839927,3.549904403,0.07432128478,0.0854911115,0,
validation_weighted,central_india,all,210,0.275236379,5.482975509,4.086891058,-0.6306131314,0.07968624909,0,
validation_weighted,east_northeast_india,all,210,0.366800311,4.980384614,4.109662494,1.3292502,0.09264832951,0,
validation_weighted,india,all,210,0.3130045803,5.150233217,3.700215028,-0.3973383805,0.1135087487,0,
validation_weighted,northwest_india,all,210,0.1471081857,4.468641378,3.260705752,-0.8629907238,0.1512677035,0,
validation_weighted,south_peninsula,all,210,0.2495260448,4.643738882,3.464955649,-0.4851045541,0.1217968513,0,
cma,central_india,by_lead,35,0.3441731317,7.61023371,5.491198232,-0.07117271048,-0.02869282522,0,1
cma,central_india,by_lead,35,0.1420806348,8.527030416,6.207426196,0.235590439,0.02446717559,0,2
cma,central_india,by_lead,35,0.05831816634,8.005636289,5.904112137,0.4718855423,0.09325078812,0,3
cma,central_india,by_lead,35,0.1049573406,7.368057927,5.600537436,0.341647987,0.1120429536,0,4
cma,central_india,by_lead,35,0.08957522187,7.092190717,5.323817963,-0.2981658776,0.06836381867,0.0003944500594,5
cma,central_india,by_lead,35,0.07418872056,6.944679214,5.289742422,0.2419389684,0.07237888881,0.000789727204,6
cma,east_northeast_india,by_lead,35,0.3991717205,5.571721647,4.276172821,-0.5455158439,-0.0122428355,0,1
cma,east_northeast_india,by_lead,35,0.2934613827,6.401209906,5.044906208,-2.108932121,-0.02963979146,0,2
cma,east_northeast_india,by_lead,35,0.254377714,6.304769116,5.127703137,-2.470342634,0.01577068635,0,3
cma,east_northeast_india,by_lead,35,0.241844943,5.732021462,4.568268201,-1.204753529,0.09035194911,0,4
cma,east_northeast_india,by_lead,35,0.1830896659,6.055353096,4.953017584,-0.4248827939,0.1081015881,0,5
cma,east_northeast_india,by_lead,35,0.1204118744,5.626201486,4.523444001,-0.8729483025,0.05116713778,0,6
cma,india,by_lead,35,0.4078465112,6.876793741,4.557734597,-0.521856715,-0.03792901141,0,1
cma,india,by_lead,35,0.2189779918,7.479716177,5.166002828,-0.5245001759,0.007584234078,0.0003853167494,2
cma,india,by_lead,35,0.1590702135,7.052899122,5.052876361,-0.4719267454,0.07490510771,0,3
cma,india,by_lead,35,0.1651489466,6.654247159,4.872235454,-0.1243406161,0.1046544088,0,4
cma,india,by_lead,35,0.1227232854,6.566741406,4.736606835,-0.3301069342,0.07981273443,0.000638644733,5
cma,india,by_lead,35,0.108665843,6.479770802,4.645960114,-0.2118853326,0.08240619813,0.002399966817,6
cma,northwest_india,by_lead,35,0.2365484171,5.245659454,3.693558394,-1.609975837,-0.08828516802,0,1
cma,northwest_india,by_lead,35,0.08590163603,5.782657654,4.162462151,-1.766652544,-0.03442845447,0.001098722596,2
cma,northwest_india,by_lead,35,0.08115808797,5.844785423,4.267395307,-1.502631972,0.0600158,0,3
cma,northwest_india,by_lead,35,0.03403371414,5.603827224,4.130795076,-0.91556587,0.09423276497,0,4
cma,northwest_india,by_lead,35,0.00111908483,5.363605103,3.875563744,-0.9978164131,0.06490860131,0.001439372035,5
cma,northwest_india,by_lead,35,0.02649367549,5.300860882,3.81602687,-0.9304189858,0.09496029166,0.006079234555,6
cma,south_peninsula,by_lead,35,0.3130160427,7.130650704,4.732083578,0.9174454396,0.02845092565,0,1
cma,south_peninsula,by_lead,35,0.1314554404,7.480889789,5.268352753,2.036872727,0.09770395984,0,2
cma,south_peninsula,by_lead,35,0.1486201141,6.612360145,4.900744645,1.624663495,0.1231670453,0,3
cma,south_peninsula,by_lead,35,0.1251878399,6.644405493,5.232025936,1.611006845,0.1249462459,0,4
cma,south_peninsula,by_lead,35,0.1330716122,6.738881437,5.173774693,1.141696504,0.1102370436,0,5
cma,south_peninsula,by_lead,35,0.1574199043,6.855875352,5.208769534,1.004613209,0.1049931795,0,6
dlesym_v0,central_india,by_lead,35,0.4410802384,5.680361568,3.950144408,-1.773170091,0.006641240016,0,1
dlesym_v0,central_india,by_lead,35,0.149483433,7.027495784,5.11238728,-1.681186492,-0.01814625706,0,2
dlesym_v0,central_india,by_lead,35,0.1059207394,7.619408248,5.611227048,-2.933016771,-0.05727727697,0,3
dlesym_v0,central_india,by_lead,35,0.04563831522,7.934961832,5.901696696,-3.121411498,-0.08139985514,0,4
dlesym_v0,central_india,by_lead,35,0.07705412916,7.300569613,5.502001273,-3.446406738,-0.1005297495,0,5
dlesym_v0,central_india,by_lead,35,0.02423062398,7.025216257,5.383265108,-2.888157,-0.08577108769,0,6
dlesym_v0,east_northeast_india,by_lead,35,0.403006319,5.649259105,4.657995832,2.57994917,0.04342178753,0,1
dlesym_v0,east_northeast_india,by_lead,35,0.2995280109,6.458011145,5.355431216,2.779676267,0.03830387959,0,2
dlesym_v0,east_northeast_india,by_lead,35,0.1471647016,7.693484527,6.375517294,3.777768378,0.05328845669,0,3
dlesym_v0,east_northeast_india,by_lead,35,0.01460921704,8.010326451,6.829719226,4.111688589,0.07166437062,0,4
dlesym_v0,east_northeast_india,by_lead,35,0.03311234832,7.246492797,6.052171909,3.39628584,0.06704692331,0,5
dlesym_v0,east_northeast_india,by_lead,35,-0.008784102151,6.578418894,5.470035019,2.20547811,0.07821698947,0,6
dlesym_v0,india,by_lead,35,0.428651774,5.500332893,3.816208131,-0.1463770534,0.07017749509,0,1
dlesym_v0,india,by_lead,35,0.1923615468,6.631079968,4.686277599,-0.4868126383,0.02825477022,0,2
dlesym_v0,india,by_lead,35,0.05558396345,7.257472122,5.167148763,-1.127090685,-0.004444350341,0,3
dlesym_v0,india,by_lead,35,-0.0504182623,7.361410832,5.327085972,-1.386469698,-0.02624813096,0,4
dlesym_v0,india,by_lead,35,-0.006581572875,7.011728738,5.035996299,-1.351042172,-0.01786622359,0,5
dlesym_v0,india,by_lead,35,-0.008535299719,6.647003895,4.856689988,-1.203778066,0.01122254657,0,6
dlesym_v0,northwest_india,by_lead,35,0.3502775617,4.66886155,3.537638148,1.024865124,0.1584003506,0,1
dlesym_v0,northwest_india,by_lead,35,0.1558988193,5.638700938,4.199522118,0.4099190342,0.1058922371,0,2
dlesym_v0,northwest_india,by_lead,35,-0.000994068641,6.040521251,4.567982629,-0.3595657147,0.06528290781,0,3
dlesym_v0,northwest_india,by_lead,35,-0.03334274345,5.713260431,4.260568537,-0.8573072008,0.03802280513,0,4
dlesym_v0,northwest_india,by_lead,35,-0.05318908878,5.600442337,4.196296771,-0.3029830846,0.0182490364,0,5
dlesym_v0,northwest_india,by_lead,35,-0.01291861742,5.378624506,4.044616239,-0.5036436969,0.05190860052,0,6
dlesym_v0,south_peninsula,by_lead,35,0.2150274699,5.323313402,3.364414376,-1.782311825,0.03669806403,0,1
dlesym_v0,south_peninsula,by_lead,35,0.08498902974,6.271995007,4.231471548,-2.933416006,-0.05217456563,0,2
dlesym_v0,south_peninsula,by_lead,35,0.04248871686,6.392668722,4.42208311,-3.51578878,-0.09808119436,0,3
dlesym_v0,south_peninsula,by_lead,35,-0.02908598648,7.011281305,5.052323603,-3.952968255,-0.1401666079,0,4
dlesym_v0,south_peninsula,by_lead,35,-0.02552375891,6.820510997,4.944837965,-3.595551779,-0.0007113072895,0,5
dlesym_v0,south_peninsula,by_lead,35,-0.01734080202,6.537227605,4.949217398,-2.323589889,0.06509986641,0,6
ecmwf,central_india,by_lead,35,0.6135823893,4.983909791,3.697521247,1.014450307,0.02427741318,0,1
ecmwf,central_india,by_lead,35,0.2954742031,5.868868823,4.52102744,1.018856336,0.05960461571,0,2
ecmwf,central_india,by_lead,35,0.2151126715,5.801151287,4.462954526,0.3791544061,0.0931472563,0,3
ecmwf,central_india,by_lead,35,0.2022330678,5.734650092,4.38115248,0.01331374929,0.1135442152,0,4
ecmwf,central_india,by_lead,35,0.1291034424,6.007330092,4.673899288,0.102245469,0.1046247701,0,5
ecmwf,central_india,by_lead,35,0.08703429566,5.652161811,4.423098581,0.4683009107,0.1198378117,0,6
ecmwf,east_northeast_india,by_lead,35,0.492573668,4.700471147,3.608661866,1.059641294,0.02863263607,0,1
ecmwf,east_northeast_india,by_lead,35,0.3530870244,5.308090366,4.211596853,0.7253806299,0.03818886479,0,2
ecmwf,east_northeast_india,by_lead,35,0.2537233015,5.649098195,4.57020403,1.408333927,0.06928336508,0,3
ecmwf,east_northeast_india,by_lead,35,0.181037756,5.598662807,4.594470205,1.400593135,0.1221335715,0,4
ecmwf,east_northeast_india,by_lead,35,0.1552804198,5.337866924,4.425150509,1.037491822,0.1350474062,0,5
ecmwf,east_northeast_india,by_lead,35,0.1376876835,5.163333172,4.261384673,0.896553379,0.1531589479,0,6
ecmwf,india,by_lead,35,0.6599625416,4.512925583,3.123771805,0.5606756461,0.03979515293,0,1
ecmwf,india,by_lead,35,0.4452010628,5.214358749,3.791035429,0.4182834709,0.08895052653,0,2
ecmwf,india,by_lead,35,0.2923308907,5.368225991,3.943019751,0.2203871418,0.1222304595,0,3
ecmwf,india,by_lead,35,0.2130916322,5.400605,3.975425118,0.05536429415,0.1322238451,0,4
ecmwf,india,by_lead,35,0.1384244582,5.57603043,4.134990319,0.07830300588,0.1278862389,0,5
ecmwf,india,by_lead,35,0.08326693775,5.368170584,3.963333968,0.1824094961,0.1312678921,0,6
ecmwf,northwest_india,by_lead,35,0.5319674368,3.732380244,2.586262201,-0.2404210777,0.03677310504,0,1
ecmwf,northwest_india,by_lead,35,0.3116349643,4.476112015,3.241029703,-0.3838870246,0.1265218403,0,2
ecmwf,northwest_india,by_lead,35,0.1625626404,4.755069499,3.496931039,-0.2995648101,0.1697400577,0,3
ecmwf,northwest_india,by_lead,35,0.07485474673,4.591969856,3.434016366,-0.4935472558,0.1596190651,0,4
ecmwf,northwest_india,by_lead,35,0.05071442916,4.623656659,3.443399011,-0.3957314523,0.1528941138,0,5
ecmwf,northwest_india,by_lead,35,0.05546140994,4.388946416,3.249473151,-0.4600525296,0.1371568717,0,6
ecmwf,south_peninsula,by_lead,35,0.5911654453,3.748795593,2.638478897,0.8878945979,0.08929853133,0,1
ecmwf,south_peninsula,by_lead,35,0.4408143448,4.14285513,3.063467517,0.6157829255,0.1157802327,0,2
ecmwf,south_peninsula,by_lead,35,0.2829531585,4.317130708,3.241073682,-0.07781849362,0.1289142463,0,3
ecmwf,south_peninsula,by_lead,35,0.2100632306,4.806567,3.728495038,0.09769437814,0.1212609769,0,4
ecmwf,south_peninsula,by_lead,35,0.1061572162,5.39393835,4.23741869,0.1747087948,0.1158574164,0,5
ecmwf,south_peninsula,by_lead,35,0.1053197464,5.467212405,4.273419254,0.3196753117,0.12234116,0,6
equal_weight,central_india,by_lead,35,0.6237550616,4.465548545,3.219286039,-0.0538285777,0.01437766862,0,1
equal_weight,central_india,by_lead,35,0.3186551905,5.575895146,4.125323426,-0.2962191881,0.05295678095,0,2
equal_weight,central_india,by_lead,35,0.2100400576,5.794293287,4.215388307,-1.0373705,0.09571734394,0,3
equal_weight,central_india,by_lead,35,0.2200503909,5.809105112,4.315066796,-1.272734983,0.1144804557,0,4
equal_weight,central_india,by_lead,35,0.1627059517,5.842577572,4.435406112,-1.070728504,0.09109596204,0,5
equal_weight,central_india,by_lead,35,0.08358923564,5.581945278,4.299861289,-0.4024487382,0.107515715,0,6
equal_weight,east_northeast_india,by_lead,35,0.6056458471,4.205801026,3.422191029,1.411397632,0.03517219025,0,1
equal_weight,east_northeast_india,by_lead,35,0.4932757053,4.810851506,3.828920245,1.021232955,0.03830387959,0,2
equal_weight,east_northeast_india,by_lead,35,0.3688899818,5.451877556,4.495451886,1.531265965,0.07006971324,0,3
equal_weight,east_northeast_india,by_lead,35,0.2514936127,5.486801575,4.619506095,1.898449701,0.1236950256,0,4
equal_weight,east_northeast_india,by_lead,35,0.258629631,5.088874489,4.270676304,1.282200059,0.134486741,0,5
equal_weight,east_northeast_india,by_lead,35,0.21371555,4.858009535,4.046915951,0.7600475284,0.1530872678,0,6
equal_weight,india,by_lead,35,0.6700467763,4.221150634,2.95420655,0.09604965682,0.05393053994,0,1
equal_weight,india,by_lead,35,0.4381577326,5.088855792,3.648585313,-0.255896826,0.09043304657,0,2
equal_weight,india,by_lead,35,0.2669808845,5.427597634,3.874104099,-0.6282702604,0.128133683,0,3
equal_weight,india,by_lead,35,0.172828848,5.520630019,3.986155468,-0.7071262929,0.1446671296,0,4
equal_weight,india,by_lead,35,0.1547294618,5.495597624,3.984627311,-0.6408029576,0.1257954037,0,5
equal_weight,india,by_lead,35,0.1397580949,5.291319367,3.845216208,-0.4324581396,0.1381064951,0,6
equal_weight,northwest_india,by_lead,35,0.5165624376,3.671354302,2.624962616,-0.2309424799,0.0752220294,0,1
equal_weight,northwest_india,by_lead,35,0.2284653124,4.593315409,3.358440125,-0.7022408661,0.1340617378,0,2
equal_weight,northwest_india,by_lead,35,0.07910967233,4.869916397,3.541107004,-1.055192571,0.1802944526,0,3
equal_weight,northwest_india,by_lead,35,-0.008606635339,4.761285077,3.52542371,-1.201165283,0.1918379839,0,4
equal_weight,northwest_india,by_lead,35,-0.004261199978,4.598890596,3.377878153,-1.061284679,0.1600409012,0,5
equal_weight,northwest_india,by_lead,35,0.04040989542,4.424189615,3.237060172,-1.002784159,0.1682675723,0,6
equal_weight,south_peninsula,by_lead,35,0.4826165192,3.849802794,2.681106143,-0.08970690396,0.1081399089,0,1
equal_weight,south_peninsula,by_lead,35,0.3204646247,4.275381638,3.110222203,-0.377447289,0.1224587808,0,2
equal_weight,south_peninsula,by_lead,35,0.2302337682,4.537421083,3.307523499,-0.8292531954,0.1364327033,0,3
equal_weight,south_peninsula,by_lead,35,0.1538318702,4.926169233,3.712255633,-0.8439078832,0.1249462459,0,4
equal_weight,south_peninsula,by_lead,35,0.1206756514,5.273043006,4.09180385,-0.5940254461,0.1163372646,0,5
equal_weight,south_peninsula,by_lead,35,0.1516013514,5.208436129,4.025039165,-0.3544531438,0.1230888892,0,6
fuxi_s2s,central_india,by_lead,35,0.5840209286,4.977401853,3.610141347,0.2064849704,-0.02625947977,0,1
fuxi_s2s,central_india,by_lead,35,0.2965031135,6.3450973,4.714994028,0.4512349382,0.005445059975,0,2
fuxi_s2s,central_india,by_lead,35,0.2321430125,6.223013558,4.647244473,-0.9089273639,0.0369509827,0,3
fuxi_s2s,central_india,by_lead,35,0.2876759714,5.746306533,4.233996488,-1.503448205,0.06173251321,0,4
fuxi_s2s,central_india,by_lead,35,0.1874082976,6.059872698,4.572085564,-1.010817521,0.0658611371,0,5
fuxi_s2s,central_india,by_lead,35,0.137924232,5.891215763,4.551688644,-0.2549058688,0.06703844988,0,6
fuxi_s2s,east_northeast_india,by_lead,35,0.4571055092,5.189956094,3.982400223,1.544621535,0.02368895454,0,1
fuxi_s2s,east_northeast_india,by_lead,35,0.3301498005,6.09728815,4.764672115,1.420937309,0.03645311559,0,2
fuxi_s2s,east_northeast_india,by_lead,35,0.1292477296,7.423622327,5.832096121,2.208000366,0.06597706868,0,3
fuxi_s2s,east_northeast_india,by_lead,35,-0.01807430118,7.783075703,6.128915369,3.057487299,0.106787284,0,4
fuxi_s2s,east_northeast_india,by_lead,35,-0.05092312979,6.991206506,5.590615918,2.4661871,0.1145976805,0,5
fuxi_s2s,east_northeast_india,by_lead,35,-0.04804223848,6.129569265,4.891327099,1.321446441,0.1296548874,0,6
fuxi_s2s,india,by_lead,35,0.6008281712,4.767794505,3.261118853,-0.01203232657,-0.01772586586,0,1
fuxi_s2s,india,by_lead,35,0.3889326549,5.823625882,4.108933931,-0.03748384588,-0.002235182673,0,2
fuxi_s2s,india,by_lead,35,0.2135558473,6.033546271,4.221744593,-0.6102974285,0.04020888908,0,3
fuxi_s2s,india,by_lead,35,0.1564685482,5.946560488,4.179304522,-0.6437013697,0.08137309205,0,4
fuxi_s2s,india,by_lead,35,0.1425847684,5.941319942,4.281642949,-0.4734045064,0.09269306083,0,5
fuxi_s2s,india,by_lead,35,0.1543716588,5.585974813,4.028681499,-0.398980816,0.08757694162,0,6
fuxi_s2s,northwest_india,by_lead,35,0.4479968083,4.072922391,2.850215751,-0.5741017687,0.006778137539,0,1
fuxi_s2s,northwest_india,by_lead,35,0.2038928122,5.091894087,3.676244087,-0.6949757448,0.02163481742,0,2
fuxi_s2s,northwest_india,by_lead,35,0.1315291106,4.910400303,3.520075362,-0.9990840924,0.0796163178,0,3
fuxi_s2s,northwest_india,by_lead,35,-0.008510151319,4.997286581,3.654862053,-1.15800196,0.09958809098,0,4
fuxi_s2s,northwest_india,by_lead,35,-0.002414381336,4.868228015,3.520165008,-1.289515712,0.1138773654,0,5
fuxi_s2s,northwest_india,by_lead,35,0.07728620242,4.480809366,3.202443008,-1.397978584,0.09191548365,0,6
fuxi_s2s,south_peninsula,by_lead,35,0.5152049392,4.041335972,2.755552238,-0.6841152079,-0.09120736322,0,1
fuxi_s2s,south_peninsula,by_lead,35,0.4037133935,4.517872368,3.170348521,-0.9800675741,-0.1059381711,0,2
fuxi_s2s,south_peninsula,by_lead,35,0.2798475869,4.855872324,3.368219764,-1.733611725,-0.06235653781,0,3
fuxi_s2s,south_peninsula,by_lead,35,0.2895006743,4.63056365,3.40800464,-1.127127966,0.05967589274,0,4
fuxi_s2s,south_peninsula,by_lead,35,0.1806877013,5.4028565,4.119993923,-0.2770579871,0.08290389123,0,5
fuxi_s2s,south_peninsula,by_lead,35,0.2178503102,5.191012909,3.929798199,-0.1154201277,0.08258332744,0,6
location_calendar_only,central_india,by_lead,35,0.07315576259,6.492895185,4.916170132,-0.8206730129,0.07601977415,0,1
location_calendar_only,central_india,by_lead,35,0.07288151202,6.472679818,4.894673005,-0.8773277828,0.06347737916,0,2
location_calendar_only,central_india,by_lead,35,0.06670583125,6.318422327,4.867095504,-0.4856733847,0.1084289165,0,3
location_calendar_only,central_india,by_lead,35,0.09985439853,6.035335271,4.665831553,-0.2887086204,0.1256764795,7.921803752e-05,4
location_calendar_only,central_india,by_lead,35,0.08174964967,6.030857066,4.623100128,-0.5787638951,0.09062259366,0,5
location_calendar_only,central_india,by_lead,35,0.1682515327,5.513207384,4.229881737,-0.3686015149,0.09760389948,0,6
location_calendar_only,east_northeast_india,by_lead,35,-0.2002925133,6.123409779,5.075787689,1.786967467,0.04342178753,0,1
location_calendar_only,east_northeast_india,by_lead,35,-0.1190849594,6.028182691,4.963536906,1.487965277,0.03830387959,0,2
location_calendar_only,east_northeast_india,by_lead,35,0.05777144932,5.569853544,4.552274034,0.8166278616,0.07006971324,0,3
location_calendar_only,east_northeast_india,by_lead,35,0.09326226836,5.249338016,4.361898994,1.072447071,0.1140673526,0,4
location_calendar_only,east_northeast_india,by_lead,35,-0.03958051899,5.168286919,4.335989667,1.240352368,0.1283277308,0,5
location_calendar_only,east_northeast_india,by_lead,35,0.03094237617,4.956453733,4.147185939,1.045661774,0.1379517137,0,6
location_calendar_only,india,by_lead,35,0.08509299514,5.841916918,4.253195558,-0.3785169123,0.1485676698,0,1
location_calendar_only,india,by_lead,35,0.05782802296,5.821347406,4.247034276,-0.4876328658,0.1304652065,0,2
location_calendar_only,india,by_lead,35,0.113570329,5.651817675,4.168468166,-0.444385349,0.1420027821,0.001791270912,3
location_calendar_only,india,by_lead,35,0.1311517199,5.50726196,4.059755053,-0.3207725805,0.1544660396,0.001878203237,4
location_calendar_only,india,by_lead,35,0.1073005845,5.491070934,4.020315146,-0.4067094362,0.1480916709,0,5
location_calendar_only,india,by_lead,35,0.1109689792,5.211028856,3.799127618,-0.3743867371,0.1426874816,0,6
location_calendar_only,northwest_india,by_lead,35,0.2319392424,4.805863284,3.59493116,-0.917624592,0.2662667806,0,1
location_calendar_only,northwest_india,by_lead,35,0.2244701553,4.886355498,3.645890344,-1.054420591,0.2338316846,0,2
location_calendar_only,northwest_india,by_lead,35,0.2503023128,4.866346331,3.583303314,-1.271380348,0.2071417858,0.005107771282,3
location_calendar_only,northwest_india,by_lead,35,0.2404943995,4.640035333,3.467964849,-1.072634851,0.213479631,0.005278997547,4
location_calendar_only,northwest_india,by_lead,35,0.2007231473,4.442951026,3.336172192,-0.7947851887,0.2266866238,0,5
location_calendar_only,northwest_india,by_lead,35,0.1308734898,4.231072072,3.173388413,-0.7764689741,0.1973365778,0,6
location_calendar_only,south_peninsula,by_lead,35,0.06690818853,4.704861206,3.531548196,-0.2715312836,0.1421941601,0,1
location_calendar_only,south_peninsula,by_lead,35,0.03627004566,4.679390297,3.531219683,-0.2558734458,0.1315902959,0,2
location_calendar_only,south_peninsula,by_lead,35,0.06959709994,4.571284164,3.617195627,0.2785236331,0.1373003945,0,3
location_calendar_only,south_peninsula,by_lead,35,0.05576289557,4.821938307,3.792849386,-0.03735408834,0.1239585926,0,4
location_calendar_only,south_peninsula,by_lead,35,0.07713652083,5.102910849,3.948652126,-0.7186581917,0.1163372646,0,5
location_calendar_only,south_peninsula,by_lead,35,-0.03468632798,5.122121824,3.932583111,-0.8208622324,0.1230888892,0,6
ncep,central_india,by_lead,35,0.3371767339,6.19109138,4.569721196,-1.244892294,-0.05764283352,0,1
ncep,central_india,by_lead,35,0.1495112582,7.174646167,5.335013313,-1.561048272,-0.04824153914,0,2
ncep,central_india,by_lead,35,0.1496064106,6.743311398,4.986562864,-2.191217735,0.04197636859,0,3
ncep,central_india,by_lead,35,0.1578339759,6.544937612,4.786414749,-2.845058868,0.0130962815,0.0002426591707,4
ncep,central_india,by_lead,35,0.1334750054,6.571115634,4.968181794,-2.853475974,-0.02492063489,0.0002360139843,5
ncep,central_india,by_lead,35,0.09678031892,5.854199623,4.264680437,-1.473631012,0.03030953011,0.0001573426597,6
ncep,east_northeast_india,by_lead,35,0.3776247805,6.744078,5.305817029,0.3630973365,0.006508889919,0,1
ncep,east_northeast_india,by_lead,35,0.3200176659,7.255310232,5.734212164,0.8882805811,0.01802094444,0,2
ncep,east_northeast_india,by_lead,35,0.2534705738,7.089863008,5.601684158,1.219711558,0.05993171046,0,3
ncep,east_northeast_india,by_lead,35,0.2293586778,6.33261141,4.994029413,0.7160948095,0.08050682137,0,4
ncep,east_northeast_india,by_lead,35,0.2628303878,5.789782254,4.553079303,-0.3365069163,0.02861570179,0,5
ncep,east_northeast_india,by_lead,35,0.2231027827,5.660476496,4.487247398,-0.5418313836,0.09804431352,0,6
ncep,india,by_lead,35,0.3898498527,6.105866155,4.296127649,-0.8227928192,-0.04262497697,0,1
ncep,india,by_lead,35,0.1835093758,6.885954801,4.920108961,-1.125819902,-0.04416942463,0,2
ncep,india,by_lead,35,0.1276454208,6.602181053,4.716415472,-1.45032404,0.01143415234,0,3
ncep,india,by_lead,35,0.07473193478,6.504813224,4.574327209,-1.936634201,0.006934060496,0.0001808459895,4
ncep,india,by_lead,35,0.07562427032,6.434342824,4.549755002,-2.064829026,-0.02323135579,0.0001862719169,5
ncep,india,by_lead,35,0.07275586518,5.995230857,4.17087871,-1.42763034,0.01639879329,0.0006366695528,6
ncep,northwest_india,by_lead,35,0.1935977588,5.555538802,3.944210978,-1.123159267,-0.07087064935,0,1
ncep,northwest_india,by_lead,35,0.01335164876,6.225301278,4.561127074,-1.491377993,-0.08446272307,0,2
ncep,northwest_india,by_lead,35,-0.04023955489,5.995608967,4.376265608,-1.991049546,-0.0595161076,0,3
ncep,northwest_india,by_lead,35,-0.02946687299,5.71361192,4.217219409,-2.388632609,-0.06873590452,0.0002808568581,4
ncep,northwest_india,by_lead,35,-0.0722605359,5.566967194,4.044896212,-2.503605627,-0.09389041439,0.0003027593334,5
ncep,northwest_india,by_lead,35,0.0007009461088,5.254825914,3.811628826,-2.293061167,-0.0681932421,0.001663189075,6
ncep,south_peninsula,by_lead,35,0.2905127037,4.983122653,3.555264431,-0.3744264694,0.005106759982,0,1
ncep,south_peninsula,by_lead,35,0.1020390789,5.840804131,4.077522797,-1.271235852,-0.00530411061,0,2
ncep,south_peninsula,by_lead,35,0.08240749269,5.469278957,4.071865216,-1.176218455,0.05674330238,0,3
ncep,south_peninsula,by_lead,35,-0.00214281678,6.005517112,4.517783959,-1.48701749,0.09069217652,0,4
ncep,south_peninsula,by_lead,35,0.02266878535,6.17316692,4.763986702,-1.044180877,0.08616990954,0,5
ncep,south_peninsula,by_lead,35,0.001719091278,5.945318627,4.463067642,-0.2655089873,0.09581396695,0,6
neuralgcm,central_india,by_lead,35,0.4893289187,5.357883995,3.945230656,0.5368499457,0.01727777091,0,1
neuralgcm,central_india,by_lead,35,0.2327497503,6.033703592,4.529481499,0.04810211756,0.04616742226,0,2
neuralgcm,central_india,by_lead,35,0.1606856381,6.397918453,4.828056416,-1.076055726,0.09041200287,0,3
neuralgcm,central_india,by_lead,35,0.1734284744,6.309752791,4.856947299,-1.097916229,0.1134996902,0,4
neuralgcm,central_india,by_lead,35,0.08182745276,6.410365872,5.041161985,-0.255242831,0.1149852121,0,5
neuralgcm,central_india,by_lead,35,0.06155533792,5.971849755,4.62973276,0.03394281481,0.1274401071,0,6
neuralgcm,east_northeast_india,by_lead,35,0.5899644762,4.175344818,3.350881206,0.6937010254,0.04305777982,0,1
neuralgcm,east_northeast_india,by_lead,35,0.4837082959,4.879537629,3.874146715,-0.2844639858,0.03491294809,0,2
neuralgcm,east_northeast_india,by_lead,35,0.3996816129,5.359861285,4.352980128,0.7403049925,0.06851562259,0,3
neuralgcm,east_northeast_india,by_lead,35,0.3406853436,5.094857027,4.168145788,0.6911488475,0.1150042941,0,4
neuralgcm,east_northeast_india,by_lead,35,0.3430204216,4.917856312,4.022565407,0.03389529151,0.1044308971,0,5
neuralgcm,east_northeast_india,by_lead,35,0.3475205385,4.638185756,3.858475226,-0.1050923834,0.09309990362,0,6
neuralgcm,india,by_lead,35,0.5609651962,5.019782401,3.468448864,0.0960850436,0.05186528093,0,1
neuralgcm,india,by_lead,35,0.3522974546,5.638213467,4.032498627,-0.2718394724,0.07996852053,0,2
neuralgcm,india,by_lead,35,0.189875651,5.952878843,4.317346836,-0.7117779798,0.1040034459,0,3
neuralgcm,india,by_lead,35,0.1134108397,5.948381239,4.304786203,-0.8639405985,0.114136505,0,4
neuralgcm,india,by_lead,35,0.09492228484,5.994024311,4.374640821,-0.4622806697,0.1207718197,0,5
neuralgcm,india,by_lead,35,0.1061925324,5.609307296,4.064350827,-0.3595966091,0.123295452,0,6
neuralgcm,northwest_india,by_lead,35,0.3265777164,4.359314395,2.997268321,-0.5551781905,0.0592810159,0,1
neuralgcm,northwest_india,by_lead,35,0.1204254859,5.007153289,3.536768906,-0.9934707875,0.1092711738,0,2
neuralgcm,northwest_india,by_lead,35,0.02654230767,5.285208098,3.687412455,-1.49958125,0.1166604189,0,3
neuralgcm,northwest_india,by_lead,35,0.03142812502,5.168358879,3.658723916,-1.791438766,0.1094129385,0,4
neuralgcm,northwest_india,by_lead,35,0.08144994833,4.971855624,3.547527857,-1.382466217,0.1353368362,0,5
neuralgcm,northwest_india,by_lead,35,0.09525051392,4.663341143,3.353121247,-1.036796785,0.1339425153,0,6
neuralgcm,south_peninsula,by_lead,35,0.2798350491,5.282668584,3.59808126,0.03402108538,0.1166264925,0,1
neuralgcm,south_peninsula,by_lead,35,0.2061436821,5.576774526,4.21058264,0.6355776301,0.1288906792,0,2
neuralgcm,south_peninsula,by_lead,35,0.05092964037,5.838456927,4.579583393,0.42940152,0.1377802428,0,3
neuralgcm,south_peninsula,by_lead,35,-0.02574086291,5.921962867,4.673615325,0.2118964353,0.1249462459,0,4
neuralgcm,south_peninsula,by_lead,35,0.007367134036,6.368461239,5.095001433,0.6455284897,0.1163372646,0,5
neuralgcm,south_peninsula,by_lead,35,0.0451374147,5.911273382,4.610841067,0.05023998157,0.1192507393,0,6
piggycast_forecast_only,central_india,by_lead,35,0.6869372644,4.233977494,3.191287092,0.4633921331,0.02790017505,0.0007898866062,1
piggycast_forecast_only,central_india,by_lead,35,0.360112969,5.371576188,4.117867145,0.3629703858,0.05268818719,0,2
piggycast_forecast_only,central_india,by_lead,35,0.2616365397,5.64610861,4.216246849,-0.6812542125,0.09320713182,0.0001573426597,3
piggycast_forecast_only,central_india,by_lead,35,0.2670628314,5.560408651,4.167400579,-0.8972389716,0.1162428225,0,4
piggycast_forecast_only,central_india,by_lead,35,0.1131588759,5.941208038,4.534373766,-0.5839390325,0.09725705892,0,5
piggycast_forecast_only,central_india,by_lead,35,0.03795752583,5.500561615,4.226271042,-0.2789674242,0.09565872407,0,6
piggycast_forecast_only,east_northeast_india,by_lead,35,0.6149558392,4.070623341,3.295848142,1.080559636,0.04126738838,0,1
piggycast_forecast_only,east_northeast_india,by_lead,35,0.4800826932,4.822330684,3.86730982,0.8652261712,0.03830387959,0,2
piggycast_forecast_only,east_northeast_india,by_lead,35,0.2788945267,5.466265649,4.455573171,1.202125594,0.06898893238,0,3
piggycast_forecast_only,east_northeast_india,by_lead,35,0.09494248064,5.463479876,4.564642316,1.458281243,0.123524264,0,4
piggycast_forecast_only,east_northeast_india,by_lead,35,0.1010504052,5.203020405,4.392262027,1.318674603,0.1379223295,0,5
piggycast_forecast_only,east_northeast_india,by_lead,35,0.00718189448,4.973104811,4.169744911,1.063626276,0.144342087,0,6
piggycast_forecast_only,india,by_lead,35,0.7045943066,4.042408229,2.826350472,0.1039110732,0.0548994814,0.005440865177,1
piggycast_forecast_only,india,by_lead,35,0.4949475248,4.899311603,3.550412638,-0.0360760916,0.08827863117,0.002631746757,2
piggycast_forecast_only,india,by_lead,35,0.304786562,5.26766532,3.772031368,-0.5086555711,0.1281068267,0.001512794737,3
piggycast_forecast_only,india,by_lead,35,0.2352092052,5.308801131,3.833808789,-0.5563321415,0.1438700521,0,4
piggycast_forecast_only,india,by_lead,35,0.1433515003,5.457022575,3.986806611,-0.3964674205,0.1473684097,0,5
piggycast_forecast_only,india,by_lead,35,0.1497174551,5.190662129,3.784660684,-0.3336667972,0.1373010867,0,6
piggycast_forecast_only,northwest_india,by_lead,35,0.5554979293,3.535918295,2.456372413,-0.4970925577,0.0584117003,0.0147501379,1
piggycast_forecast_only,northwest_india,by_lead,35,0.2858032174,4.424387319,3.200533361,-0.7163708309,0.1259215462,0.007504370452,2
piggycast_forecast_only,northwest_india,by_lead,35,0.1977624957,4.653269194,3.355402457,-0.9656311856,0.1825404303,0.004161441586,3
piggycast_forecast_only,northwest_india,by_lead,35,0.08005093273,4.579371207,3.387112722,-1.044800325,0.1879872386,0,4
piggycast_forecast_only,northwest_india,by_lead,35,0.0151502063,4.444580205,3.322284284,-0.7970622766,0.2141377016,0,5
piggycast_forecast_only,northwest_india,by_lead,35,0.06492556904,4.217668777,3.142230567,-0.8169802622,0.181522554,0,6
piggycast_forecast_only,south_peninsula,by_lead,35,0.5739271527,3.557720202,2.430327771,-0.2456625734,0.1166281425,0,1
piggycast_forecast_only,south_peninsula,by_lead,35,0.5037161933,3.789544332,2.82522811,-0.2270770283,0.1273654018,0,2
piggycast_forecast_only,south_peninsula,by_lead,35,0.3102692283,4.236892887,3.113412024,-0.7283764079,0.1376602807,0,3
piggycast_forecast_only,south_peninsula,by_lead,35,0.2995300112,4.490341468,3.429722935,-0.6334427306,0.1248262839,0,4
piggycast_forecast_only,south_peninsula,by_lead,35,0.1430098649,5.069401032,3.905931634,-0.7114934108,0.1163372646,0,5
piggycast_forecast_only,south_peninsula,by_lead,35,0.2012351221,5.077572095,3.89744695,-0.6854790645,0.1222818988,0,6
piggycast_full,central_india,by_lead,35,0.6994877145,4.169806959,3.18304753,0.5115783383,0.01734409163,0.001335345723,1
piggycast_full,central_india,by_lead,35,0.3489278213,5.44507634,4.142742696,0.3742189518,0.0507959196,0,2
piggycast_full,central_india,by_lead,35,0.2307323765,5.662581119,4.26590018,-0.5203146574,0.09306138496,0,3
piggycast_full,central_india,by_lead,35,0.2487044602,5.516507419,4.151322858,-0.7763012183,0.1206183955,0.001502857646,4
piggycast_full,central_india,by_lead,35,0.1311356239,5.943110945,4.546226479,-0.5349471744,0.0957415461,0,5
piggycast_full,central_india,by_lead,35,0.02844036268,5.519243965,4.246764312,-0.2823449957,0.09019600566,0,6
piggycast_full,east_northeast_india,by_lead,35,0.6573874169,3.778363564,3.035183268,0.2128286779,0.03444417483,0,1
piggycast_full,east_northeast_india,by_lead,35,0.5208194052,4.636381478,3.701246769,0.1786118139,0.03830387959,0,2
piggycast_full,east_northeast_india,by_lead,35,0.283874633,5.324177643,4.334543778,0.5113726016,0.06857704631,0,3
piggycast_full,east_northeast_india,by_lead,35,0.07652451267,5.308438013,4.383516515,0.9378041796,0.1156922732,0,4
piggycast_full,east_northeast_india,by_lead,35,0.09529829034,5.168878686,4.347491304,1.242593491,0.1267065596,0,5
piggycast_full,east_northeast_india,by_lead,35,-0.02419099444,4.9541798,4.144652681,1.02056954,0.1380542209,0,6
piggycast_full,india,by_lead,35,0.7270406719,3.913295381,2.746493046,0.09457144094,0.04518975625,0.01533641236,1
piggycast_full,india,by_lead,35,0.5019653706,4.870857611,3.519185522,-0.08685858792,0.08331417081,0.007700621879,2
piggycast_full,india,by_lead,35,0.3366778977,5.232730325,3.776015567,-0.5194713597,0.1257530464,0.00136841466,3
piggycast_full,india,by_lead,35,0.2713541062,5.253542691,3.791392207,-0.5802252822,0.1399078137,0.006527167823,4
piggycast_full,india,by_lead,35,0.1533223233,5.451372691,3.987652893,-0.3828087862,0.1454405694,0,5
piggycast_full,india,by_lead,35,0.09284174425,5.209361311,3.797941839,-0.3414648199,0.1368058103,0,6
piggycast_full,northwest_india,by_lead,35,0.6362654292,3.335652922,2.347068065,-0.3316896786,0.05550116252,0.04237512682,1
piggycast_full,northwest_india,by_lead,35,0.3566995814,4.3074531,3.142738091,-0.6044818015,0.1203614349,0.02195816111,2
piggycast_full,northwest_india,by_lead,35,0.2624755926,4.612499635,3.335608034,-1.012457297,0.1763649901,0.003902005583,3
piggycast_full,northwest_india,by_lead,35,0.1900519894,4.541002886,3.336253711,-1.156259322,0.1772788495,0.0171577638,4
piggycast_full,northwest_india,by_lead,35,0.1053610609,4.430467966,3.317424006,-0.8030065361,0.2148605287,0,5
piggycast_full,northwest_india,by_lead,35,0.06869626249,4.230935222,3.154907185,-0.8174093439,0.188337906,0,6
piggycast_full,south_peninsula,by_lead,35,0.5473377616,3.579971025,2.430416485,0.0350076954,0.09125715486,0.0001393905883,1
piggycast_full,south_peninsula,by_lead,35,0.4628522745,3.849147206,2.857971116,-0.1761574552,0.1126579911,0,2
piggycast_full,south_peninsula,by_lead,35,0.2955305026,4.252437086,3.188202016,-0.3957416272,0.1371804324,0,3
piggycast_full,south_peninsula,by_lead,35,0.3153319652,4.501312797,3.478057897,-0.3140989772,0.1215547879,0,4
piggycast_full,south_peninsula,by_lead,35,0.09330292157,5.090946713,3.938061162,-0.6468642478,0.1163372646,0,5
piggycast_full,south_peninsula,by_lead,35,0.1065189096,5.118328607,3.93222732,-0.6861096895,0.1216809265,0,6
ukmo,central_india,by_lead,35,0.5952994295,5.863267152,4.209390216,0.9546498256,0.01380152378,0,1
ukmo,central_india,by_lead,35,0.3000695586,7.076135305,5.258617449,-0.5850833608,-0.001607165912,0,2
ukmo,central_india,by_lead,35,0.2384623656,6.7157228,4.942933471,-1.003415842,0.006044521216,0,3
ukmo,central_india,by_lead,35,0.1678470714,6.755744054,5.07590316,-0.6962718366,0.02803659725,0,4
ukmo,central_india,by_lead,35,0.08104807035,6.79927156,5.126551441,0.266764011,0.02535908079,0,5
ukmo,central_india,by_lead,35,0.05876172718,6.977804027,5.331324602,1.055370071,0.06752296224,0,6
ukmo,east_northeast_india,by_lead,35,0.4896546933,6.832488008,5.501125805,4.184288847,0.03208165327,0,1
ukmo,east_northeast_india,by_lead,35,0.3858947665,7.220230441,5.892466867,3.727751937,0.03830387959,0,2
ukmo,east_northeast_india,by_lead,35,0.1878351963,7.655486826,6.257326729,3.835085214,0.0592211889,0,3
ukmo,east_northeast_india,by_lead,35,0.1797162546,8.04050439,6.622057667,4.516888646,0.123884035,0,4
ukmo,east_northeast_india,by_lead,35,0.1559996873,6.290065059,5.211212212,2.802930017,0.1127062133,0,5
ukmo,east_northeast_india,by_lead,35,0.1730855729,6.04928809,4.995423127,2.41672689,0.1429100014,0,6
ukmo,india,by_lead,35,0.5788856866,5.855271505,4.014548136,1.518645802,0.04119149624,0,1
ukmo,india,by_lead,35,0.3265378996,6.581539395,4.686744712,0.2368947744,0.0146635944,0,2
ukmo,india,by_lead,35,0.1807934567,6.540391171,4.643980734,-0.2468620765,0.02569188728,0,3
ukmo,india,by_lead,35,0.108373759,6.640186135,4.773847391,-0.05016186168,0.04711988015,0,4
ukmo,india,by_lead,35,0.09902417953,6.32415041,4.519159777,0.1177396221,0.05214728728,0,5
ukmo,india,by_lead,35,0.06410631583,6.2799591,4.491395092,0.3922547334,0.08515850863,0,6
ukmo,northwest_india,by_lead,35,0.4752806297,5.133412884,3.556695103,1.461373644,0.04011672874,0,1
ukmo,northwest_india,by_lead,35,0.1694375988,5.774518687,4.159207458,0.004759000589,-0.005703914395,0,2
ukmo,northwest_india,by_lead,35,0.1110339283,5.791048513,4.205764497,-0.7348706241,0.01119349798,0,3
ukmo,northwest_india,by_lead,35,-0.002221815616,5.47795063,4.063746177,-0.803663252,0.01574855283,0,4
ukmo,northwest_india,by_lead,35,0.07920748678,5.043178269,3.655226587,-0.5568742231,0.04253749146,0,5
ukmo,northwest_india,by_lead,35,0.1112032593,4.784694422,3.451559872,-0.3975373288,0.0713899582,0,6
ukmo,south_peninsula,by_lead,35,0.485021842,4.531200927,3.2302676,0.3735440174,0.1095477572,0,1
ukmo,south_peninsula,by_lead,35,0.3306461646,4.836446395,3.519522795,-0.7456449085,0.07139385537,0,2
ukmo,south_peninsula,by_lead,35,0.2786246697,4.837845583,3.481161999,-1.355399899,0.06765400272,0,3
ukmo,south_peninsula,by_lead,35,0.1611295152,5.408798407,3.979197353,-1.260839137,0.08474097297,0,4
ukmo,south_peninsula,by_lead,35,0.1248503655,6.091426328,4.481882817,-1.203321269,0.07359869578,0,5
ukmo,south_peninsula,by_lead,35,0.05990191272,6.113356897,4.520565793,-1.151181477,0.09898216793,0,6
validation_selected_model,central_india,by_lead,35,0.5840209286,4.977401853,3.610141347,0.2064849704,-0.02625947977,0,1
validation_selected_model,central_india,by_lead,35,0.2954742031,5.868868823,4.52102744,1.018856336,0.05960461571,0,2
validation_selected_model,central_india,by_lead,35,0.2151126715,5.801151287,4.462954526,0.3791544061,0.0931472563,0,3
validation_selected_model,central_india,by_lead,35,0.2022330678,5.734650092,4.38115248,0.01331374929,0.1135442152,0,4
validation_selected_model,central_india,by_lead,35,0.1291034424,6.007330092,4.673899288,0.102245469,0.1046247701,0,5
validation_selected_model,central_india,by_lead,35,0.08703429566,5.652161811,4.423098581,0.4683009107,0.1198378117,0,6
validation_selected_model,east_northeast_india,by_lead,35,0.4571055092,5.189956094,3.982400223,1.544621535,0.02368895454,0,1
validation_selected_model,east_northeast_india,by_lead,35,0.3530870244,5.308090366,4.211596853,0.7253806299,0.03818886479,0,2
validation_selected_model,east_northeast_india,by_lead,35,0.2537233015,5.649098195,4.57020403,1.408333927,0.06928336508,0,3
validation_selected_model,east_northeast_india,by_lead,35,0.181037756,5.598662807,4.594470205,1.400593135,0.1221335715,0,4
validation_selected_model,east_northeast_india,by_lead,35,0.1552804198,5.337866924,4.425150509,1.037491822,0.1350474062,0,5
validation_selected_model,east_northeast_india,by_lead,35,0.1376876835,5.163333172,4.261384673,0.896553379,0.1531589479,0,6
validation_selected_model,india,by_lead,35,0.6008281712,4.767794505,3.261118853,-0.01203232657,-0.01772586586,0,1
validation_selected_model,india,by_lead,35,0.4452010628,5.214358749,3.791035429,0.4182834709,0.08895052653,0,2
validation_selected_model,india,by_lead,35,0.2923308907,5.368225991,3.943019751,0.2203871418,0.1222304595,0,3
validation_selected_model,india,by_lead,35,0.2130916322,5.400605,3.975425118,0.05536429415,0.1322238451,0,4
validation_selected_model,india,by_lead,35,0.1384244582,5.57603043,4.134990319,0.07830300588,0.1278862389,0,5
validation_selected_model,india,by_lead,35,0.08326693775,5.368170584,3.963333968,0.1824094961,0.1312678921,0,6
validation_selected_model,northwest_india,by_lead,35,0.4479968083,4.072922391,2.850215751,-0.5741017687,0.006778137539,0,1
validation_selected_model,northwest_india,by_lead,35,0.3116349643,4.476112015,3.241029703,-0.3838870246,0.1265218403,0,2
validation_selected_model,northwest_india,by_lead,35,0.1625626404,4.755069499,3.496931039,-0.2995648101,0.1697400577,0,3
validation_selected_model,northwest_india,by_lead,35,0.07485474673,4.591969856,3.434016366,-0.4935472558,0.1596190651,0,4
validation_selected_model,northwest_india,by_lead,35,0.05071442916,4.623656659,3.443399011,-0.3957314523,0.1528941138,0,5
validation_selected_model,northwest_india,by_lead,35,0.05546140994,4.388946416,3.249473151,-0.4600525296,0.1371568717,0,6
validation_selected_model,south_peninsula,by_lead,35,0.5152049392,4.041335972,2.755552238,-0.6841152079,-0.09120736322,0,1
validation_selected_model,south_peninsula,by_lead,35,0.4408143448,4.14285513,3.063467517,0.6157829255,0.1157802327,0,2
validation_selected_model,south_peninsula,by_lead,35,0.2829531585,4.317130708,3.241073682,-0.07781849362,0.1289142463,0,3
validation_selected_model,south_peninsula,by_lead,35,0.2100632306,4.806567,3.728495038,0.09769437814,0.1212609769,0,4
validation_selected_model,south_peninsula,by_lead,35,0.1061572162,5.39393835,4.23741869,0.1747087948,0.1158574164,0,5
validation_selected_model,south_peninsula,by_lead,35,0.1053197464,5.467212405,4.273419254,0.3196753117,0.12234116,0,6
validation_weighted,central_india,by_lead,35,0.6313553462,4.423935557,3.196815267,0.007556438222,0.01632143036,0,1
validation_weighted,central_india,by_lead,35,0.3237348168,5.532920965,4.098106282,-0.2328032939,0.0524781078,0,2
validation_weighted,central_india,by_lead,35,0.2176831676,5.766290102,4.201198649,-1.010628775,0.09525268987,0,3
validation_weighted,central_india,by_lead,35,0.2264418425,5.773852172,4.295246745,-1.216249544,0.1144738105,0,4
validation_weighted,central_india,by_lead,35,0.1648985453,5.831678473,4.43367424,-1.002031985,0.09162394713,0,5
validation_weighted,central_india,by_lead,35,0.08730455533,5.569175782,4.296305168,-0.3295216283,0.1079675089,0,6
validation_weighted,east_northeast_india,by_lead,35,0.6071774679,4.194965698,3.405300562,1.426120547,0.03517219025,0,1
validation_weighted,east_northeast_india,by_lead,35,0.4953696835,4.809818828,3.831718468,1.06401182,0.03830387959,0,2
validation_weighted,east_northeast_india,by_lead,35,0.3677198887,5.471143151,4.511089378,1.590246786,0.07006971324,0,3
validation_weighted,east_northeast_india,by_lead,35,0.2513463822,5.483159097,4.613615716,1.888833542,0.1236950256,0,4
validation_weighted,east_northeast_india,by_lead,35,0.2589768337,5.083312185,4.265435875,1.265989805,0.1361079122,0,5
validation_weighted,east_northeast_india,by_lead,35,0.2202116097,4.839908727,4.030814962,0.7402987006,0.1525412562,0,6
validation_weighted,india,by_lead,35,0.6758826173,4.185588854,2.929970389,0.1212228152,0.05514691364,0,1
validation_weighted,india,by_lead,35,0.4472211908,5.05356894,3.624477948,-0.2175133714,0.09087002615,0,2
validation_weighted,india,by_lead,35,0.2711756213,5.40868368,3.861363219,-0.603312923,0.1275146415,0,3
validation_weighted,india,by_lead,35,0.1795512521,5.494498107,3.970392027,-0.6743809692,0.1444494691,0,4
validation_weighted,india,by_lead,35,0.1596351901,5.483326541,3.980241515,-0.6068875821,0.1262487548,0,5
validation_weighted,india,by_lead,35,0.1445616104,5.275733182,3.834845072,-0.4031582527,0.136822687,0,6
validation_weighted,northwest_india,by_lead,35,0.5226536185,3.650502409,2.606968292,-0.2236561596,0.07767851659,0,1
validation_weighted,northwest_india,by_lead,35,0.2381539913,4.566287673,3.335298054,-0.6743878713,0.1351332154,0,2
validation_weighted,northwest_india,by_lead,35,0.08399799037,4.850213863,3.520990612,-1.033902837,0.1790340929,0,3
validation_weighted,northwest_india,by_lead,35,-0.006053809169,4.744780472,3.510455751,-1.185248216,0.1912237603,0,4
validation_weighted,northwest_india,by_lead,35,7.572930197e-05,4.590094688,3.369984356,-1.054250424,0.1601356068,0,5
validation_weighted,northwest_india,by_lead,35,0.04382159382,4.409969163,3.220537443,-1.006498834,0.1644010291,0,6
validation_weighted,south_peninsula,by_lead,35,0.4887912605,3.792745378,2.632816803,-0.09220239896,0.1062505964,0,1
validation_weighted,south_peninsula,by_lead,35,0.3343645585,4.213536254,3.065767201,-0.3728850284,0.1238453707,0,2
validation_weighted,south_peninsula,by_lead,35,0.2357401924,4.508300691,3.287717187,-0.8314264979,0.1363127412,0,3
validation_weighted,south_peninsula,by_lead,35,0.1614097564,4.889394475,3.694200057,-0.7854895239,0.1249462459,0,4
validation_weighted,south_peninsula,by_lead,35,0.1236929238,5.261939621,4.090248755,-0.5286559923,0.1163372646,0,5
validation_weighted,south_peninsula,by_lead,35,0.1531575771,5.196516872,4.018983888,-0.2999678832,0.1230888892,0,6
