case_id,erpas_init,year,week,valid_period_start,valid_period_end_exclusive,reference,system,fuxi_member_count,acc,rmse_mm_day
paired_20230607,2023-06-07,2023,1,2023-06-08,2023-06-15,IMERG Final V07B,erpas,0,0.6279072146319898,4.245048028909348
paired_20230607,2023-06-07,2023,2,2023-06-15,2023-06-22,IMERG Final V07B,erpas,0,0.4202834017170383,6.783500277702792
paired_20230607,2023-06-07,2023,3,2023-06-22,2023-06-29,IMERG Final V07B,erpas,0,0.36344692877372675,5.927628000700971
paired_20230607,2023-06-07,2023,4,2023-06-29,2023-07-06,IMERG Final V07B,erpas,0,-0.0823100255037698,6.839765226096899
paired_20230607,2023-06-07,2023,1,2023-06-08,2023-06-15,IMERG Final V07B,fuxi_2day,5,0.642505669041797,4.329143855937339
paired_20230607,2023-06-07,2023,2,2023-06-15,2023-06-22,IMERG Final V07B,fuxi_2day,5,-0.2792534277715017,9.12461514943481
paired_20230607,2023-06-07,2023,3,2023-06-22,2023-06-29,IMERG Final V07B,fuxi_2day,5,0.43156118047197056,5.396463860066614
paired_20230607,2023-06-07,2023,4,2023-06-29,2023-07-06,IMERG Final V07B,fuxi_2day,5,-0.23398742815025092,7.195573268615566
paired_20230607,2023-06-07,2023,1,2023-06-08,2023-06-15,IMERG Final V07B,fuxi_6day,5,-0.027473782850665998,6.727204621747156
paired_20230607,2023-06-07,2023,2,2023-06-15,2023-06-22,IMERG Final V07B,fuxi_6day,5,-0.2258670857900092,9.425349896588218
paired_20230607,2023-06-07,2023,3,2023-06-22,2023-06-29,IMERG Final V07B,fuxi_6day,5,-0.27127893161301425,7.610826781370948
paired_20230607,2023-06-07,2023,4,2023-06-29,2023-07-06,IMERG Final V07B,fuxi_6day,5,0.04553348328007841,6.682809943823853
paired_20230607,2023-06-07,2023,1,2023-06-08,2023-06-15,IMERG Final V07B,fuxi_exact,5,0.6806763309488542,4.010351672467642
paired_20230607,2023-06-07,2023,2,2023-06-15,2023-06-22,IMERG Final V07B,fuxi_exact,5,-0.41513083940019146,9.372622476961325
paired_20230607,2023-06-07,2023,3,2023-06-22,2023-06-29,IMERG Final V07B,fuxi_exact,5,-0.24218029889714004,9.497815195122035
paired_20230607,2023-06-07,2023,4,2023-06-29,2023-07-06,IMERG Final V07B,fuxi_exact,5,-0.2698722953737147,7.358454945347449
paired_20230614,2023-06-14,2023,1,2023-06-15,2023-06-22,IMERG Final V07B,erpas,0,0.7084322778394092,5.590243943566101
paired_20230614,2023-06-14,2023,2,2023-06-22,2023-06-29,IMERG Final V07B,erpas,0,0.12437341486862306,6.5727989900186845
paired_20230614,2023-06-14,2023,3,2023-06-29,2023-07-06,IMERG Final V07B,erpas,0,-0.13640114782655752,7.47866437992258
paired_20230614,2023-06-14,2023,4,2023-07-06,2023-07-13,IMERG Final V07B,erpas,0,-0.0714653943950144,6.958578475337843
paired_20230614,2023-06-14,2023,1,2023-06-15,2023-06-22,IMERG Final V07B,fuxi_2day,5,0.4206356546457087,6.702494955774288
paired_20230614,2023-06-14,2023,2,2023-06-22,2023-06-29,IMERG Final V07B,fuxi_2day,5,0.43019672633733763,5.643955358190374
paired_20230614,2023-06-14,2023,3,2023-06-29,2023-07-06,IMERG Final V07B,fuxi_2day,5,-0.09888424131857881,6.732553513131336
paired_20230614,2023-06-14,2023,4,2023-07-06,2023-07-13,IMERG Final V07B,fuxi_2day,5,0.010512854058698885,6.993800229933811
paired_20230614,2023-06-14,2023,1,2023-06-15,2023-06-22,IMERG Final V07B,fuxi_6day,5,-0.40967381503486666,9.112939389190656
paired_20230614,2023-06-14,2023,2,2023-06-22,2023-06-29,IMERG Final V07B,fuxi_6day,5,0.03014246445442565,7.644329795954015
paired_20230614,2023-06-14,2023,3,2023-06-29,2023-07-06,IMERG Final V07B,fuxi_6day,5,-0.2383341722618307,7.3953264893788715
paired_20230614,2023-06-14,2023,4,2023-07-06,2023-07-13,IMERG Final V07B,fuxi_6day,5,-0.19457127313062839,8.42168799595865
paired_20230614,2023-06-14,2023,1,2023-06-15,2023-06-22,IMERG Final V07B,fuxi_exact,5,0.5381529323635413,6.243252944465036
paired_20230614,2023-06-14,2023,2,2023-06-22,2023-06-29,IMERG Final V07B,fuxi_exact,5,0.5162291310723057,5.279061717340166
paired_20230614,2023-06-14,2023,3,2023-06-29,2023-07-06,IMERG Final V07B,fuxi_exact,5,-0.19399772916849012,7.420658123156314
paired_20230614,2023-06-14,2023,4,2023-07-06,2023-07-13,IMERG Final V07B,fuxi_exact,5,-0.32554004484562454,9.772021033061252
paired_20230621,2023-06-21,2023,1,2023-06-22,2023-06-29,IMERG Final V07B,erpas,0,0.6528744370154324,4.438398890903391
paired_20230621,2023-06-21,2023,2,2023-06-29,2023-07-06,IMERG Final V07B,erpas,0,0.43064156783755236,5.68800456377504
paired_20230621,2023-06-21,2023,3,2023-07-06,2023-07-13,IMERG Final V07B,erpas,0,-0.32616045200865457,8.29284028136318
paired_20230621,2023-06-21,2023,4,2023-07-13,2023-07-20,IMERG Final V07B,erpas,0,-0.006826335324671122,6.72854894538602
paired_20230621,2023-06-21,2023,1,2023-06-22,2023-06-29,IMERG Final V07B,fuxi_2day,5,0.6946084312875282,4.9045889541234
paired_20230621,2023-06-21,2023,2,2023-06-29,2023-07-06,IMERG Final V07B,fuxi_2day,5,-0.2124617142882641,8.369148140732241
paired_20230621,2023-06-21,2023,3,2023-07-06,2023-07-13,IMERG Final V07B,fuxi_2day,5,-0.1353955700032574,7.526457944819652
paired_20230621,2023-06-21,2023,4,2023-07-13,2023-07-20,IMERG Final V07B,fuxi_2day,5,-0.011374857290250857,6.54372666009129
paired_20230621,2023-06-21,2023,1,2023-06-22,2023-06-29,IMERG Final V07B,fuxi_6day,5,0.49896915706173134,5.809933202124268
paired_20230621,2023-06-21,2023,2,2023-06-29,2023-07-06,IMERG Final V07B,fuxi_6day,5,-0.12445937871817159,8.045763855880395
paired_20230621,2023-06-21,2023,3,2023-07-06,2023-07-13,IMERG Final V07B,fuxi_6day,5,-0.04132814281528476,8.033233421427365
paired_20230621,2023-06-21,2023,4,2023-07-13,2023-07-20,IMERG Final V07B,fuxi_6day,5,-0.23227776150037271,7.349660549316565
paired_20230621,2023-06-21,2023,1,2023-06-22,2023-06-29,IMERG Final V07B,fuxi_exact,5,0.7267696503074748,4.239496194386193
paired_20230621,2023-06-21,2023,2,2023-06-29,2023-07-06,IMERG Final V07B,fuxi_exact,5,0.14941549294322531,7.14653924992246
paired_20230621,2023-06-21,2023,3,2023-07-06,2023-07-13,IMERG Final V07B,fuxi_exact,5,-0.0733120818158943,7.809875043528622
paired_20230621,2023-06-21,2023,4,2023-07-13,2023-07-20,IMERG Final V07B,fuxi_exact,5,0.5414443189837419,5.1142845940822514
paired_20230628,2023-06-28,2023,1,2023-06-29,2023-07-06,IMERG Final V07B,erpas,0,0.30284593654593966,6.880917419136702
paired_20230628,2023-06-28,2023,2,2023-07-06,2023-07-13,IMERG Final V07B,erpas,0,-0.3581661841252273,8.12927120807712
paired_20230628,2023-06-28,2023,3,2023-07-13,2023-07-20,IMERG Final V07B,erpas,0,-0.08721059467038661,6.708692387055569
paired_20230628,2023-06-28,2023,4,2023-07-20,2023-07-27,IMERG Final V07B,erpas,0,0.19007042124851603,9.884217256977339
paired_20230628,2023-06-28,2023,1,2023-06-29,2023-07-06,IMERG Final V07B,fuxi_2day,5,0.32713143408654777,6.633743536940913
paired_20230628,2023-06-28,2023,2,2023-07-06,2023-07-13,IMERG Final V07B,fuxi_2day,5,-0.23366315064542892,8.602548574558613
paired_20230628,2023-06-28,2023,3,2023-07-13,2023-07-20,IMERG Final V07B,fuxi_2day,5,0.3714849833612393,5.704526086573005
paired_20230628,2023-06-28,2023,4,2023-07-20,2023-07-27,IMERG Final V07B,fuxi_2day,5,0.4750867199718635,8.901609360166585
paired_20230628,2023-06-28,2023,1,2023-06-29,2023-07-06,IMERG Final V07B,fuxi_6day,5,0.2284543119934647,7.645649953100311
paired_20230628,2023-06-28,2023,2,2023-07-06,2023-07-13,IMERG Final V07B,fuxi_6day,5,0.10850992238901316,7.252001303822601
paired_20230628,2023-06-28,2023,3,2023-07-13,2023-07-20,IMERG Final V07B,fuxi_6day,5,0.4698419043172073,5.113461963094658
paired_20230628,2023-06-28,2023,4,2023-07-20,2023-07-27,IMERG Final V07B,fuxi_6day,5,-0.04193659192375203,10.885792534101544
paired_20230628,2023-06-28,2023,1,2023-06-29,2023-07-06,IMERG Final V07B,fuxi_exact,5,0.4417865985402151,5.97174268952525
paired_20230628,2023-06-28,2023,2,2023-07-06,2023-07-13,IMERG Final V07B,fuxi_exact,5,-0.3273040865011505,9.40374369987459
paired_20230628,2023-06-28,2023,3,2023-07-13,2023-07-20,IMERG Final V07B,fuxi_exact,5,-0.04687801516248644,7.638541246892991
paired_20230628,2023-06-28,2023,4,2023-07-20,2023-07-27,IMERG Final V07B,fuxi_exact,5,0.480454158044976,8.771241404473031
paired_20230705,2023-07-05,2023,1,2023-07-06,2023-07-13,IMERG Final V07B,erpas,0,0.46121719828519053,5.815463950902796
paired_20230705,2023-07-05,2023,2,2023-07-13,2023-07-20,IMERG Final V07B,erpas,0,0.1687694992519257,6.1908632485267185
paired_20230705,2023-07-05,2023,3,2023-07-20,2023-07-27,IMERG Final V07B,erpas,0,0.4928717131784948,8.686698111650866
paired_20230705,2023-07-05,2023,4,2023-07-27,2023-08-03,IMERG Final V07B,erpas,0,0.23894035292353122,7.721556391696762
paired_20230705,2023-07-05,2023,1,2023-07-06,2023-07-13,IMERG Final V07B,fuxi_2day,5,0.32087475911183666,6.382899860127654
paired_20230705,2023-07-05,2023,2,2023-07-13,2023-07-20,IMERG Final V07B,fuxi_2day,5,0.3000879400556399,6.18147680055259
paired_20230705,2023-07-05,2023,3,2023-07-20,2023-07-27,IMERG Final V07B,fuxi_2day,5,0.47888072373837576,9.088826706114917
paired_20230705,2023-07-05,2023,4,2023-07-27,2023-08-03,IMERG Final V07B,fuxi_2day,5,0.22003585279119067,7.897219759703329
paired_20230705,2023-07-05,2023,1,2023-07-06,2023-07-13,IMERG Final V07B,fuxi_6day,5,-0.10444975183012507,7.78451411379448
paired_20230705,2023-07-05,2023,2,2023-07-13,2023-07-20,IMERG Final V07B,fuxi_6day,5,0.34160286662628647,6.4103336486331175
paired_20230705,2023-07-05,2023,3,2023-07-20,2023-07-27,IMERG Final V07B,fuxi_6day,5,0.5099897046253105,8.588087629489037
paired_20230705,2023-07-05,2023,4,2023-07-27,2023-08-03,IMERG Final V07B,fuxi_6day,5,0.27840872476898215,7.908943937188223
paired_20230705,2023-07-05,2023,1,2023-07-06,2023-07-13,IMERG Final V07B,fuxi_exact,5,0.28757078689843807,6.1125065408623875
paired_20230705,2023-07-05,2023,2,2023-07-13,2023-07-20,IMERG Final V07B,fuxi_exact,5,0.47133697650696005,5.661063434047143
paired_20230705,2023-07-05,2023,3,2023-07-20,2023-07-27,IMERG Final V07B,fuxi_exact,5,0.3492235073939313,9.543915966527168
paired_20230705,2023-07-05,2023,4,2023-07-27,2023-08-03,IMERG Final V07B,fuxi_exact,5,0.6596311730832719,6.0387332196483285
paired_20230712,2023-07-12,2023,1,2023-07-13,2023-07-20,IMERG Final V07B,erpas,0,0.3820053164454428,5.798424673706007
paired_20230712,2023-07-12,2023,2,2023-07-20,2023-07-27,IMERG Final V07B,erpas,0,0.6945445810783809,7.111612458853815
paired_20230712,2023-07-12,2023,3,2023-07-27,2023-08-03,IMERG Final V07B,erpas,0,0.13288013192539905,8.655682980936282
paired_20230712,2023-07-12,2023,4,2023-08-03,2023-08-10,IMERG Final V07B,erpas,0,0.6752383464226818,5.819366178220597
paired_20230712,2023-07-12,2023,1,2023-07-13,2023-07-20,IMERG Final V07B,fuxi_2day,5,0.6501807996654353,4.427780903688992
paired_20230712,2023-07-12,2023,2,2023-07-20,2023-07-27,IMERG Final V07B,fuxi_2day,5,0.4951022053052468,8.960447228899774
paired_20230712,2023-07-12,2023,3,2023-07-27,2023-08-03,IMERG Final V07B,fuxi_2day,5,0.4505416015846186,7.079175552027156
paired_20230712,2023-07-12,2023,4,2023-08-03,2023-08-10,IMERG Final V07B,fuxi_2day,5,0.7247461935306765,3.9009435968863535
paired_20230712,2023-07-12,2023,1,2023-07-13,2023-07-20,IMERG Final V07B,fuxi_6day,5,0.4420897125520552,5.639865757843706
paired_20230712,2023-07-12,2023,2,2023-07-20,2023-07-27,IMERG Final V07B,fuxi_6day,5,0.13944766152067375,10.459196536206472
paired_20230712,2023-07-12,2023,3,2023-07-27,2023-08-03,IMERG Final V07B,fuxi_6day,5,0.5042521535259883,6.7969906925883965
paired_20230712,2023-07-12,2023,4,2023-08-03,2023-08-10,IMERG Final V07B,fuxi_6day,5,0.6942703017743735,4.447999212332764
paired_20230712,2023-07-12,2023,1,2023-07-13,2023-07-20,IMERG Final V07B,fuxi_exact,5,0.49319717695916315,5.118959378823869
paired_20230712,2023-07-12,2023,2,2023-07-20,2023-07-27,IMERG Final V07B,fuxi_exact,5,0.6116287749825174,8.07010825566169
paired_20230712,2023-07-12,2023,3,2023-07-27,2023-08-03,IMERG Final V07B,fuxi_exact,5,0.608054695567753,6.2522506562631825
paired_20230712,2023-07-12,2023,4,2023-08-03,2023-08-10,IMERG Final V07B,fuxi_exact,5,0.3118838380062192,5.980197348718584
paired_20230719,2023-07-19,2023,1,2023-07-20,2023-07-27,IMERG Final V07B,erpas,0,0.657942903470165,7.828512483598921
paired_20230719,2023-07-19,2023,2,2023-07-27,2023-08-03,IMERG Final V07B,erpas,0,0.19048580227817627,7.854324029487648
paired_20230719,2023-07-19,2023,3,2023-08-03,2023-08-10,IMERG Final V07B,erpas,0,0.6802579331892364,6.0181658853684565
paired_20230719,2023-07-19,2023,4,2023-08-10,2023-08-17,IMERG Final V07B,erpas,0,0.46262752997799733,5.533838142439241
paired_20230719,2023-07-19,2023,1,2023-07-20,2023-07-27,IMERG Final V07B,fuxi_2day,5,0.5556621882156493,8.782344835213275
paired_20230719,2023-07-19,2023,2,2023-07-27,2023-08-03,IMERG Final V07B,fuxi_2day,5,0.1315707489012319,8.77285722307299
paired_20230719,2023-07-19,2023,3,2023-08-03,2023-08-10,IMERG Final V07B,fuxi_2day,5,0.34104979607117664,6.091503111424821
paired_20230719,2023-07-19,2023,4,2023-08-10,2023-08-17,IMERG Final V07B,fuxi_2day,5,0.11343301997146793,5.251400928896603
paired_20230719,2023-07-19,2023,1,2023-07-20,2023-07-27,IMERG Final V07B,fuxi_6day,5,0.6836726451087201,7.484486681994915
paired_20230719,2023-07-19,2023,2,2023-07-27,2023-08-03,IMERG Final V07B,fuxi_6day,5,0.006684617477367795,10.25460342309477
paired_20230719,2023-07-19,2023,3,2023-08-03,2023-08-10,IMERG Final V07B,fuxi_6day,5,0.37778694089383363,5.671208131526883
paired_20230719,2023-07-19,2023,4,2023-08-10,2023-08-17,IMERG Final V07B,fuxi_6day,5,0.46641194669209746,4.644648807232457
paired_20230719,2023-07-19,2023,1,2023-07-20,2023-07-27,IMERG Final V07B,fuxi_exact,5,0.689041609009385,7.484306526979011
paired_20230719,2023-07-19,2023,2,2023-07-27,2023-08-03,IMERG Final V07B,fuxi_exact,5,0.062455790063519936,9.117025295501556
paired_20230719,2023-07-19,2023,3,2023-08-03,2023-08-10,IMERG Final V07B,fuxi_exact,5,0.5969157418661702,5.418769109323969
paired_20230719,2023-07-19,2023,4,2023-08-10,2023-08-17,IMERG Final V07B,fuxi_exact,5,0.1623357918666837,4.611661858905416
paired_20230726,2023-07-26,2023,1,2023-07-27,2023-08-03,IMERG Final V07B,erpas,0,0.3859959179181356,7.544448430732987
paired_20230726,2023-07-26,2023,2,2023-08-03,2023-08-10,IMERG Final V07B,erpas,0,0.7181949612964157,4.725344041380862
paired_20230726,2023-07-26,2023,3,2023-08-10,2023-08-17,IMERG Final V07B,erpas,0,0.3738656515569634,5.6508075550090195
paired_20230726,2023-07-26,2023,4,2023-08-17,2023-08-24,IMERG Final V07B,erpas,0,0.10295269984551818,4.321503202560203
paired_20230726,2023-07-26,2023,1,2023-07-27,2023-08-03,IMERG Final V07B,fuxi_2day,5,0.7571909911319284,5.173474655062576
paired_20230726,2023-07-26,2023,2,2023-08-03,2023-08-10,IMERG Final V07B,fuxi_2day,5,0.7688557346632469,4.0197646891523044
paired_20230726,2023-07-26,2023,3,2023-08-10,2023-08-17,IMERG Final V07B,fuxi_2day,5,0.5771932212906082,4.107291277266442
paired_20230726,2023-07-26,2023,4,2023-08-17,2023-08-24,IMERG Final V07B,fuxi_2day,5,-0.16014502189776222,4.89866228946239
paired_20230726,2023-07-26,2023,1,2023-07-27,2023-08-03,IMERG Final V07B,fuxi_6day,5,0.2276158067982879,9.529797736566161
paired_20230726,2023-07-26,2023,2,2023-08-03,2023-08-10,IMERG Final V07B,fuxi_6day,5,0.46277479551607964,5.581359232718814
paired_20230726,2023-07-26,2023,3,2023-08-10,2023-08-17,IMERG Final V07B,fuxi_6day,5,0.17771342551410846,5.07458855287966
paired_20230726,2023-07-26,2023,4,2023-08-17,2023-08-24,IMERG Final V07B,fuxi_6day,5,0.18074169145214597,4.967834508285634
paired_20230726,2023-07-26,2023,1,2023-07-27,2023-08-03,IMERG Final V07B,fuxi_exact,5,0.7494842633936137,5.218027068048452
paired_20230726,2023-07-26,2023,2,2023-08-03,2023-08-10,IMERG Final V07B,fuxi_exact,5,0.6958037612467628,4.661184286526491
paired_20230726,2023-07-26,2023,3,2023-08-10,2023-08-17,IMERG Final V07B,fuxi_exact,5,0.6399644010549128,3.216455915602204
paired_20230726,2023-07-26,2023,4,2023-08-17,2023-08-24,IMERG Final V07B,fuxi_exact,5,-0.007325817737582145,4.332148332718267
paired_20230802,2023-08-02,2023,1,2023-08-03,2023-08-10,IMERG Final V07B,erpas,0,0.43185421328311757,5.876287764048881
paired_20230802,2023-08-02,2023,2,2023-08-10,2023-08-17,IMERG Final V07B,erpas,0,0.0011682865460024853,6.547998469375949
paired_20230802,2023-08-02,2023,3,2023-08-17,2023-08-24,IMERG Final V07B,erpas,0,0.11846140769186653,4.354987286114795
paired_20230802,2023-08-02,2023,4,2023-08-24,2023-08-31,IMERG Final V07B,erpas,0,-0.09668700005118548,7.135406918278168
paired_20230802,2023-08-02,2023,1,2023-08-03,2023-08-10,IMERG Final V07B,fuxi_2day,5,0.6735984011769149,4.652917180385018
paired_20230802,2023-08-02,2023,2,2023-08-10,2023-08-17,IMERG Final V07B,fuxi_2day,5,0.46075170266655874,5.029658966325772
paired_20230802,2023-08-02,2023,3,2023-08-17,2023-08-24,IMERG Final V07B,fuxi_2day,5,0.016564315998567062,5.777086863713897
paired_20230802,2023-08-02,2023,4,2023-08-24,2023-08-31,IMERG Final V07B,fuxi_2day,5,-0.14980374904098737,6.579023279065671
paired_20230802,2023-08-02,2023,1,2023-08-03,2023-08-10,IMERG Final V07B,fuxi_6day,5,0.737908337000309,4.028841945790061
paired_20230802,2023-08-02,2023,2,2023-08-10,2023-08-17,IMERG Final V07B,fuxi_6day,5,0.14993114517564166,4.595940508857916
paired_20230802,2023-08-02,2023,3,2023-08-17,2023-08-24,IMERG Final V07B,fuxi_6day,5,0.1863051641108956,4.001413709972314
paired_20230802,2023-08-02,2023,4,2023-08-24,2023-08-31,IMERG Final V07B,fuxi_6day,5,0.6180307942450297,4.741996668512905
paired_20230802,2023-08-02,2023,1,2023-08-03,2023-08-10,IMERG Final V07B,fuxi_exact,5,0.7452302076849846,4.637358008327095
paired_20230802,2023-08-02,2023,2,2023-08-10,2023-08-17,IMERG Final V07B,fuxi_exact,5,0.554653456638633,3.966195499537233
paired_20230802,2023-08-02,2023,3,2023-08-17,2023-08-24,IMERG Final V07B,fuxi_exact,5,0.1887550084674749,4.549975833014872
paired_20230802,2023-08-02,2023,4,2023-08-24,2023-08-31,IMERG Final V07B,fuxi_exact,5,-0.1309927164074844,7.135698531661652
paired_20230809,2023-08-09,2023,1,2023-08-10,2023-08-17,IMERG Final V07B,erpas,0,0.4434538107573088,4.0250307386002016
paired_20230809,2023-08-09,2023,2,2023-08-17,2023-08-24,IMERG Final V07B,erpas,0,0.17283797550961214,4.164454425461991
paired_20230809,2023-08-09,2023,3,2023-08-24,2023-08-31,IMERG Final V07B,erpas,0,-0.08872731702356554,7.735215356882991
paired_20230809,2023-08-09,2023,4,2023-08-31,2023-09-07,IMERG Final V07B,erpas,0,0.44339820465132834,5.062029474445266
paired_20230809,2023-08-09,2023,1,2023-08-10,2023-08-17,IMERG Final V07B,fuxi_2day,5,0.4972251728709446,4.915129201573728
paired_20230809,2023-08-09,2023,2,2023-08-17,2023-08-24,IMERG Final V07B,fuxi_2day,5,0.02554236432865247,6.901640212120438
paired_20230809,2023-08-09,2023,3,2023-08-24,2023-08-31,IMERG Final V07B,fuxi_2day,5,0.23890369831388888,4.853012694872204
paired_20230809,2023-08-09,2023,4,2023-08-31,2023-09-07,IMERG Final V07B,fuxi_2day,5,-0.22415502875011556,6.720449458882274
paired_20230809,2023-08-09,2023,1,2023-08-10,2023-08-17,IMERG Final V07B,fuxi_6day,5,0.5472813033798929,5.056069449303423
paired_20230809,2023-08-09,2023,2,2023-08-17,2023-08-24,IMERG Final V07B,fuxi_6day,5,0.051086064832793085,5.831923351323636
paired_20230809,2023-08-09,2023,3,2023-08-24,2023-08-31,IMERG Final V07B,fuxi_6day,5,-0.408694260533897,8.544468844373506
paired_20230809,2023-08-09,2023,4,2023-08-31,2023-09-07,IMERG Final V07B,fuxi_6day,5,-0.39167230084025323,6.795753650402279
paired_20230809,2023-08-09,2023,1,2023-08-10,2023-08-17,IMERG Final V07B,fuxi_exact,5,0.5714559588356234,3.9109071850044916
paired_20230809,2023-08-09,2023,2,2023-08-17,2023-08-24,IMERG Final V07B,fuxi_exact,5,0.09891827086745218,6.16377944411616
paired_20230809,2023-08-09,2023,3,2023-08-24,2023-08-31,IMERG Final V07B,fuxi_exact,5,0.3639640947010076,5.087391082831706
paired_20230809,2023-08-09,2023,4,2023-08-31,2023-09-07,IMERG Final V07B,fuxi_exact,5,-0.0293887327056325,6.789220586275746
paired_20230816,2023-08-16,2023,1,2023-08-17,2023-08-24,IMERG Final V07B,erpas,0,0.2905280840963405,4.187856220883666
paired_20230816,2023-08-16,2023,2,2023-08-24,2023-08-31,IMERG Final V07B,erpas,0,0.1270800240013332,6.499574033200941
paired_20230816,2023-08-16,2023,3,2023-08-31,2023-09-07,IMERG Final V07B,erpas,0,0.40741303662113043,5.171670716823317
paired_20230816,2023-08-16,2023,4,2023-09-07,2023-09-14,IMERG Final V07B,erpas,0,0.01977687543695932,5.3533184154907865
paired_20230816,2023-08-16,2023,1,2023-08-17,2023-08-24,IMERG Final V07B,fuxi_2day,5,0.2706585151038928,4.352765713632346
paired_20230816,2023-08-16,2023,2,2023-08-24,2023-08-31,IMERG Final V07B,fuxi_2day,5,0.7272489523070758,4.0673322083376675
paired_20230816,2023-08-16,2023,3,2023-08-31,2023-09-07,IMERG Final V07B,fuxi_2day,5,0.39072327206566665,4.669821725665384
paired_20230816,2023-08-16,2023,4,2023-09-07,2023-09-14,IMERG Final V07B,fuxi_2day,5,0.25036750390572776,4.98857373687617
paired_20230816,2023-08-16,2023,1,2023-08-17,2023-08-24,IMERG Final V07B,fuxi_6day,5,0.03661756777346514,6.872399722522229
paired_20230816,2023-08-16,2023,2,2023-08-24,2023-08-31,IMERG Final V07B,fuxi_6day,5,0.24990737704271265,5.124112919789167
paired_20230816,2023-08-16,2023,3,2023-08-31,2023-09-07,IMERG Final V07B,fuxi_6day,5,-0.1832866989703022,7.543181695452036
paired_20230816,2023-08-16,2023,4,2023-09-07,2023-09-14,IMERG Final V07B,fuxi_6day,5,0.05402654079191367,5.132596984536265
paired_20230816,2023-08-16,2023,1,2023-08-17,2023-08-24,IMERG Final V07B,fuxi_exact,5,0.30381629128266613,4.297760722306366
paired_20230816,2023-08-16,2023,2,2023-08-24,2023-08-31,IMERG Final V07B,fuxi_exact,5,0.8054270881197305,2.6968296746384017
paired_20230816,2023-08-16,2023,3,2023-08-31,2023-09-07,IMERG Final V07B,fuxi_exact,5,0.09201121006323287,6.052585129061038
paired_20230816,2023-08-16,2023,4,2023-09-07,2023-09-14,IMERG Final V07B,fuxi_exact,5,-0.24154276314361822,6.618049581381356
paired_20230823,2023-08-23,2023,1,2023-08-24,2023-08-31,IMERG Final V07B,erpas,0,0.7156893126299847,3.459220721182517
paired_20230823,2023-08-23,2023,2,2023-08-31,2023-09-07,IMERG Final V07B,erpas,0,0.4803496641371122,4.408745365462971
paired_20230823,2023-08-23,2023,3,2023-09-07,2023-09-14,IMERG Final V07B,erpas,0,0.011777326948701936,5.752102366243514
paired_20230823,2023-08-23,2023,4,2023-09-14,2023-09-21,IMERG Final V07B,erpas,0,-0.1381582541302847,8.014007078503173
paired_20230823,2023-08-23,2023,1,2023-08-24,2023-08-31,IMERG Final V07B,fuxi_2day,5,0.786158493784575,3.250858057579304
paired_20230823,2023-08-23,2023,2,2023-08-31,2023-09-07,IMERG Final V07B,fuxi_2day,5,0.4062450889070101,4.873651924039245
paired_20230823,2023-08-23,2023,3,2023-09-07,2023-09-14,IMERG Final V07B,fuxi_2day,5,-0.11702764700862096,5.92139475052337
paired_20230823,2023-08-23,2023,4,2023-09-14,2023-09-21,IMERG Final V07B,fuxi_2day,5,0.0035095684728854073,7.789837760137558
paired_20230823,2023-08-23,2023,1,2023-08-24,2023-08-31,IMERG Final V07B,fuxi_6day,5,0.7392798426593742,2.9777230447558796
paired_20230823,2023-08-23,2023,2,2023-08-31,2023-09-07,IMERG Final V07B,fuxi_6day,5,0.14319291525698258,5.653881948240897
paired_20230823,2023-08-23,2023,3,2023-09-07,2023-09-14,IMERG Final V07B,fuxi_6day,5,0.06353639233861702,5.443013301203826
paired_20230823,2023-08-23,2023,4,2023-09-14,2023-09-21,IMERG Final V07B,fuxi_6day,5,0.030742803100820785,7.984519041519131
paired_20230823,2023-08-23,2023,1,2023-08-24,2023-08-31,IMERG Final V07B,fuxi_exact,5,0.7946159790426295,3.076845859323593
paired_20230823,2023-08-23,2023,2,2023-08-31,2023-09-07,IMERG Final V07B,fuxi_exact,5,0.3861389875900154,5.113633849934883
paired_20230823,2023-08-23,2023,3,2023-09-07,2023-09-14,IMERG Final V07B,fuxi_exact,5,0.11429918931602288,5.291590588891329
paired_20230823,2023-08-23,2023,4,2023-09-14,2023-09-21,IMERG Final V07B,fuxi_exact,5,-0.022399382377602403,7.88879351539527
paired_20230830,2023-08-30,2023,1,2023-08-31,2023-09-07,IMERG Final V07B,erpas,0,0.7391961949121043,3.6219197516889543
paired_20230830,2023-08-30,2023,2,2023-09-07,2023-09-14,IMERG Final V07B,erpas,0,-0.07899395521328385,7.724936260885043
paired_20230830,2023-08-30,2023,3,2023-09-14,2023-09-21,IMERG Final V07B,erpas,0,-0.016325840044251045,7.569096531227128
paired_20230830,2023-08-30,2023,4,2023-09-21,2023-09-28,IMERG Final V07B,erpas,0,-0.019429174391241612,5.405599758403754
paired_20230830,2023-08-30,2023,1,2023-08-31,2023-09-07,IMERG Final V07B,fuxi_2day,5,0.5134370707869579,4.735588474750065
paired_20230830,2023-08-30,2023,2,2023-09-07,2023-09-14,IMERG Final V07B,fuxi_2day,5,0.05224282479627573,5.709762098105697
paired_20230830,2023-08-30,2023,3,2023-09-14,2023-09-21,IMERG Final V07B,fuxi_2day,5,-0.30058555887362615,8.641252071755218
paired_20230830,2023-08-30,2023,4,2023-09-21,2023-09-28,IMERG Final V07B,fuxi_2day,5,-0.02868156558404257,5.833238844218202
paired_20230830,2023-08-30,2023,1,2023-08-31,2023-09-07,IMERG Final V07B,fuxi_6day,5,0.34502581428432144,5.301928160306275
paired_20230830,2023-08-30,2023,2,2023-09-07,2023-09-14,IMERG Final V07B,fuxi_6day,5,0.019258433691489937,6.95110447016156
paired_20230830,2023-08-30,2023,3,2023-09-14,2023-09-21,IMERG Final V07B,fuxi_6day,5,0.5178043799908418,6.099810845560207
paired_20230830,2023-08-30,2023,4,2023-09-21,2023-09-28,IMERG Final V07B,fuxi_6day,5,0.17419227814236013,5.163008104733164
paired_20230830,2023-08-30,2023,1,2023-08-31,2023-09-07,IMERG Final V07B,fuxi_exact,5,0.6386218343819601,4.233112825179297
paired_20230830,2023-08-30,2023,2,2023-09-07,2023-09-14,IMERG Final V07B,fuxi_exact,5,0.32333498213545614,5.335871079039356
paired_20230830,2023-08-30,2023,3,2023-09-14,2023-09-21,IMERG Final V07B,fuxi_exact,5,0.010767529782667236,7.5975090942265595
paired_20230830,2023-08-30,2023,4,2023-09-21,2023-09-28,IMERG Final V07B,fuxi_exact,5,-0.037701672158746855,5.694727125362212
paired_20230906,2023-09-06,2023,1,2023-09-07,2023-09-14,IMERG Final V07B,erpas,0,0.6802397718262367,3.699076072735124
paired_20230906,2023-09-06,2023,2,2023-09-14,2023-09-21,IMERG Final V07B,erpas,0,-0.07076435723665278,8.157501154894291
paired_20230906,2023-09-06,2023,3,2023-09-21,2023-09-28,IMERG Final V07B,erpas,0,0.06470926336688498,5.409748402036591
paired_20230906,2023-09-06,2023,4,2023-09-28,2023-10-05,IMERG Final V07B,erpas,0,-0.10103931239748834,5.850378844160894
paired_20230906,2023-09-06,2023,1,2023-09-07,2023-09-14,IMERG Final V07B,fuxi_2day,5,0.5718829311864724,4.686590875393595
paired_20230906,2023-09-06,2023,2,2023-09-14,2023-09-21,IMERG Final V07B,fuxi_2day,5,0.6840871324284111,5.813467660434653
paired_20230906,2023-09-06,2023,3,2023-09-21,2023-09-28,IMERG Final V07B,fuxi_2day,5,0.16368971858741257,5.263524126277723
paired_20230906,2023-09-06,2023,4,2023-09-28,2023-10-05,IMERG Final V07B,fuxi_2day,5,0.10258092381379508,5.975473266109062
paired_20230906,2023-09-06,2023,1,2023-09-07,2023-09-14,IMERG Final V07B,fuxi_6day,5,0.29517095798013765,5.746663240155071
paired_20230906,2023-09-06,2023,2,2023-09-14,2023-09-21,IMERG Final V07B,fuxi_6day,5,0.6457513863707905,5.782043577935652
paired_20230906,2023-09-06,2023,3,2023-09-21,2023-09-28,IMERG Final V07B,fuxi_6day,5,0.32521272811644836,4.617222843847522
paired_20230906,2023-09-06,2023,4,2023-09-28,2023-10-05,IMERG Final V07B,fuxi_6day,5,0.23990600592707156,5.335952334414536
paired_20230906,2023-09-06,2023,1,2023-09-07,2023-09-14,IMERG Final V07B,fuxi_exact,5,0.5778345942510261,4.125479689674676
paired_20230906,2023-09-06,2023,2,2023-09-14,2023-09-21,IMERG Final V07B,fuxi_exact,5,-0.014536759106125957,8.540001543862166
paired_20230906,2023-09-06,2023,3,2023-09-21,2023-09-28,IMERG Final V07B,fuxi_exact,5,0.23129268259041733,4.88331680520594
paired_20230906,2023-09-06,2023,4,2023-09-28,2023-10-05,IMERG Final V07B,fuxi_exact,5,0.13767251735451594,6.0186313136827305
paired_20230913,2023-09-13,2023,1,2023-09-14,2023-09-21,IMERG Final V07B,erpas,0,0.5008593095435698,6.29113591913853
paired_20230913,2023-09-13,2023,2,2023-09-21,2023-09-28,IMERG Final V07B,erpas,0,0.19140893408709922,6.562755541681031
paired_20230913,2023-09-13,2023,3,2023-09-28,2023-10-05,IMERG Final V07B,erpas,0,-0.005089300867348864,5.9177355568097
paired_20230913,2023-09-13,2023,4,2023-10-05,2023-10-12,IMERG Final V07B,erpas,0,-0.2066423177940533,4.111121082571094
paired_20230913,2023-09-13,2023,1,2023-09-14,2023-09-21,IMERG Final V07B,fuxi_2day,5,0.7179625374853785,5.033007228109657
paired_20230913,2023-09-13,2023,2,2023-09-21,2023-09-28,IMERG Final V07B,fuxi_2day,5,0.018358316347902956,5.537946352426638
paired_20230913,2023-09-13,2023,3,2023-09-28,2023-10-05,IMERG Final V07B,fuxi_2day,5,0.0123235424492435,6.242039099463452
paired_20230913,2023-09-13,2023,4,2023-10-05,2023-10-12,IMERG Final V07B,fuxi_2day,5,0.6998459554137761,1.8263396123022997
paired_20230913,2023-09-13,2023,1,2023-09-14,2023-09-21,IMERG Final V07B,fuxi_6day,5,0.5187129298200511,6.470094740592354
paired_20230913,2023-09-13,2023,2,2023-09-21,2023-09-28,IMERG Final V07B,fuxi_6day,5,0.19104973541233505,5.686099839468054
paired_20230913,2023-09-13,2023,3,2023-09-28,2023-10-05,IMERG Final V07B,fuxi_6day,5,0.23298085947069017,5.6127417005168425
paired_20230913,2023-09-13,2023,4,2023-10-05,2023-10-12,IMERG Final V07B,fuxi_6day,5,-0.12490032395724875,4.034047719735751
paired_20230913,2023-09-13,2023,1,2023-09-14,2023-09-21,IMERG Final V07B,fuxi_exact,5,0.6814664816409036,5.574403808640588
paired_20230913,2023-09-13,2023,2,2023-09-21,2023-09-28,IMERG Final V07B,fuxi_exact,5,0.23397191828765,4.930987173717187
paired_20230913,2023-09-13,2023,3,2023-09-28,2023-10-05,IMERG Final V07B,fuxi_exact,5,0.34789286040716255,5.100973811169129
paired_20230913,2023-09-13,2023,4,2023-10-05,2023-10-12,IMERG Final V07B,fuxi_exact,5,0.6064627564922171,1.9101143721440295
paired_20230920,2023-09-20,2023,1,2023-09-21,2023-09-28,IMERG Final V07B,erpas,0,0.4063257114574141,5.304222952194362
paired_20230920,2023-09-20,2023,2,2023-09-28,2023-10-05,IMERG Final V07B,erpas,0,-0.18731699899177892,6.258331777861822
paired_20230920,2023-09-20,2023,3,2023-10-05,2023-10-12,IMERG Final V07B,erpas,0,-0.29290145442211885,5.233600771381212
paired_20230920,2023-09-20,2023,4,2023-10-12,2023-10-19,IMERG Final V07B,erpas,0,-0.20913447520561962,3.4782325814850252
paired_20230920,2023-09-20,2023,1,2023-09-21,2023-09-28,IMERG Final V07B,fuxi_2day,5,0.4529770340910089,4.498387563154967
paired_20230920,2023-09-20,2023,2,2023-09-28,2023-10-05,IMERG Final V07B,fuxi_2day,5,0.3707728556465283,5.114532068208088
paired_20230920,2023-09-20,2023,3,2023-10-05,2023-10-12,IMERG Final V07B,fuxi_2day,5,0.5594097033159899,2.03192585254318
paired_20230920,2023-09-20,2023,4,2023-10-12,2023-10-19,IMERG Final V07B,fuxi_2day,5,0.2576380376648119,2.4324196219654795
paired_20230920,2023-09-20,2023,1,2023-09-21,2023-09-28,IMERG Final V07B,fuxi_6day,5,-0.2670704520154613,6.818762698512128
paired_20230920,2023-09-20,2023,2,2023-09-28,2023-10-05,IMERG Final V07B,fuxi_6day,5,0.3307383245649147,5.452971960264159
paired_20230920,2023-09-20,2023,3,2023-10-05,2023-10-12,IMERG Final V07B,fuxi_6day,5,0.5583073495664749,2.026140550420073
paired_20230920,2023-09-20,2023,4,2023-10-12,2023-10-19,IMERG Final V07B,fuxi_6day,5,0.3265657045024485,2.2007272499545265
paired_20230920,2023-09-20,2023,1,2023-09-21,2023-09-28,IMERG Final V07B,fuxi_exact,5,0.5200724767861398,4.304076101344233
paired_20230920,2023-09-20,2023,2,2023-09-28,2023-10-05,IMERG Final V07B,fuxi_exact,5,-0.15128126213205842,6.1427555725094285
paired_20230920,2023-09-20,2023,3,2023-10-05,2023-10-12,IMERG Final V07B,fuxi_exact,5,0.5937896824147334,1.8734100324796188
paired_20230920,2023-09-20,2023,4,2023-10-12,2023-10-19,IMERG Final V07B,fuxi_exact,5,0.4543135366514997,2.1416354108963707
paired_20230927,2023-09-27,2023,1,2023-09-28,2023-10-05,IMERG Final V07B,erpas,0,0.3390128592237433,5.392817263350702
paired_20230927,2023-09-27,2023,2,2023-10-05,2023-10-12,IMERG Final V07B,erpas,0,0.045295980218598327,4.9691391379477805
paired_20230927,2023-09-27,2023,3,2023-10-12,2023-10-19,IMERG Final V07B,erpas,0,0.2152784754150941,2.6423100410750178
paired_20230927,2023-09-27,2023,4,2023-10-19,2023-10-26,IMERG Final V07B,erpas,0,0.5733405325631625,2.0784261688568253
paired_20230927,2023-09-27,2023,1,2023-09-28,2023-10-05,IMERG Final V07B,fuxi_2day,5,0.6609908479289431,4.2210281865152455
paired_20230927,2023-09-27,2023,2,2023-10-05,2023-10-12,IMERG Final V07B,fuxi_2day,5,0.6520813675374123,1.9794322301940381
paired_20230927,2023-09-27,2023,3,2023-10-12,2023-10-19,IMERG Final V07B,fuxi_2day,5,0.2947625074439243,2.527915299267497
paired_20230927,2023-09-27,2023,4,2023-10-19,2023-10-26,IMERG Final V07B,fuxi_2day,5,0.5866758145559501,1.8511659797730173
paired_20230927,2023-09-27,2023,1,2023-09-28,2023-10-05,IMERG Final V07B,fuxi_6day,5,-0.04569736498696785,5.981035186238733
paired_20230927,2023-09-27,2023,2,2023-10-05,2023-10-12,IMERG Final V07B,fuxi_6day,5,0.554297592523966,2.000090419559902
paired_20230927,2023-09-27,2023,3,2023-10-12,2023-10-19,IMERG Final V07B,fuxi_6day,5,0.39328819459287184,2.1628950523210824
paired_20230927,2023-09-27,2023,4,2023-10-19,2023-10-26,IMERG Final V07B,fuxi_6day,5,0.735656487553698,1.5468217888649765
paired_20230927,2023-09-27,2023,1,2023-09-28,2023-10-05,IMERG Final V07B,fuxi_exact,5,0.6329147059110648,4.31249954408438
paired_20230927,2023-09-27,2023,2,2023-10-05,2023-10-12,IMERG Final V07B,fuxi_exact,5,0.6571597136793169,2.0645973520480316
paired_20230927,2023-09-27,2023,3,2023-10-12,2023-10-19,IMERG Final V07B,fuxi_exact,5,0.6836605312622739,1.8374676231051912
paired_20230927,2023-09-27,2023,4,2023-10-19,2023-10-26,IMERG Final V07B,fuxi_exact,5,0.7458648686781165,1.5551745039704223
paired_20240605,2024-06-05,2024,1,2024-06-06,2024-06-13,IMERG Final V07B,erpas,0,0.7924288768624711,2.9590102651595234
paired_20240605,2024-06-05,2024,2,2024-06-13,2024-06-20,IMERG Final V07B,erpas,0,-0.0050807707148387395,6.3551874605310745
paired_20240605,2024-06-05,2024,3,2024-06-20,2024-06-27,IMERG Final V07B,erpas,0,0.001846547403250168,6.02628762196932
paired_20240605,2024-06-05,2024,4,2024-06-27,2024-07-04,IMERG Final V07B,erpas,0,0.19582701147529397,8.251117666501523
paired_20240605,2024-06-05,2024,1,2024-06-06,2024-06-13,IMERG Final V07B,fuxi_2day,5,0.7677661858087922,3.172077769803651
paired_20240605,2024-06-05,2024,2,2024-06-13,2024-06-20,IMERG Final V07B,fuxi_2day,5,0.3651426383213765,7.142416162675811
paired_20240605,2024-06-05,2024,3,2024-06-20,2024-06-27,IMERG Final V07B,fuxi_2day,5,-0.11549847804171227,4.372150443983062
paired_20240605,2024-06-05,2024,4,2024-06-27,2024-07-04,IMERG Final V07B,fuxi_2day,5,0.39591628880743046,7.919647999916917
paired_20240605,2024-06-05,2024,1,2024-06-06,2024-06-13,IMERG Final V07B,fuxi_6day,5,0.1469027523920226,5.3544579633753004
paired_20240605,2024-06-05,2024,2,2024-06-13,2024-06-20,IMERG Final V07B,fuxi_6day,5,0.20286122963530562,5.9022388357986815
paired_20240605,2024-06-05,2024,3,2024-06-20,2024-06-27,IMERG Final V07B,fuxi_6day,5,-0.08609826306477189,4.44061894742122
paired_20240605,2024-06-05,2024,4,2024-06-27,2024-07-04,IMERG Final V07B,fuxi_6day,5,0.2579984270718365,8.638657255827082
paired_20240605,2024-06-05,2024,1,2024-06-06,2024-06-13,IMERG Final V07B,fuxi_exact,5,0.826494932864782,2.798550781279711
paired_20240605,2024-06-05,2024,2,2024-06-13,2024-06-20,IMERG Final V07B,fuxi_exact,5,0.2602994065577198,5.888135421175425
paired_20240605,2024-06-05,2024,3,2024-06-20,2024-06-27,IMERG Final V07B,fuxi_exact,5,-0.31541970454360474,5.638067380523721
paired_20240605,2024-06-05,2024,4,2024-06-27,2024-07-04,IMERG Final V07B,fuxi_exact,5,0.10801531894027176,8.84640983568558
paired_20240626,2024-06-26,2024,1,2024-06-27,2024-07-04,IMERG Final V07B,erpas,0,0.42589051742392525,7.767519071932619
paired_20240626,2024-06-26,2024,2,2024-07-04,2024-07-11,IMERG Final V07B,erpas,0,-0.14463847143633296,7.735344843726924
paired_20240626,2024-06-26,2024,3,2024-07-11,2024-07-18,IMERG Final V07B,erpas,0,-0.4099119990974421,7.2941904826785215
paired_20240626,2024-06-26,2024,4,2024-07-18,2024-07-25,IMERG Final V07B,erpas,0,-0.3563579475530839,11.981152416640185
paired_20240626,2024-06-26,2024,1,2024-06-27,2024-07-04,IMERG Final V07B,fuxi_2day,5,0.557141131118416,7.04218120875142
paired_20240626,2024-06-26,2024,2,2024-07-04,2024-07-11,IMERG Final V07B,fuxi_2day,5,0.48043501713117287,5.485423005708097
paired_20240626,2024-06-26,2024,3,2024-07-11,2024-07-18,IMERG Final V07B,fuxi_2day,5,-0.009093734743146826,6.437221835051051
paired_20240626,2024-06-26,2024,4,2024-07-18,2024-07-25,IMERG Final V07B,fuxi_2day,5,0.28819662228200166,10.079320876973057
paired_20240626,2024-06-26,2024,1,2024-06-27,2024-07-04,IMERG Final V07B,fuxi_6day,5,0.5039557340700767,7.391014840994076
paired_20240626,2024-06-26,2024,2,2024-07-04,2024-07-11,IMERG Final V07B,fuxi_6day,5,0.4275862590547495,5.64376060135155
paired_20240626,2024-06-26,2024,3,2024-07-11,2024-07-18,IMERG Final V07B,fuxi_6day,5,-0.3111681674289049,7.360045572571675
paired_20240626,2024-06-26,2024,4,2024-07-18,2024-07-25,IMERG Final V07B,fuxi_6day,5,0.011987884510428442,11.400502039517917
paired_20240626,2024-06-26,2024,1,2024-06-27,2024-07-04,IMERG Final V07B,fuxi_exact,5,0.5093125780062182,7.128557658618144
paired_20240626,2024-06-26,2024,2,2024-07-04,2024-07-11,IMERG Final V07B,fuxi_exact,5,0.3265118317431437,5.641410990728761
paired_20240626,2024-06-26,2024,3,2024-07-11,2024-07-18,IMERG Final V07B,fuxi_exact,5,-0.21258759443712352,7.0063820437380535
paired_20240626,2024-06-26,2024,4,2024-07-18,2024-07-25,IMERG Final V07B,fuxi_exact,5,0.6596662676620562,8.603145900634676
paired_20240703,2024-07-03,2024,1,2024-07-04,2024-07-11,IMERG Final V07B,erpas,0,0.4334075236543783,5.993728782655485
paired_20240703,2024-07-03,2024,2,2024-07-11,2024-07-18,IMERG Final V07B,erpas,0,-0.11868990676771458,6.866406094007176
paired_20240703,2024-07-03,2024,3,2024-07-18,2024-07-25,IMERG Final V07B,erpas,0,-0.4018742713414352,12.40239815831919
paired_20240703,2024-07-03,2024,4,2024-07-25,2024-08-01,IMERG Final V07B,erpas,0,-0.14856661039427102,6.356260440682241
paired_20240703,2024-07-03,2024,1,2024-07-04,2024-07-11,IMERG Final V07B,fuxi_2day,5,0.5015895929340068,5.140898418789633
paired_20240703,2024-07-03,2024,2,2024-07-11,2024-07-18,IMERG Final V07B,fuxi_2day,5,-0.05604216116419622,8.819916169909133
paired_20240703,2024-07-03,2024,3,2024-07-18,2024-07-25,IMERG Final V07B,fuxi_2day,5,0.22986643941203397,10.467790515896818
paired_20240703,2024-07-03,2024,4,2024-07-25,2024-08-01,IMERG Final V07B,fuxi_2day,5,0.21760508084620594,5.9157485295129755
paired_20240703,2024-07-03,2024,1,2024-07-04,2024-07-11,IMERG Final V07B,fuxi_6day,5,0.39926252846773075,5.467760568213454
paired_20240703,2024-07-03,2024,2,2024-07-11,2024-07-18,IMERG Final V07B,fuxi_6day,5,-0.00436719613779007,6.901542807155364
paired_20240703,2024-07-03,2024,3,2024-07-18,2024-07-25,IMERG Final V07B,fuxi_6day,5,0.2537922057984421,9.829862589189243
paired_20240703,2024-07-03,2024,4,2024-07-25,2024-08-01,IMERG Final V07B,fuxi_6day,5,-0.18164496749294376,6.950843974599559
paired_20240703,2024-07-03,2024,1,2024-07-04,2024-07-11,IMERG Final V07B,fuxi_exact,5,0.45870896732321914,5.572235511749218
paired_20240703,2024-07-03,2024,2,2024-07-11,2024-07-18,IMERG Final V07B,fuxi_exact,5,0.21862009683621517,6.649884142222606
paired_20240703,2024-07-03,2024,3,2024-07-18,2024-07-25,IMERG Final V07B,fuxi_exact,5,0.5877445265885515,8.320436798516976
paired_20240703,2024-07-03,2024,4,2024-07-25,2024-08-01,IMERG Final V07B,fuxi_exact,5,0.44794216670246734,4.640814540593765
paired_20240710,2024-07-10,2024,1,2024-07-11,2024-07-18,IMERG Final V07B,erpas,0,0.13242159172992893,6.106582997302719
paired_20240710,2024-07-10,2024,2,2024-07-18,2024-07-25,IMERG Final V07B,erpas,0,-0.0013318903987744914,10.632698103159418
paired_20240710,2024-07-10,2024,3,2024-07-25,2024-08-01,IMERG Final V07B,erpas,0,-0.09348593195889511,6.092510526141893
paired_20240710,2024-07-10,2024,4,2024-08-01,2024-08-08,IMERG Final V07B,erpas,0,0.0308238339972965,8.452881416370749
paired_20240710,2024-07-10,2024,1,2024-07-11,2024-07-18,IMERG Final V07B,fuxi_2day,5,0.5622784578577419,5.504792044921703
paired_20240710,2024-07-10,2024,2,2024-07-18,2024-07-25,IMERG Final V07B,fuxi_2day,5,0.5445812034982723,8.450936834849593
paired_20240710,2024-07-10,2024,3,2024-07-25,2024-08-01,IMERG Final V07B,fuxi_2day,5,0.5416783507918849,4.255222018446959
paired_20240710,2024-07-10,2024,4,2024-08-01,2024-08-08,IMERG Final V07B,fuxi_2day,5,0.18912925564509483,7.896704066050758
paired_20240710,2024-07-10,2024,1,2024-07-11,2024-07-18,IMERG Final V07B,fuxi_6day,5,0.3132389696077754,6.139859615365695
paired_20240710,2024-07-10,2024,2,2024-07-18,2024-07-25,IMERG Final V07B,fuxi_6day,5,0.261228184096095,10.442301766879227
paired_20240710,2024-07-10,2024,3,2024-07-25,2024-08-01,IMERG Final V07B,fuxi_6day,5,0.42922233029838386,5.159220854917601
paired_20240710,2024-07-10,2024,4,2024-08-01,2024-08-08,IMERG Final V07B,fuxi_6day,5,0.013544050616146936,7.9036776820270145
paired_20240710,2024-07-10,2024,1,2024-07-11,2024-07-18,IMERG Final V07B,fuxi_exact,5,0.6486631213816254,5.690542621249448
paired_20240710,2024-07-10,2024,2,2024-07-18,2024-07-25,IMERG Final V07B,fuxi_exact,5,0.45884085792946055,9.055269274998611
paired_20240710,2024-07-10,2024,3,2024-07-25,2024-08-01,IMERG Final V07B,fuxi_exact,5,0.6251394561543628,3.979150313803507
paired_20240710,2024-07-10,2024,4,2024-08-01,2024-08-08,IMERG Final V07B,fuxi_exact,5,0.17175664529626136,7.979873323706442
paired_20240717,2024-07-17,2024,1,2024-07-18,2024-07-25,IMERG Final V07B,erpas,0,0.6645989404107088,7.675422337053508
paired_20240717,2024-07-17,2024,2,2024-07-25,2024-08-01,IMERG Final V07B,erpas,0,0.31305409793266004,4.843223038993201
paired_20240717,2024-07-17,2024,3,2024-08-01,2024-08-08,IMERG Final V07B,erpas,0,0.12930885232411057,7.923080404186743
paired_20240717,2024-07-17,2024,4,2024-08-08,2024-08-15,IMERG Final V07B,erpas,0,0.3948416787526826,5.3099587685062835
paired_20240717,2024-07-17,2024,1,2024-07-18,2024-07-25,IMERG Final V07B,fuxi_2day,5,0.7617483685284666,6.499623608608142
paired_20240717,2024-07-17,2024,2,2024-07-25,2024-08-01,IMERG Final V07B,fuxi_2day,5,0.23576508444177455,6.325841471113894
paired_20240717,2024-07-17,2024,3,2024-08-01,2024-08-08,IMERG Final V07B,fuxi_2day,5,0.07657436017601621,10.083869038085124
paired_20240717,2024-07-17,2024,4,2024-08-08,2024-08-15,IMERG Final V07B,fuxi_2day,5,0.2969485109906514,5.589970238319937
paired_20240717,2024-07-17,2024,1,2024-07-18,2024-07-25,IMERG Final V07B,fuxi_6day,5,0.611847083669374,8.124923324913706
paired_20240717,2024-07-17,2024,2,2024-07-25,2024-08-01,IMERG Final V07B,fuxi_6day,5,0.5595101349052433,4.1656878357720535
paired_20240717,2024-07-17,2024,3,2024-08-01,2024-08-08,IMERG Final V07B,fuxi_6day,5,0.03857822874041959,7.890501721511367
paired_20240717,2024-07-17,2024,4,2024-08-08,2024-08-15,IMERG Final V07B,fuxi_6day,5,0.11885087244412872,6.019073041367718
paired_20240717,2024-07-17,2024,1,2024-07-18,2024-07-25,IMERG Final V07B,fuxi_exact,5,0.8003306840247773,6.090582202209419
paired_20240717,2024-07-17,2024,2,2024-07-25,2024-08-01,IMERG Final V07B,fuxi_exact,5,0.5550683289860346,4.5529334259847545
paired_20240717,2024-07-17,2024,3,2024-08-01,2024-08-08,IMERG Final V07B,fuxi_exact,5,-0.05323378239592772,8.745668958958163
paired_20240717,2024-07-17,2024,4,2024-08-08,2024-08-15,IMERG Final V07B,fuxi_exact,5,0.23846863229500936,6.436372563148824
paired_20240724,2024-07-24,2024,1,2024-07-25,2024-08-01,IMERG Final V07B,erpas,0,0.39311262281667375,4.812695917593896
paired_20240724,2024-07-24,2024,2,2024-08-01,2024-08-08,IMERG Final V07B,erpas,0,0.4022089450067357,5.917484679168402
paired_20240724,2024-07-24,2024,3,2024-08-08,2024-08-15,IMERG Final V07B,erpas,0,0.3457792557920605,5.383790891668915
paired_20240724,2024-07-24,2024,4,2024-08-15,2024-08-22,IMERG Final V07B,erpas,0,-0.03675684502395537,5.980642503791902
paired_20240724,2024-07-24,2024,1,2024-07-25,2024-08-01,IMERG Final V07B,fuxi_2day,5,0.596852696026443,4.111749046041248
paired_20240724,2024-07-24,2024,2,2024-08-01,2024-08-08,IMERG Final V07B,fuxi_2day,5,0.11315085069257272,7.4138191591497655
paired_20240724,2024-07-24,2024,3,2024-08-08,2024-08-15,IMERG Final V07B,fuxi_2day,5,0.2367904627836021,6.059273971392026
paired_20240724,2024-07-24,2024,4,2024-08-15,2024-08-22,IMERG Final V07B,fuxi_2day,5,0.11493135978202865,5.836574190879699
paired_20240724,2024-07-24,2024,1,2024-07-25,2024-08-01,IMERG Final V07B,fuxi_6day,5,0.5308798922416261,4.477328942158551
paired_20240724,2024-07-24,2024,2,2024-08-01,2024-08-08,IMERG Final V07B,fuxi_6day,5,0.10377517652688535,8.59872887611843
paired_20240724,2024-07-24,2024,3,2024-08-08,2024-08-15,IMERG Final V07B,fuxi_6day,5,-0.1136613633635142,6.914564798229584
paired_20240724,2024-07-24,2024,4,2024-08-15,2024-08-22,IMERG Final V07B,fuxi_6day,5,0.12984661970595607,5.745747534570015
paired_20240724,2024-07-24,2024,1,2024-07-25,2024-08-01,IMERG Final V07B,fuxi_exact,5,0.5481714642531752,4.217912652854169
paired_20240724,2024-07-24,2024,2,2024-08-01,2024-08-08,IMERG Final V07B,fuxi_exact,5,0.13056164703039613,7.5198228045007784
paired_20240724,2024-07-24,2024,3,2024-08-08,2024-08-15,IMERG Final V07B,fuxi_exact,5,0.20799993695262917,6.067188826372505
paired_20240724,2024-07-24,2024,4,2024-08-15,2024-08-22,IMERG Final V07B,fuxi_exact,5,0.024109604991928865,5.917685440434695
paired_20240731,2024-07-31,2024,1,2024-08-01,2024-08-08,IMERG Final V07B,erpas,0,0.2658913339569894,6.871932031170104
paired_20240731,2024-07-31,2024,2,2024-08-08,2024-08-15,IMERG Final V07B,erpas,0,0.4722779275403149,4.994339169598601
paired_20240731,2024-07-31,2024,3,2024-08-15,2024-08-22,IMERG Final V07B,erpas,0,-0.1220284989650424,6.291578891328175
paired_20240731,2024-07-31,2024,4,2024-08-22,2024-08-29,IMERG Final V07B,erpas,0,-0.2635390597806498,9.898016504712649
paired_20240731,2024-07-31,2024,1,2024-08-01,2024-08-08,IMERG Final V07B,fuxi_2day,5,0.21246788263052677,7.353829813362669
paired_20240731,2024-07-31,2024,2,2024-08-08,2024-08-15,IMERG Final V07B,fuxi_2day,5,0.4056799042693217,5.045728835868647
paired_20240731,2024-07-31,2024,3,2024-08-15,2024-08-22,IMERG Final V07B,fuxi_2day,5,0.1282904705009686,5.750283889459835
paired_20240731,2024-07-31,2024,4,2024-08-22,2024-08-29,IMERG Final V07B,fuxi_2day,5,-0.20046973348023953,10.233749496196241
paired_20240731,2024-07-31,2024,1,2024-08-01,2024-08-08,IMERG Final V07B,fuxi_6day,5,0.30771290868863754,6.849879608656285
paired_20240731,2024-07-31,2024,2,2024-08-08,2024-08-15,IMERG Final V07B,fuxi_6day,5,0.04714897771960249,6.713057293277398
paired_20240731,2024-07-31,2024,3,2024-08-15,2024-08-22,IMERG Final V07B,fuxi_6day,5,0.0600778256405596,6.65939713813063
paired_20240731,2024-07-31,2024,4,2024-08-22,2024-08-29,IMERG Final V07B,fuxi_6day,5,-0.4498097227679072,11.331832719292501
paired_20240731,2024-07-31,2024,1,2024-08-01,2024-08-08,IMERG Final V07B,fuxi_exact,5,0.28542856277892936,6.773484582549224
paired_20240731,2024-07-31,2024,2,2024-08-08,2024-08-15,IMERG Final V07B,fuxi_exact,5,0.1071412968921807,6.0937261056601715
paired_20240731,2024-07-31,2024,3,2024-08-15,2024-08-22,IMERG Final V07B,fuxi_exact,5,0.12056316386832361,6.313457481355322
paired_20240731,2024-07-31,2024,4,2024-08-22,2024-08-29,IMERG Final V07B,fuxi_exact,5,-0.41673953433682565,9.960424642788073
paired_20240814,2024-08-14,2024,1,2024-08-15,2024-08-22,IMERG Final V07B,erpas,0,0.1345879478939761,7.057108338355103
paired_20240814,2024-08-14,2024,2,2024-08-22,2024-08-29,IMERG Final V07B,erpas,0,0.14135248940316128,8.179011773469208
paired_20240814,2024-08-14,2024,3,2024-08-29,2024-09-05,IMERG Final V07B,erpas,0,0.13292520168024394,6.48565499271073
paired_20240814,2024-08-14,2024,4,2024-09-05,2024-09-12,IMERG Final V07B,erpas,0,-0.08229454712140542,7.597793055972483
paired_20240814,2024-08-14,2024,1,2024-08-15,2024-08-22,IMERG Final V07B,fuxi_2day,5,0.3063472722901796,5.295117105640728
paired_20240814,2024-08-14,2024,2,2024-08-22,2024-08-29,IMERG Final V07B,fuxi_2day,5,0.23412194009514384,8.605330648480765
paired_20240814,2024-08-14,2024,3,2024-08-29,2024-09-05,IMERG Final V07B,fuxi_2day,5,-0.15151100766457104,8.350195809292034
paired_20240814,2024-08-14,2024,4,2024-09-05,2024-09-12,IMERG Final V07B,fuxi_2day,5,0.2194634481405823,6.946705909206107
paired_20240814,2024-08-14,2024,1,2024-08-15,2024-08-22,IMERG Final V07B,fuxi_6day,5,0.12359679196618925,7.911987754233724
paired_20240814,2024-08-14,2024,2,2024-08-22,2024-08-29,IMERG Final V07B,fuxi_6day,5,-0.14599239377275,9.842631898521024
paired_20240814,2024-08-14,2024,3,2024-08-29,2024-09-05,IMERG Final V07B,fuxi_6day,5,0.05380064539990512,7.2917820828471935
paired_20240814,2024-08-14,2024,4,2024-09-05,2024-09-12,IMERG Final V07B,fuxi_6day,5,0.3532286738283344,6.3636618748939275
paired_20240814,2024-08-14,2024,1,2024-08-15,2024-08-22,IMERG Final V07B,fuxi_exact,5,0.37262148144090423,4.9520627626213765
paired_20240814,2024-08-14,2024,2,2024-08-22,2024-08-29,IMERG Final V07B,fuxi_exact,5,0.46724264972357066,7.14421577236438
paired_20240814,2024-08-14,2024,3,2024-08-29,2024-09-05,IMERG Final V07B,fuxi_exact,5,0.277819683641946,6.729791938518621
paired_20240814,2024-08-14,2024,4,2024-09-05,2024-09-12,IMERG Final V07B,fuxi_exact,5,0.4138988700397722,6.2793675838360805
paired_20240821,2024-08-21,2024,1,2024-08-22,2024-08-29,IMERG Final V07B,erpas,0,0.6518008287862673,6.115427798035527
paired_20240821,2024-08-21,2024,2,2024-08-29,2024-09-05,IMERG Final V07B,erpas,0,0.11468001623568828,6.549658790734244
paired_20240821,2024-08-21,2024,3,2024-09-05,2024-09-12,IMERG Final V07B,erpas,0,0.2848891562062078,6.6727577230772965
paired_20240821,2024-08-21,2024,4,2024-09-12,2024-09-19,IMERG Final V07B,erpas,0,0.29444752354375925,7.180609054545203
paired_20240821,2024-08-21,2024,1,2024-08-22,2024-08-29,IMERG Final V07B,fuxi_2day,5,0.42657317517763804,7.5377101361202
paired_20240821,2024-08-21,2024,2,2024-08-29,2024-09-05,IMERG Final V07B,fuxi_2day,5,0.18433472668644652,7.7138548380190475
paired_20240821,2024-08-21,2024,3,2024-09-05,2024-09-12,IMERG Final V07B,fuxi_2day,5,0.24045909338120913,6.779198767499623
paired_20240821,2024-08-21,2024,4,2024-09-12,2024-09-19,IMERG Final V07B,fuxi_2day,5,0.3202108004068404,6.578303370480184
paired_20240821,2024-08-21,2024,1,2024-08-22,2024-08-29,IMERG Final V07B,fuxi_6day,5,0.5129975894361004,6.962596925780006
paired_20240821,2024-08-21,2024,2,2024-08-29,2024-09-05,IMERG Final V07B,fuxi_6day,5,0.5686451351664145,5.31656562001366
paired_20240821,2024-08-21,2024,3,2024-09-05,2024-09-12,IMERG Final V07B,fuxi_6day,5,0.18875249210643183,7.062307449451603
paired_20240821,2024-08-21,2024,4,2024-09-12,2024-09-19,IMERG Final V07B,fuxi_6day,5,-0.06974620837972029,7.275046056361778
paired_20240821,2024-08-21,2024,1,2024-08-22,2024-08-29,IMERG Final V07B,fuxi_exact,5,0.6436820122341096,6.1084585736335235
paired_20240821,2024-08-21,2024,2,2024-08-29,2024-09-05,IMERG Final V07B,fuxi_exact,5,0.34080376213849045,6.566373201544349
paired_20240821,2024-08-21,2024,3,2024-09-05,2024-09-12,IMERG Final V07B,fuxi_exact,5,0.4363647802220882,6.334656410985043
paired_20240821,2024-08-21,2024,4,2024-09-12,2024-09-19,IMERG Final V07B,fuxi_exact,5,0.090472510993537,7.962172137131208
paired_20240828,2024-08-28,2024,1,2024-08-29,2024-09-05,IMERG Final V07B,erpas,0,0.3854194459707484,5.905096771003151
paired_20240828,2024-08-28,2024,2,2024-09-05,2024-09-12,IMERG Final V07B,erpas,0,0.3392230313000888,6.497757575444965
paired_20240828,2024-08-28,2024,3,2024-09-12,2024-09-19,IMERG Final V07B,erpas,0,0.38405611371382037,6.812573500449433
paired_20240828,2024-08-28,2024,4,2024-09-19,2024-09-26,IMERG Final V07B,erpas,0,0.3008899757598159,4.1102386945155365
paired_20240828,2024-08-28,2024,1,2024-08-29,2024-09-05,IMERG Final V07B,fuxi_2day,5,0.07556270994211992,7.109592715472861
paired_20240828,2024-08-28,2024,2,2024-09-05,2024-09-12,IMERG Final V07B,fuxi_2day,5,0.5096602512550565,5.858350892029814
paired_20240828,2024-08-28,2024,3,2024-09-12,2024-09-19,IMERG Final V07B,fuxi_2day,5,0.4206722545867278,6.09164656858334
paired_20240828,2024-08-28,2024,4,2024-09-19,2024-09-26,IMERG Final V07B,fuxi_2day,5,0.17605737437713487,4.256637984392871
paired_20240828,2024-08-28,2024,1,2024-08-29,2024-09-05,IMERG Final V07B,fuxi_6day,5,0.3864390225715186,6.380048231882659
paired_20240828,2024-08-28,2024,2,2024-09-05,2024-09-12,IMERG Final V07B,fuxi_6day,5,0.23283932789003198,7.00609728722114
paired_20240828,2024-08-28,2024,3,2024-09-12,2024-09-19,IMERG Final V07B,fuxi_6day,5,0.6316790269048392,5.2638212837476726
paired_20240828,2024-08-28,2024,4,2024-09-19,2024-09-26,IMERG Final V07B,fuxi_6day,5,0.07127695155732962,4.259251399709248
paired_20240828,2024-08-28,2024,1,2024-08-29,2024-09-05,IMERG Final V07B,fuxi_exact,5,0.2412243525623658,6.421520201856227
paired_20240828,2024-08-28,2024,2,2024-09-05,2024-09-12,IMERG Final V07B,fuxi_exact,5,0.22844080556454546,7.230813555294708
paired_20240828,2024-08-28,2024,3,2024-09-12,2024-09-19,IMERG Final V07B,fuxi_exact,5,0.5327538621663302,5.652907012410996
paired_20240828,2024-08-28,2024,4,2024-09-19,2024-09-26,IMERG Final V07B,fuxi_exact,5,-0.03755988667230459,4.728263915600847
paired_20240904,2024-09-04,2024,1,2024-09-05,2024-09-12,IMERG Final V07B,erpas,0,0.5571854519977139,5.803790277914838
paired_20240904,2024-09-04,2024,2,2024-09-12,2024-09-19,IMERG Final V07B,erpas,0,0.43658638417446216,6.350469106263564
paired_20240904,2024-09-04,2024,3,2024-09-19,2024-09-26,IMERG Final V07B,erpas,0,0.01206358977546769,4.730349965073393
paired_20240904,2024-09-04,2024,4,2024-09-26,2024-10-03,IMERG Final V07B,erpas,0,0.09944322789335697,5.062166403619206
paired_20240904,2024-09-04,2024,1,2024-09-05,2024-09-12,IMERG Final V07B,fuxi_2day,5,0.5749216761695833,5.598433320995397
paired_20240904,2024-09-04,2024,2,2024-09-12,2024-09-19,IMERG Final V07B,fuxi_2day,5,0.6120281235208257,5.316579319788691
paired_20240904,2024-09-04,2024,3,2024-09-19,2024-09-26,IMERG Final V07B,fuxi_2day,5,0.18790398693260907,4.650298372423826
paired_20240904,2024-09-04,2024,4,2024-09-26,2024-10-03,IMERG Final V07B,fuxi_2day,5,0.14357457411161514,5.646054009216166
paired_20240904,2024-09-04,2024,1,2024-09-05,2024-09-12,IMERG Final V07B,fuxi_6day,5,0.34389842315974084,6.682470293467337
paired_20240904,2024-09-04,2024,2,2024-09-12,2024-09-19,IMERG Final V07B,fuxi_6day,5,0.2878127138851433,6.500951125527416
paired_20240904,2024-09-04,2024,3,2024-09-19,2024-09-26,IMERG Final V07B,fuxi_6day,5,0.5228007244733586,3.569675178122233
paired_20240904,2024-09-04,2024,4,2024-09-26,2024-10-03,IMERG Final V07B,fuxi_6day,5,0.23674682550830578,4.864314222914093
paired_20240904,2024-09-04,2024,1,2024-09-05,2024-09-12,IMERG Final V07B,fuxi_exact,5,0.39293409055107426,6.411083421637061
paired_20240904,2024-09-04,2024,2,2024-09-12,2024-09-19,IMERG Final V07B,fuxi_exact,5,0.48742690248749276,5.916594525233842
paired_20240904,2024-09-04,2024,3,2024-09-19,2024-09-26,IMERG Final V07B,fuxi_exact,5,0.16697216825966193,4.468459879232023
paired_20240904,2024-09-04,2024,4,2024-09-26,2024-10-03,IMERG Final V07B,fuxi_exact,5,0.3010839399157307,4.927836341128143
paired_20240911,2024-09-11,2024,1,2024-09-12,2024-09-19,IMERG Final V07B,erpas,0,0.6585570005902663,5.248774839730594
paired_20240911,2024-09-11,2024,2,2024-09-19,2024-09-26,IMERG Final V07B,erpas,0,0.14883785098751456,4.738014729879042
paired_20240911,2024-09-11,2024,3,2024-09-26,2024-10-03,IMERG Final V07B,erpas,0,0.019076451762426793,5.594498042165228
paired_20240911,2024-09-11,2024,4,2024-10-03,2024-10-10,IMERG Final V07B,erpas,0,0.1645738566858236,4.0734618622599355
paired_20240911,2024-09-11,2024,1,2024-09-12,2024-09-19,IMERG Final V07B,fuxi_2day,5,0.41569411629256825,7.078444807875522
paired_20240911,2024-09-11,2024,2,2024-09-19,2024-09-26,IMERG Final V07B,fuxi_2day,5,0.41319300386378643,3.9033835614603447
paired_20240911,2024-09-11,2024,3,2024-09-26,2024-10-03,IMERG Final V07B,fuxi_2day,5,0.5017940688881342,4.265606686959532
paired_20240911,2024-09-11,2024,4,2024-10-03,2024-10-10,IMERG Final V07B,fuxi_2day,5,0.4867727148036074,3.5239357278772228
paired_20240911,2024-09-11,2024,1,2024-09-12,2024-09-19,IMERG Final V07B,fuxi_6day,5,0.5614220725279495,5.584100926084477
paired_20240911,2024-09-11,2024,2,2024-09-19,2024-09-26,IMERG Final V07B,fuxi_6day,5,0.3527467373441201,4.193386074630934
paired_20240911,2024-09-11,2024,3,2024-09-26,2024-10-03,IMERG Final V07B,fuxi_6day,5,0.18002124840923597,5.286470278423686
paired_20240911,2024-09-11,2024,4,2024-10-03,2024-10-10,IMERG Final V07B,fuxi_6day,5,0.35969137793040096,3.5383376493197134
paired_20240911,2024-09-11,2024,1,2024-09-12,2024-09-19,IMERG Final V07B,fuxi_exact,5,0.8518843223713125,3.5433095783575235
paired_20240911,2024-09-11,2024,2,2024-09-19,2024-09-26,IMERG Final V07B,fuxi_exact,5,0.22230981356250476,4.162163793113522
paired_20240911,2024-09-11,2024,3,2024-09-26,2024-10-03,IMERG Final V07B,fuxi_exact,5,0.34400972431321103,4.896095173898526
paired_20240911,2024-09-11,2024,4,2024-10-03,2024-10-10,IMERG Final V07B,fuxi_exact,5,-0.1912498482093703,5.748452044924683
paired_20240918,2024-09-18,2024,1,2024-09-19,2024-09-26,IMERG Final V07B,erpas,0,0.2575457918649011,4.619027833955615
paired_20240918,2024-09-18,2024,2,2024-09-26,2024-10-03,IMERG Final V07B,erpas,0,0.06752323890009683,5.869612920613483
paired_20240918,2024-09-18,2024,3,2024-10-03,2024-10-10,IMERG Final V07B,erpas,0,-0.026592239682811006,5.797201199873577
paired_20240918,2024-09-18,2024,4,2024-10-10,2024-10-17,IMERG Final V07B,erpas,0,0.24732224419510254,4.332165916990652
paired_20240918,2024-09-18,2024,1,2024-09-19,2024-09-26,IMERG Final V07B,fuxi_2day,5,0.2470497719716613,4.690492868084879
paired_20240918,2024-09-18,2024,2,2024-09-26,2024-10-03,IMERG Final V07B,fuxi_2day,5,0.2778463706409257,5.424246780209579
paired_20240918,2024-09-18,2024,3,2024-10-03,2024-10-10,IMERG Final V07B,fuxi_2day,5,0.11803089605366944,4.110528185051965
paired_20240918,2024-09-18,2024,4,2024-10-10,2024-10-17,IMERG Final V07B,fuxi_2day,5,0.049602827545584996,4.786896287558529
paired_20240918,2024-09-18,2024,1,2024-09-19,2024-09-26,IMERG Final V07B,fuxi_6day,5,0.18726976369035178,4.3068544709066074
paired_20240918,2024-09-18,2024,2,2024-09-26,2024-10-03,IMERG Final V07B,fuxi_6day,5,0.2946141848756448,5.085427872591976
paired_20240918,2024-09-18,2024,3,2024-10-03,2024-10-10,IMERG Final V07B,fuxi_6day,5,0.34637680623163913,3.9317066729329158
paired_20240918,2024-09-18,2024,4,2024-10-10,2024-10-17,IMERG Final V07B,fuxi_6day,5,0.05852125288763774,4.8989240005387815
paired_20240918,2024-09-18,2024,1,2024-09-19,2024-09-26,IMERG Final V07B,fuxi_exact,5,0.4373415721626594,3.9220373556891355
paired_20240918,2024-09-18,2024,2,2024-09-26,2024-10-03,IMERG Final V07B,fuxi_exact,5,0.45828174532515875,5.521917806919688
paired_20240918,2024-09-18,2024,3,2024-10-03,2024-10-10,IMERG Final V07B,fuxi_exact,5,0.4070961745974695,3.5685423374571275
paired_20240918,2024-09-18,2024,4,2024-10-10,2024-10-17,IMERG Final V07B,fuxi_exact,5,0.10419206448902334,4.991452842048516
paired_20240925,2024-09-25,2024,1,2024-09-26,2024-10-03,IMERG Final V07B,erpas,0,0.7247085872548062,3.6499458529906152
paired_20240925,2024-09-25,2024,2,2024-10-03,2024-10-10,IMERG Final V07B,erpas,0,0.12042461524852652,5.01920331493549
paired_20240925,2024-09-25,2024,3,2024-10-10,2024-10-17,IMERG Final V07B,erpas,0,0.27126240111748834,4.368425571068298
paired_20240925,2024-09-25,2024,4,2024-10-17,2024-10-24,IMERG Final V07B,erpas,0,0.33479660997142746,2.175221772649991
paired_20240925,2024-09-25,2024,1,2024-09-26,2024-10-03,IMERG Final V07B,fuxi_2day,5,0.5522352646100993,5.219988283107302
paired_20240925,2024-09-25,2024,2,2024-10-03,2024-10-10,IMERG Final V07B,fuxi_2day,5,0.5755391252621637,3.5344425384830602
paired_20240925,2024-09-25,2024,3,2024-10-10,2024-10-17,IMERG Final V07B,fuxi_2day,5,0.041738019022896714,4.805564005345073
paired_20240925,2024-09-25,2024,4,2024-10-17,2024-10-24,IMERG Final V07B,fuxi_2day,5,0.35452725330002616,2.870825531651718
paired_20240925,2024-09-25,2024,1,2024-09-26,2024-10-03,IMERG Final V07B,fuxi_6day,5,0.5426242852384362,5.226821844935402
paired_20240925,2024-09-25,2024,2,2024-10-03,2024-10-10,IMERG Final V07B,fuxi_6day,5,0.2748426494442197,4.013949179847782
paired_20240925,2024-09-25,2024,3,2024-10-10,2024-10-17,IMERG Final V07B,fuxi_6day,5,0.1309169903919798,5.077361767959259
paired_20240925,2024-09-25,2024,4,2024-10-17,2024-10-24,IMERG Final V07B,fuxi_6day,5,0.2470480754787268,2.5524161501703135
paired_20240925,2024-09-25,2024,1,2024-09-26,2024-10-03,IMERG Final V07B,fuxi_exact,5,0.6380352652060808,4.931285166352039
paired_20240925,2024-09-25,2024,2,2024-10-03,2024-10-10,IMERG Final V07B,fuxi_exact,5,0.4958175179237798,5.514537852301318
paired_20240925,2024-09-25,2024,3,2024-10-10,2024-10-17,IMERG Final V07B,fuxi_exact,5,0.31310523517452366,4.427462352427988
paired_20240925,2024-09-25,2024,4,2024-10-17,2024-10-24,IMERG Final V07B,fuxi_exact,5,0.13179751935305437,3.9286671061872624
