lead_day,valid_date,fuxi_mean,fuxi_p10,fuxi_p90,ecmwf_mean,ecmwf_p10,ecmwf_p90,imd_climatology_mm,era5_climatology_mm,imerg_late_mm,imd_gauge_mm,imd_gauge_gpm_merged_mm,imerg_late_cumulative_mm,imd_gauge_cumulative_mm,imd_gauge_gpm_merged_cumulative_mm,snapshot_mean,snapshot_p10,snapshot_p90
1,2026-06-24,4.943634,4.818477,5.046392,6.676513162260482,5.728981576549602,7.856281394549988,5.8620796,7.0901923,5.544730650655271,4.557225123050768,4.894563868903865,5.544730650655271,4.557225123050768,4.894563868903865,5.8603826,5.751347637176513,5.974575138092041
2,2026-06-25,9.529297,9.245186,9.840078,12.50602878774975,10.874594647632563,14.33474273015102,11.637098,14.317232,4.112161078598405,4.040915759181107,4.129881883450135,9.656891729253676,8.598140882231874,9.024445752354001,10.358173,10.119756984710694,10.6044677734375
3,2026-06-26,13.54146,13.011118,14.053887,18.50367110108363,15.904146654013973,21.327865221251933,17.9875,21.678589,3.551359929769017,2.660698826580125,3.119469802777384,13.208251659022693,11.258839708812,12.143915555131386,14.686271,14.294136238098144,15.110510635375975
4,2026-06-27,18.1629,17.368177,19.199314,25.251336693217155,21.99694946475099,29.043770024175927,24.51182,29.172117,3.883510105458868,3.0933873296645737,3.49189905123156,17.09176176448156,14.352227038476574,15.635814606362946,19.575575,18.975642585754397,20.178435707092284
5,2026-06-28,24.021364,23.318678,25.046083,33.60596323892899,29.61006793903304,38.24934238297896,31.722794,36.794937,6.364740328261472,4.631188886423765,5.281375296001568,23.456502092743033,18.98341592490034,20.917189902364512,25.26273,24.41205749511719,26.04051990509033
6,2026-06-29,30.76935,29.81602,32.033405,43.36287137403817,37.86544603270614,50.057523088333916,39.03827,44.543167,7.363871433507424,6.61892359602027,6.973286242333419,30.820373526250457,25.60233952092061,27.89047614469793,31.828829,30.694863510131835,32.89258728027344
7,2026-06-30,38.935596,37.693695,40.522118,53.998435768912,46.51490345236683,63.34426195291028,46.272873,52.411907,7.580766868650585,6.784585534180514,7.739928516221444,38.40114039490104,32.38692505510112,35.630404660919375,38.62107,37.34119834899902,39.71228561401367
8,2026-07-01,47.70977,45.977978,49.59133,64.08632422863839,55.28348879314836,74.92808870851913,52.741566,60.395954,8.560571264542629,7.566552515080204,8.082817059694587,46.96171165944367,39.95347757018133,43.71322172061396,45.60331,44.10980567932129,46.88048973083496
9,2026-07-02,56.600143,54.282677,58.99257,74.14382436678605,63.96561974457472,86.9548650100525,59.771782,68.49038,10.294926922218938,9.60030050247329,8.759509489298187,57.256638581662614,49.553778072654616,52.47273120991215,53.095074,51.278263092041016,54.71759796142578
10,2026-07-03,66.59959,63.434395,69.44897,85.00162503524467,72.72204643176693,100.96864714276325,67.139366,76.68985,11.010106699173122,9.263468298634953,8.18708187882876,68.26674528083574,58.81724637128957,60.659813088740904,61.592743,59.34881591796875,63.50839118957519
11,2026-07-04,77.54722,73.92614,80.80747,96.59518181551005,81.58802213468327,113.85992226173049,74.71374,84.98824,12.231142120667265,10.029423686453908,9.503945930239931,80.497887401503,68.84667005774348,70.16375901898084,70.04187,67.57014312744141,72.73522567749023
12,2026-07-05,88.18834,84.43186,91.96035,108.73625558997632,91.09415943601053,126.68957919991794,82.15397,93.38036,10.023024359559038,10.570047483743371,10.707952295989562,90.52091176106202,79.41671754148685,80.8717113149704,78.37527,75.42334213256837,81.51300506591797
13,2026-07-06,97.30826,93.31886,102.40088,121.290544838129,103.25273031785733,138.97446690755874,89.693855,101.861534,10.418968958357947,12.77140647349671,11.913191171995273,100.93988071941997,92.18812401498356,92.78490248696568,86.69573,83.36792297363282,90.27809829711914
14,2026-07-07,105.87143,101.708496,111.833084,133.45380742165608,110.34142375454344,152.98834530146755,97.15412,110.42758,9.766635110138866,11.297929403289029,9.14323869277937,110.70651582955884,103.48605341827259,101.92814117974504,95.780785,91.52265701293943,100.92599563598633
15,2026-07-08,115.28282,110.27516,120.632034,145.08146016584132,120.150363795707,169.1911080777369,104.84284,119.074974,9.16342281666073,10.654908407162988,10.391826405483492,119.86993864621957,114.14096182543558,112.31996758522854,105.24961,100.05165328979491,112.28059005737305
16,2026-07-09,125.76294,119.22249,131.62971,155.6261752984237,128.3125687756122,179.15631891886142,112.9207,127.79883,8.48234414774134,8.739287596397652,8.312746467405894,128.3522827939609,122.88024942183324,120.63271405263444,115.20766,109.42877426147462,121.66283950805663
17,2026-07-10,136.28134,130.05872,142.04222,165.22988786602284,137.0449934843884,191.75906552329312,121.83216,136.59348,5.226885723340722,6.595662438724297,5.813106002542468,133.57916851730164,129.47591186055755,126.44582005517691,124.42913,117.74440078735353,130.64513092041017
18,2026-07-11,145.89366,138.94986,151.51529,174.82783377224104,143.56513627245565,202.77979965352924,131.23727,145.45149,4.4030951605573785,4.905400080851553,4.456683968793795,137.982263677859,134.3813119414091,130.9025040239707,131.9778,123.31761856079102,138.5024673461914
19,2026-07-12,155.00444,148.99855,161.024,183.6807950395529,151.60377515572452,213.46596590892918,140.24213,154.3653,2.1732545919897763,2.4502784307575625,2.2449324213117112,140.15551826984878,136.83159037216666,133.1474364452824,138.36166,129.5567626953125,145.09097747802736
20,2026-07-13,164.23967,158.46553,170.40756,192.09236291578642,162.7963410191923,223.9252637102695,148.09554,163.32915,2.92376757076801,3.0760606201271328,2.9987340810164045,143.0792858406168,139.90765099229378,136.14617052629882,144.7505,136.0439224243164,152.32359924316407
21,2026-07-14,173.4327,167.07576,181.69162,200.1994886636203,167.04282912124484,232.19241011491118,155.71857,172.33932,1.7572705664636663,2.17555102703,1.5903524072602022,144.83655640708045,142.08320201932378,137.73652293355903,151.5146,143.24165954589844,159.67389678955078
22,2026-07-15,182.3226,174.44368,189.8222,208.1836524255341,172.68103574394004,240.78693401282877,164.08347,181.3933,2.6511587860129664,2.806456524106794,2.793537231577246,147.4877151930934,144.88965854343058,140.53006016513626,158.50009,150.2841064453125,166.57432708740234
23,2026-07-16,190.55559,181.36612,199.75952,216.16383911038,182.5087093681582,249.02432905421003,173.15527,190.48734,4.004547960487425,4.553632968152622,4.4354569577631615,151.49226315358084,149.4432915115832,144.96551712289943,165.17064,155.52291870117188,175.56475677490235
24,2026-07-17,198.47699,189.09198,208.1526,223.9965574023573,189.30247206622457,259.2890336474579,181.84383,199.61644,5.807853844250289,6.532584442543348,6.48266248198478,157.30011699783114,155.97587595412654,151.44817960488422,171.52028,159.89977569580077,183.88353424072267
25,2026-07-18,206.43234,194.11838,217.94417,231.88263675511163,193.09475178145854,273.51350141665375,190.02881,208.7763,6.500906886076942,7.014696497079926,6.375116333781262,163.80102388390807,162.99057245120648,157.82329593866547,178.09471,166.65826873779298,190.0821075439453
26,2026-07-19,214.4087,199.79808,227.49565,239.53209737371543,196.70248740155898,282.0749518043204,198.54721,217.96167,,,,,,,184.9859,172.7431427001953,197.84664306640624
27,2026-07-20,222.3583,206.45271,236.04288,247.87191260764055,201.5399046148461,291.45368105290265,207.82822,227.16672,,,,,,,192.00311,176.29412078857422,205.47474365234376
28,2026-07-21,230.39076,210.48624,247.5179,256.30256137361494,209.3445497267488,302.755938522472,217.17633,236.38547,,,,,,,199.22693,183.3966583251953,215.39675903320312
29,2026-07-22,238.48189,216.67091,258.8352,264.84425157699945,214.26782458111967,310.51392197825817,226.11569,245.61212,,,,,,,206.68312,190.0944046020508,222.52943267822263
30,2026-07-23,246.77704,222.53459,271.11993,273.2446284050274,218.20859334276307,318.03195791381125,234.59407,254.84102,,,,,,,214.46812,198.30074310302732,229.57689819335937
31,2026-07-24,254.86986,229.47166,277.12442,281.7097476575429,224.12446354576866,327.78216358974856,242.81172,264.06775,,,,,,,222.49469,207.6646484375,240.06311492919923
32,2026-07-25,262.86716,235.21562,285.43665,290.5367388694815,229.2667905183577,338.18528801909673,251.41093,273.28906,,,,,,,230.29507,214.54840240478515,251.5011260986328
33,2026-07-26,271.43283,243.42516,295.4486,299.3833487089131,233.47061290959803,350.2846760926305,260.6326,282.5009,,,,,,,237.6983,221.07967224121091,262.2309265136719
34,2026-07-27,280.2387,250.61752,304.99344,308.5577929266039,239.57720782623113,359.14321495681963,269.9732,291.69757,,,,,,,244.65648,225.86076965332032,268.12046813964844
35,2026-07-28,288.89847,256.15045,317.1298,318.25096973628166,247.46426744196722,368.15501929552113,279.28622,300.87314,,,,,,,251.29514,230.66868438720704,273.5428436279297
36,2026-07-29,296.90442,264.13007,329.04892,327.98409538487044,258.0660768518539,379.4557769955309,288.0117,310.0216,,,,,,,257.6582,233.50507659912108,280.8389526367188
37,2026-07-30,304.67294,274.7951,333.88367,337.7724761937036,269.150681102021,387.073785291298,296.2904,319.13855,,,,,,,263.63568,239.2740631103516,288.9787658691406
38,2026-07-31,312.65317,283.17215,340.99213,347.183108853171,275.9820771620748,397.68979827573435,304.17117,328.2216,,,,,,,269.4235,244.6068557739258,295.37742309570314
39,2026-08-01,320.81595,287.67218,350.94864,356.498522148543,283.8000716427815,407.868542226963,312.2775,337.26855,,,,,,,275.1156,251.4469421386719,299.6143829345703
40,2026-08-02,328.76672,292.48608,359.86566,365.8704907814499,291.74830345827354,418.1967489706013,320.4343,346.27765,,,,,,,280.7659,258.52744445800784,305.0360534667969
41,2026-08-03,336.4184,296.71606,369.16254,374.94169335700417,299.0127668646333,428.38938066325517,328.78113,355.24725,,,,,,,286.53708,264.4796112060547,312.52447204589845
42,2026-08-04,344.11206,303.5569,378.75684,383.60589195002785,308.16066339340637,437.481569266134,337.61902,364.17435,,,,,,,292.58652,267.4621353149414,318.97661743164065
