season,variable,model,region,init_date,scale,lead,week,clim_basis,event,brier,brier_clim,briss_clim,base_rate
JFM2026,TP,ECMWF,All India,2026-01-01,weekly,1,Week 1,era5,tp_above_normal,0.006732977122841264,0.11111111111111113,0.9394032058944286,0.0
JFM2026,TP,ECMWF,All India,2026-01-01,weekly,2,Week 2,era5,tp_above_normal,0.040678879762958205,0.11783783609151682,0.6547893179965931,0.02018017494121705
JFM2026,TP,ECMWF,All India,2026-01-01,weekly,3,Week 3,era5,tp_above_normal,0.07623380095791273,0.1128446179238586,0.3244356500072414,0.0052005204382424
JFM2026,TP,ECMWF,All India,2026-01-01,weekly,4,Week 4,era5,tp_above_normal,0.20776417239766706,0.13044848693566324,-0.592691316535819,0.05801212747365638
JFM2026,TP,ECMWF,All India,2026-01-01,weekly,5,Week 5,era5,tp_above_normal,0.08812263976080995,0.1136357287100648,0.22451643720567915,0.00757385279686101
JFM2026,TP,ECMWF,All India,2026-01-01,weekly,6,Week 6,era5,tp_above_normal,0.06411028600353784,0.11111111111111113,0.42300742596815954,0.0
JFM2026,TP,ECMWF,central_india,2026-01-01,weekly,1,Week 1,era5,tp_above_normal,0.006589858484623269,0.11111111111111113,0.9406912736383906,0.0
JFM2026,TP,ECMWF,central_india,2026-01-01,weekly,2,Week 2,era5,tp_above_normal,0.016920696483746365,0.11111111111111113,0.8477137316462827,0.0
JFM2026,TP,ECMWF,central_india,2026-01-01,weekly,3,Week 3,era5,tp_above_normal,0.07476239718868789,0.11111111111111113,0.32713842530180914,0.0
JFM2026,TP,ECMWF,central_india,2026-01-01,weekly,4,Week 4,era5,tp_above_normal,0.18655094157853114,0.11363442977558114,-0.6416762238958231,0.00756995599341006
JFM2026,TP,ECMWF,central_india,2026-01-01,weekly,5,Week 5,era5,tp_above_normal,0.12653492250177387,0.11237706589414778,-0.1259852844081364,0.003797864349110029
JFM2026,TP,ECMWF,central_india,2026-01-01,weekly,6,Week 6,era5,tp_above_normal,0.0805615120927939,0.11111111111111113,0.2749463911648551,0.0
JFM2026,TP,ECMWF,east_northeast_india,2026-01-01,weekly,1,Week 1,era5,tp_above_normal,6.387894534541049e-34,0.11111111111111113,1.0,0.0
JFM2026,TP,ECMWF,east_northeast_india,2026-01-01,weekly,2,Week 2,era5,tp_above_normal,4.946785527548588e-30,0.11111111111111113,1.0,0.0
JFM2026,TP,ECMWF,east_northeast_india,2026-01-01,weekly,3,Week 3,era5,tp_above_normal,0.004697186554504073,0.11111111111111113,0.9577253210094634,0.0
JFM2026,TP,ECMWF,east_northeast_india,2026-01-01,weekly,4,Week 4,era5,tp_above_normal,0.08012053628119856,0.11111111111111113,0.27891517346921313,0.0
JFM2026,TP,ECMWF,east_northeast_india,2026-01-01,weekly,5,Week 5,era5,tp_above_normal,0.03776569028442997,0.11111111111111113,0.6601087874401304,0.0
JFM2026,TP,ECMWF,east_northeast_india,2026-01-01,weekly,6,Week 6,era5,tp_above_normal,0.03505258402761485,0.11111111111111113,0.6845267437514664,0.0
JFM2026,TP,ECMWF,northwest_india,2026-01-01,weekly,1,Week 1,era5,tp_above_normal,3.543988947314324e-08,0.11111111111111113,0.9999996810409948,0.0
JFM2026,TP,ECMWF,northwest_india,2026-01-01,weekly,2,Week 2,era5,tp_above_normal,0.004044308122638186,0.11111111111111113,0.9636012268962564,0.0
JFM2026,TP,ECMWF,northwest_india,2026-01-01,weekly,3,Week 3,era5,tp_above_normal,0.09250524477404644,0.1128446179238586,0.18024229709861805,0.0052005204382424
JFM2026,TP,ECMWF,northwest_india,2026-01-01,weekly,4,Week 4,era5,tp_above_normal,0.33470131643185413,0.12657890073706138,-1.644210958405456,0.046403368877850834
JFM2026,TP,ECMWF,northwest_india,2026-01-01,weekly,5,Week 5,era5,tp_above_normal,0.08131589621056037,0.11236977392702811,0.27635436675910585,0.003775988447750982
JFM2026,TP,ECMWF,northwest_india,2026-01-01,weekly,6,Week 6,era5,tp_above_normal,0.06500519247381846,0.11111111111111113,0.414953267735634,0.0
JFM2026,TP,ECMWF,south_peninsula,2026-01-01,weekly,1,Week 1,era5,tp_above_normal,0.024223908611757043,0.11111111111111113,0.7819848224941867,0.0
JFM2026,TP,ECMWF,south_peninsula,2026-01-01,weekly,2,Week 2,era5,tp_above_normal,0.18129703303978714,0.11783783609151682,-0.5385298903400244,0.02018017494121705
JFM2026,TP,ECMWF,south_peninsula,2026-01-01,weekly,3,Week 3,era5,tp_above_normal,0.10786357833355782,0.11111111111111113,0.029227794997979784,0.0
JFM2026,TP,ECMWF,south_peninsula,2026-01-01,weekly,4,Week 4,era5,tp_above_normal,0.12649718669025983,0.11245737864524295,-0.12484559229596437,0.004038802602395496
JFM2026,TP,ECMWF,south_peninsula,2026-01-01,weekly,5,Week 5,era5,tp_above_normal,0.0699979521020053,0.11111111111111113,0.3700184310819524,0.0
JFM2026,TP,ECMWF,south_peninsula,2026-01-01,weekly,6,Week 6,era5,tp_above_normal,0.05568007922678649,0.11111111111111113,0.4988792869589217,0.0
JFM2026,TP,FuXi,All India,2026-01-01,weekly,1,Week 1,era5,tp_above_normal,0.0013230082931579498,0.11111111111111113,0.9880929253615784,0.0
JFM2026,TP,FuXi,All India,2026-01-01,weekly,2,Week 2,era5,tp_above_normal,0.029833168777873776,0.11783783609151682,0.7468286098303406,0.02018017494121705
JFM2026,TP,FuXi,All India,2026-01-01,weekly,3,Week 3,era5,tp_above_normal,0.16284897583099453,0.1128446179238586,-0.44312576733501063,0.0052005204382424
JFM2026,TP,FuXi,All India,2026-01-01,weekly,4,Week 4,era5,tp_above_normal,0.2805378932914065,0.13044848693566324,-1.1505645629279462,0.05801212747365638
JFM2026,TP,FuXi,All India,2026-01-01,weekly,5,Week 5,era5,tp_above_normal,0.080815304688291,0.1136357287100648,0.2888213451379652,0.00757385279686101
JFM2026,TP,FuXi,All India,2026-01-01,weekly,6,Week 6,era5,tp_above_normal,0.08555335692845337,0.11111111111111113,0.23001978764391984,0.0
JFM2026,TP,FuXi,central_india,2026-01-01,weekly,1,Week 1,era5,tp_above_normal,0.0038301552539339915,0.11111111111111113,0.9655286027145941,0.0
JFM2026,TP,FuXi,central_india,2026-01-01,weekly,2,Week 2,era5,tp_above_normal,0.0017484186967755317,0.11111111111111113,0.9842642317290202,0.0
JFM2026,TP,FuXi,central_india,2026-01-01,weekly,3,Week 3,era5,tp_above_normal,0.269096288872999,0.11111111111111113,-1.4218665998569908,0.0
JFM2026,TP,FuXi,central_india,2026-01-01,weekly,4,Week 4,era5,tp_above_normal,0.2723671412468405,0.11363442977558114,-1.39687163287345,0.00756995599341006
JFM2026,TP,FuXi,central_india,2026-01-01,weekly,5,Week 5,era5,tp_above_normal,0.14980746543334875,0.11237706589414778,-0.3330786334505127,0.003797864349110029
JFM2026,TP,FuXi,central_india,2026-01-01,weekly,6,Week 6,era5,tp_above_normal,0.1651024561638312,0.11111111111111113,-0.48592210547448067,0.0
JFM2026,TP,FuXi,east_northeast_india,2026-01-01,weekly,1,Week 1,era5,tp_above_normal,0.0,0.11111111111111113,1.0,0.0
JFM2026,TP,FuXi,east_northeast_india,2026-01-01,weekly,2,Week 2,era5,tp_above_normal,0.0,0.11111111111111113,1.0,0.0
JFM2026,TP,FuXi,east_northeast_india,2026-01-01,weekly,3,Week 3,era5,tp_above_normal,0.05288446398305792,0.11111111111111113,0.5240398241524789,0.0
JFM2026,TP,FuXi,east_northeast_india,2026-01-01,weekly,4,Week 4,era5,tp_above_normal,0.06054637270002886,0.11111111111111113,0.45508264569974033,0.0
JFM2026,TP,FuXi,east_northeast_india,2026-01-01,weekly,5,Week 5,era5,tp_above_normal,0.018171026486651923,0.11111111111111113,0.8364607616201327,0.0
JFM2026,TP,FuXi,east_northeast_india,2026-01-01,weekly,6,Week 6,era5,tp_above_normal,0.01233858820942973,0.11111111111111113,0.8889527061151324,0.0
JFM2026,TP,FuXi,northwest_india,2026-01-01,weekly,1,Week 1,era5,tp_above_normal,6.532233806562947e-09,0.11111111111111113,0.9999999412098958,0.0
JFM2026,TP,FuXi,northwest_india,2026-01-01,weekly,2,Week 2,era5,tp_above_normal,1.1588799077842659e-09,0.11111111111111113,0.9999999895700808,0.0
JFM2026,TP,FuXi,northwest_india,2026-01-01,weekly,3,Week 3,era5,tp_above_normal,0.08571915909986173,0.1128446179238586,0.2403788441403527,0.0052005204382424
JFM2026,TP,FuXi,northwest_india,2026-01-01,weekly,4,Week 4,era5,tp_above_normal,0.4238667665590589,0.12657890073706138,-2.348636811434671,0.046403368877850834
JFM2026,TP,FuXi,northwest_india,2026-01-01,weekly,5,Week 5,era5,tp_above_normal,0.06969528371811821,0.11236977392702811,0.37976840851012406,0.003775988447750982
JFM2026,TP,FuXi,northwest_india,2026-01-01,weekly,6,Week 6,era5,tp_above_normal,0.08147724953119921,0.11111111111111113,0.26670475421920725,0.0
JFM2026,TP,FuXi,south_peninsula,2026-01-01,weekly,1,Week 1,era5,tp_above_normal,0.00010426229579055351,0.11111111111111113,0.999061639337885,0.0
JFM2026,TP,FuXi,south_peninsula,2026-01-01,weekly,2,Week 2,era5,tp_above_normal,0.15774316242298453,0.11783783609151682,-0.3386461229691615,0.02018017494121705
JFM2026,TP,FuXi,south_peninsula,2026-01-01,weekly,3,Week 3,era5,tp_above_normal,0.19148493709368727,0.11111111111111113,-0.723364433843185,0.0
JFM2026,TP,FuXi,south_peninsula,2026-01-01,weekly,4,Week 4,era5,tp_above_normal,0.220760877270049,0.11245737864524295,-0.9630626280776053,0.004038802602395496
JFM2026,TP,FuXi,south_peninsula,2026-01-01,weekly,5,Week 5,era5,tp_above_normal,0.02397972970446741,0.11111111111111113,0.7841824326597934,0.0
JFM2026,TP,FuXi,south_peninsula,2026-01-01,weekly,6,Week 6,era5,tp_above_normal,0.005462654983806314,0.11111111111111113,0.9508361051457432,0.0
JFM2026,TP,SPIRE,All India,2026-01-01,weekly,1,Week 1,era5,tp_above_normal,0.016155298616865457,0.11111111111111113,0.8546023124482109,0.0
JFM2026,TP,SPIRE,All India,2026-01-01,weekly,2,Week 2,era5,tp_above_normal,0.08834391700191158,0.11783783609151682,0.25029243635040344,0.02018017494121705
JFM2026,TP,SPIRE,All India,2026-01-01,weekly,3,Week 3,era5,tp_above_normal,0.14433341949659098,0.1128446179238586,-0.2790456660855489,0.0052005204382424
JFM2026,TP,SPIRE,All India,2026-01-01,weekly,4,Week 4,era5,tp_above_normal,0.2255924808330532,0.13044848693566324,-0.7293606551704555,0.05801212747365638
JFM2026,TP,SPIRE,All India,2026-01-01,weekly,5,Week 5,era5,tp_above_normal,0.17395208194893969,0.1136357287100648,-0.5307868741948993,0.00757385279686101
JFM2026,TP,SPIRE,All India,2026-01-01,weekly,6,Week 6,era5,tp_above_normal,0.152291225095109,0.11111111111111113,-0.3706210258559808,0.0
JFM2026,TP,SPIRE,central_india,2026-01-01,weekly,1,Week 1,era5,tp_above_normal,0.03661553324862683,0.11111111111111113,0.6704602007623586,0.0
JFM2026,TP,SPIRE,central_india,2026-01-01,weekly,2,Week 2,era5,tp_above_normal,0.1312559710223604,0.11111111111111113,-0.18130373920124332,0.0
JFM2026,TP,SPIRE,central_india,2026-01-01,weekly,3,Week 3,era5,tp_above_normal,0.2057129572394351,0.11111111111111113,-0.8514166151549156,0.0
JFM2026,TP,SPIRE,central_india,2026-01-01,weekly,4,Week 4,era5,tp_above_normal,0.2266603880710063,0.11363442977558114,-0.9946453598494958,0.00756995599341006
JFM2026,TP,SPIRE,central_india,2026-01-01,weekly,5,Week 5,era5,tp_above_normal,0.24256870473345282,0.11237706589414778,-1.1585249873131365,0.003797864349110029
JFM2026,TP,SPIRE,central_india,2026-01-01,weekly,6,Week 6,era5,tp_above_normal,0.2282890881876198,0.11111111111111113,-1.0546017936885779,0.0
JFM2026,TP,SPIRE,east_northeast_india,2026-01-01,weekly,1,Week 1,era5,tp_above_normal,6.01523737532372e-11,0.11111111111111113,0.9999999994586286,0.0
JFM2026,TP,SPIRE,east_northeast_india,2026-01-01,weekly,2,Week 2,era5,tp_above_normal,0.000590155034972467,0.11111111111111113,0.9946886046852478,0.0
JFM2026,TP,SPIRE,east_northeast_india,2026-01-01,weekly,3,Week 3,era5,tp_above_normal,0.01045457228904504,0.11111111111111113,0.9059088493985946,0.0
JFM2026,TP,SPIRE,east_northeast_india,2026-01-01,weekly,4,Week 4,era5,tp_above_normal,0.03248998997649318,0.11111111111111113,0.7075900902115615,0.0
JFM2026,TP,SPIRE,east_northeast_india,2026-01-01,weekly,5,Week 5,era5,tp_above_normal,0.05566255258555559,0.11111111111111113,0.49903702672999983,0.0
JFM2026,TP,SPIRE,east_northeast_india,2026-01-01,weekly,6,Week 6,era5,tp_above_normal,0.04064735462440198,0.11111111111111113,0.6341738083803823,0.0
JFM2026,TP,SPIRE,northwest_india,2026-01-01,weekly,1,Week 1,era5,tp_above_normal,0.0003660834251959586,0.11111111111111113,0.9967052491732363,0.0
JFM2026,TP,SPIRE,northwest_india,2026-01-01,weekly,2,Week 2,era5,tp_above_normal,0.02452337942743545,0.11111111111111113,0.779289585153081,0.0
JFM2026,TP,SPIRE,northwest_india,2026-01-01,weekly,3,Week 3,era5,tp_above_normal,0.11709510606563929,0.1128446179238586,-0.03766673342497118,0.0052005204382424
JFM2026,TP,SPIRE,northwest_india,2026-01-01,weekly,4,Week 4,era5,tp_above_normal,0.3478381704328681,0.12657890073706138,-1.7479948744018725,0.046403368877850834
JFM2026,TP,SPIRE,northwest_india,2026-01-01,weekly,5,Week 5,era5,tp_above_normal,0.14953760647957726,0.11236977392702811,-0.33076361421431333,0.003775988447750982
JFM2026,TP,SPIRE,northwest_india,2026-01-01,weekly,6,Week 6,era5,tp_above_normal,0.13076668046879383,0.11111111111111113,-0.17690012421914436,0.0
JFM2026,TP,SPIRE,south_peninsula,2026-01-01,weekly,1,Week 1,era5,tp_above_normal,0.0192782550304145,0.11111111111111113,0.8264957047262695,0.0
JFM2026,TP,SPIRE,south_peninsula,2026-01-01,weekly,2,Week 2,era5,tp_above_normal,0.19207729904154858,0.11783783609151682,-0.6300138004263325,0.02018017494121705
JFM2026,TP,SPIRE,south_peninsula,2026-01-01,weekly,3,Week 3,era5,tp_above_normal,0.18701197376042913,0.11111111111111113,-0.6831077638438618,0.0
JFM2026,TP,SPIRE,south_peninsula,2026-01-01,weekly,4,Week 4,era5,tp_above_normal,0.16424656164620108,0.11245737864524295,-0.4605227653788002,0.004038802602395496
JFM2026,TP,SPIRE,south_peninsula,2026-01-01,weekly,5,Week 5,era5,tp_above_normal,0.18585683580757306,0.11111111111111113,-0.6727115222681572,0.0
JFM2026,TP,SPIRE,south_peninsula,2026-01-01,weekly,6,Week 6,era5,tp_above_normal,0.1402285954060476,0.11111111111111113,-0.26205735865442814,0.0
JFM2026,TP,ECMWF,All India,2026-01-01,weekly,1,Week 1,era5,tp_below_normal,0.08198726750449147,0.13393942837031997,0.3878780244021165,0.06848495177762647
JFM2026,TP,ECMWF,All India,2026-01-01,weekly,2,Week 2,era5,tp_below_normal,0.08081980542890557,0.13223974496461632,0.3888387681741923,0.06338590156051563
JFM2026,TP,ECMWF,All India,2026-01-01,weekly,3,Week 3,era5,tp_below_normal,0.11768980763497126,0.13093086551046193,0.10113014852431912,0.05945926319805248
JFM2026,TP,ECMWF,All India,2026-01-01,weekly,4,Week 4,era5,tp_below_normal,0.10819075374157025,0.12461590040512055,0.13180618693242918,0.04051436788202836
JFM2026,TP,ECMWF,All India,2026-01-01,weekly,5,Week 5,era5,tp_below_normal,0.12156069400694505,0.12956062988138994,0.06174665777534938,0.05534855631083661
JFM2026,TP,ECMWF,All India,2026-01-01,weekly,6,Week 6,era5,tp_below_normal,0.16774536035078272,0.13924479629230702,-0.20467956302400303,0.08440105554358772
JFM2026,TP,ECMWF,central_india,2026-01-01,weekly,1,Week 1,era5,tp_below_normal,0.07613859225783548,0.12463037677406107,0.3890847943446002,0.040557796988849905
JFM2026,TP,ECMWF,central_india,2026-01-01,weekly,2,Week 2,era5,tp_below_normal,0.0892807711520623,0.12331268167902545,0.27598062148665214,0.03660471170374307
JFM2026,TP,ECMWF,central_india,2026-01-01,weekly,3,Week 3,era5,tp_below_normal,0.17812639946753236,0.12396854460444026,-0.4368677154023175,0.03857230047998749
JFM2026,TP,ECMWF,central_india,2026-01-01,weekly,4,Week 4,era5,tp_below_normal,0.17553264631191726,0.11949890597423735,-0.4689058856301176,0.02516338458937872
JFM2026,TP,ECMWF,central_india,2026-01-01,weekly,5,Week 5,era5,tp_below_normal,0.1677546232137741,0.12142248741398877,-0.38157788385454805,0.03093412890863304
JFM2026,TP,ECMWF,central_india,2026-01-01,weekly,6,Week 6,era5,tp_below_normal,0.18925901463085937,0.12462440752985507,-0.5186352206771407,0.04053988925623191
JFM2026,TP,ECMWF,east_northeast_india,2026-01-01,weekly,1,Week 1,era5,tp_below_normal,0.0003761992343583552,0.1117160002084153,0.9966325393528543,0.001814667291912565
JFM2026,TP,ECMWF,east_northeast_india,2026-01-01,weekly,2,Week 2,era5,tp_below_normal,0.0025983231291550426,0.1117160002084153,0.9767417100119261,0.001814667291912565
JFM2026,TP,ECMWF,east_northeast_india,2026-01-01,weekly,3,Week 3,era5,tp_below_normal,0.028766216562383526,0.11234533161637382,0.7439482696031228,0.0037026615157880562
JFM2026,TP,ECMWF,east_northeast_india,2026-01-01,weekly,4,Week 4,era5,tp_below_normal,0.057751280576818685,0.11234533161637382,0.4859485503676977,0.0037026615157880562
JFM2026,TP,ECMWF,east_northeast_india,2026-01-01,weekly,5,Week 5,era5,tp_below_normal,0.08676875153748169,0.11295879044630926,0.23185481010684184,0.005543038005594375
JFM2026,TP,ECMWF,east_northeast_india,2026-01-01,weekly,6,Week 6,era5,tp_below_normal,0.09545158470735257,0.11234533161637382,0.1503733770327762,0.0037026615157880562
JFM2026,TP,ECMWF,northwest_india,2026-01-01,weekly,1,Week 1,era5,tp_below_normal,0.12957660187503497,0.11515148071707486,-0.12527082646381582,0.01212110881789122
JFM2026,TP,ECMWF,northwest_india,2026-01-01,weekly,2,Week 2,era5,tp_below_normal,0.09082986398390475,0.11812155944856817,0.231047537740531,0.02103134501237116
JFM2026,TP,ECMWF,northwest_india,2026-01-01,weekly,3,Week 3,era5,tp_below_normal,0.08667670457408824,0.11352859498058508,0.23652094356570585,0.007252451608421883
JFM2026,TP,ECMWF,northwest_india,2026-01-01,weekly,4,Week 4,era5,tp_below_normal,0.06579015579942823,0.11235432736816633,0.41444039281331013,0.003729648771165632
JFM2026,TP,ECMWF,northwest_india,2026-01-01,weekly,5,Week 5,era5,tp_below_normal,0.10146226820089199,0.11476201657474888,0.11588981067785831,0.010952716390913246
JFM2026,TP,ECMWF,northwest_india,2026-01-01,weekly,6,Week 6,era5,tp_below_normal,0.21799374576901084,0.12185772169973505,-0.7889202483709723,0.0322398317658718
JFM2026,TP,ECMWF,south_peninsula,2026-01-01,weekly,1,Week 1,era5,tp_below_normal,0.07478279403409813,0.11577490400410206,0.3540673198791988,0.013991378678972778
JFM2026,TP,ECMWF,south_peninsula,2026-01-01,weekly,2,Week 2,era5,tp_below_normal,0.11057200171293023,0.11242283696194075,0.016463160857941084,0.003935177552488845
JFM2026,TP,ECMWF,south_peninsula,2026-01-01,weekly,3,Week 3,era5,tp_below_normal,0.1325992260323699,0.11442172764239615,-0.15886404413315747,0.009931849593855055
JFM2026,TP,ECMWF,south_peninsula,2026-01-01,weekly,4,Week 4,era5,tp_below_normal,0.09948069531246034,0.11375066877967645,0.1254495786293407,0.007918673005695957
JFM2026,TP,ECMWF,south_peninsula,2026-01-01,weekly,5,Week 5,era5,tp_below_normal,0.09996726788264418,0.11375066877967645,0.12117204272204607,0.007918673005695957
JFM2026,TP,ECMWF,south_peninsula,2026-01-01,weekly,6,Week 6,era5,tp_below_normal,0.09813940341789235,0.11375066877967645,0.13724108639766808,0.007918673005695957
JFM2026,TP,FuXi,All India,2026-01-01,weekly,1,Week 1,era5,tp_below_normal,0.06166774660544353,0.13393942837031997,0.5395848156456022,0.06848495177762647
JFM2026,TP,FuXi,All India,2026-01-01,weekly,2,Week 2,era5,tp_below_normal,0.029405227485114715,0.13223974496461632,0.7776369918666832,0.06338590156051563
JFM2026,TP,FuXi,All India,2026-01-01,weekly,3,Week 3,era5,tp_below_normal,0.1731850977418049,0.13093086551046193,-0.3227217055856604,0.05945926319805248
JFM2026,TP,FuXi,All India,2026-01-01,weekly,4,Week 4,era5,tp_below_normal,0.11174673187616291,0.12461590040512055,0.10327067803643486,0.04051436788202836
JFM2026,TP,FuXi,All India,2026-01-01,weekly,5,Week 5,era5,tp_below_normal,0.13045335072186162,0.12956062988138994,-0.006890371259301142,0.05534855631083661
JFM2026,TP,FuXi,All India,2026-01-01,weekly,6,Week 6,era5,tp_below_normal,0.18239565974365252,0.13924479629230702,-0.3098921080020962,0.08440105554358772
JFM2026,TP,FuXi,central_india,2026-01-01,weekly,1,Week 1,era5,tp_below_normal,0.0833280739544963,0.12463037677406107,0.33139836281198565,0.040557796988849905
JFM2026,TP,FuXi,central_india,2026-01-01,weekly,2,Week 2,era5,tp_below_normal,0.04209731555895247,0.12331268167902545,0.6586132505938933,0.03660471170374307
JFM2026,TP,FuXi,central_india,2026-01-01,weekly,3,Week 3,era5,tp_below_normal,0.3111363298928767,0.12396854460444026,-1.509800618258872,0.03857230047998749
JFM2026,TP,FuXi,central_india,2026-01-01,weekly,4,Week 4,era5,tp_below_normal,0.19069119885575275,0.11949890597423735,-0.5957568590365478,0.02516338458937872
JFM2026,TP,FuXi,central_india,2026-01-01,weekly,5,Week 5,era5,tp_below_normal,0.1991774077118241,0.12142248741398877,-0.6403667224566953,0.03093412890863304
JFM2026,TP,FuXi,central_india,2026-01-01,weekly,6,Week 6,era5,tp_below_normal,0.24538030635219243,0.12462440752985507,-0.9689586591888835,0.04053988925623191
JFM2026,TP,FuXi,east_northeast_india,2026-01-01,weekly,1,Week 1,era5,tp_below_normal,1.0336014280659355e-05,0.1117160002084153,0.9999074795529613,0.001814667291912565
JFM2026,TP,FuXi,east_northeast_india,2026-01-01,weekly,2,Week 2,era5,tp_below_normal,0.0016998491402091475,0.1117160002084153,0.9847841926220242,0.001814667291912565
JFM2026,TP,FuXi,east_northeast_india,2026-01-01,weekly,3,Week 3,era5,tp_below_normal,0.04435402749490208,0.11234533161637382,0.6051991938004331,0.0037026615157880562
JFM2026,TP,FuXi,east_northeast_india,2026-01-01,weekly,4,Week 4,era5,tp_below_normal,0.04487785431851634,0.11234533161637382,0.6005365450185239,0.0037026615157880562
JFM2026,TP,FuXi,east_northeast_india,2026-01-01,weekly,5,Week 5,era5,tp_below_normal,0.07908076756135037,0.11295879044630926,0.2999148871115218,0.005543038005594375
JFM2026,TP,FuXi,east_northeast_india,2026-01-01,weekly,6,Week 6,era5,tp_below_normal,0.10581563670464408,0.11234533161637382,0.058121639927386726,0.0037026615157880562
JFM2026,TP,FuXi,northwest_india,2026-01-01,weekly,1,Week 1,era5,tp_below_normal,0.047419815466888296,0.11515148071707486,0.5881962162223694,0.01212110881789122
JFM2026,TP,FuXi,northwest_india,2026-01-01,weekly,2,Week 2,era5,tp_below_normal,0.022533139538843956,0.11812155944856817,0.8092377069517508,0.02103134501237116
JFM2026,TP,FuXi,northwest_india,2026-01-01,weekly,3,Week 3,era5,tp_below_normal,0.09010803584118039,0.11352859498058508,0.20629656469728985,0.007252451608421883
JFM2026,TP,FuXi,northwest_india,2026-01-01,weekly,4,Week 4,era5,tp_below_normal,0.0610437512561359,0.11235432736816633,0.4566853570659033,0.003729648771165632
JFM2026,TP,FuXi,northwest_india,2026-01-01,weekly,5,Week 5,era5,tp_below_normal,0.11096958902139735,0.11476201657474888,0.03304601702324894,0.010952716390913246
JFM2026,TP,FuXi,northwest_india,2026-01-01,weekly,6,Week 6,era5,tp_below_normal,0.2185676273422247,0.12185772169973505,-0.7936296879141467,0.0322398317658718
JFM2026,TP,FuXi,south_peninsula,2026-01-01,weekly,1,Week 1,era5,tp_below_normal,0.09644727001818082,0.11577490400410206,0.16694148142188436,0.013991378678972778
JFM2026,TP,FuXi,south_peninsula,2026-01-01,weekly,2,Week 2,era5,tp_below_normal,0.04042383156078792,0.11242283696194075,0.6404304262978804,0.003935177552488845
JFM2026,TP,FuXi,south_peninsula,2026-01-01,weekly,3,Week 3,era5,tp_below_normal,0.16920101021247036,0.11442172764239615,-0.47874895527951367,0.009931849593855055
JFM2026,TP,FuXi,south_peninsula,2026-01-01,weekly,4,Week 4,era5,tp_below_normal,0.10950503384443282,0.11375066877967645,0.03732404372467468,0.007918673005695957
JFM2026,TP,FuXi,south_peninsula,2026-01-01,weekly,5,Week 5,era5,tp_below_normal,0.07973197008324166,0.11375066877967645,0.2990637247357689,0.007918673005695957
JFM2026,TP,FuXi,south_peninsula,2026-01-01,weekly,6,Week 6,era5,tp_below_normal,0.06478516752412193,0.11375066877967645,0.4304634142450252,0.007918673005695957
JFM2026,TP,SPIRE,All India,2026-01-01,weekly,1,Week 1,era5,tp_below_normal,0.11648973131906983,0.13393942837031997,0.1302805101049459,0.06848495177762647
JFM2026,TP,SPIRE,All India,2026-01-01,weekly,2,Week 2,era5,tp_below_normal,0.11370333486998657,0.13223974496461632,0.14017276046312388,0.06338590156051563
JFM2026,TP,SPIRE,All India,2026-01-01,weekly,3,Week 3,era5,tp_below_normal,0.14658076899166284,0.13093086551046193,-0.11952799227429245,0.05945926319805248
JFM2026,TP,SPIRE,All India,2026-01-01,weekly,4,Week 4,era5,tp_below_normal,0.13632800173027676,0.12461590040512055,-0.09398560927683142,0.04051436788202836
JFM2026,TP,SPIRE,All India,2026-01-01,weekly,5,Week 5,era5,tp_below_normal,0.15951116175957591,0.12956062988138994,-0.23117000824714307,0.05534855631083661
JFM2026,TP,SPIRE,All India,2026-01-01,weekly,6,Week 6,era5,tp_below_normal,0.18164199778401915,0.13924479629230702,-0.30447961159504033,0.08440105554358772
JFM2026,TP,SPIRE,central_india,2026-01-01,weekly,1,Week 1,era5,tp_below_normal,0.16156069256546168,0.12463037677406107,-0.29631873662991937,0.040557796988849905
JFM2026,TP,SPIRE,central_india,2026-01-01,weekly,2,Week 2,era5,tp_below_normal,0.1734401178326113,0.12331268167902545,-0.4065067393803352,0.03660471170374307
JFM2026,TP,SPIRE,central_india,2026-01-01,weekly,3,Week 3,era5,tp_below_normal,0.21578765049829315,0.12396854460444026,-0.7406645466947279,0.03857230047998749
JFM2026,TP,SPIRE,central_india,2026-01-01,weekly,4,Week 4,era5,tp_below_normal,0.17930869373083266,0.11949890597423735,-0.5005048980907796,0.02516338458937872
JFM2026,TP,SPIRE,central_india,2026-01-01,weekly,5,Week 5,era5,tp_below_normal,0.20261828743503513,0.12142248741398877,-0.6687047988418331,0.03093412890863304
JFM2026,TP,SPIRE,central_india,2026-01-01,weekly,6,Week 6,era5,tp_below_normal,0.22732726896456606,0.12462440752985507,-0.8240990947949538,0.04053988925623191
JFM2026,TP,SPIRE,east_northeast_india,2026-01-01,weekly,1,Week 1,era5,tp_below_normal,0.007222087800574154,0.1117160002084153,0.9353531473817469,0.001814667291912565
JFM2026,TP,SPIRE,east_northeast_india,2026-01-01,weekly,2,Week 2,era5,tp_below_normal,0.011652711183646927,0.1117160002084153,0.8956934444313451,0.001814667291912565
JFM2026,TP,SPIRE,east_northeast_india,2026-01-01,weekly,3,Week 3,era5,tp_below_normal,0.037359705554006896,0.11234533161637382,0.6674565376549932,0.0037026615157880562
JFM2026,TP,SPIRE,east_northeast_india,2026-01-01,weekly,4,Week 4,era5,tp_below_normal,0.05846907258287681,0.11234533161637382,0.4795593929747659,0.0037026615157880562
JFM2026,TP,SPIRE,east_northeast_india,2026-01-01,weekly,5,Week 5,era5,tp_below_normal,0.10250885669655546,0.11295879044630926,0.09251102732656102,0.005543038005594375
JFM2026,TP,SPIRE,east_northeast_india,2026-01-01,weekly,6,Week 6,era5,tp_below_normal,0.07650313461266535,0.11234533161637382,0.3190359268874563,0.0037026615157880562
JFM2026,TP,SPIRE,northwest_india,2026-01-01,weekly,1,Week 1,era5,tp_below_normal,0.12689441151215475,0.11515148071707486,-0.10197811371555066,0.01212110881789122
JFM2026,TP,SPIRE,northwest_india,2026-01-01,weekly,2,Week 2,era5,tp_below_normal,0.09815675725269903,0.11812155944856817,0.1690191213955493,0.02103134501237116
JFM2026,TP,SPIRE,northwest_india,2026-01-01,weekly,3,Week 3,era5,tp_below_normal,0.12520970293508915,0.11352859498058508,-0.10289132844902826,0.007252451608421883
JFM2026,TP,SPIRE,northwest_india,2026-01-01,weekly,4,Week 4,era5,tp_below_normal,0.12971730659052064,0.11235432736816633,-0.15453769898384717,0.003729648771165632
JFM2026,TP,SPIRE,northwest_india,2026-01-01,weekly,5,Week 5,era5,tp_below_normal,0.14806715547197397,0.11476201657474888,-0.29021047112336307,0.010952716390913246
JFM2026,TP,SPIRE,northwest_india,2026-01-01,weekly,6,Week 6,era5,tp_below_normal,0.2112644733974399,0.12185772169973505,-0.7336978769224702,0.0322398317658718
JFM2026,TP,SPIRE,south_peninsula,2026-01-01,weekly,1,Week 1,era5,tp_below_normal,0.10326904909481666,0.11577490400410206,0.10801870247149858,0.013991378678972778
JFM2026,TP,SPIRE,south_peninsula,2026-01-01,weekly,2,Week 2,era5,tp_below_normal,0.11330032472617177,0.11242283696194075,-0.007805244805626943,0.003935177552488845
JFM2026,TP,SPIRE,south_peninsula,2026-01-01,weekly,3,Week 3,era5,tp_below_normal,0.14477244878762,0.11442172764239615,-0.2652531277982393,0.009931849593855055
JFM2026,TP,SPIRE,south_peninsula,2026-01-01,weekly,4,Week 4,era5,tp_below_normal,0.13157063142742087,0.11375066877967645,-0.1566580912351372,0.007918673005695957
JFM2026,TP,SPIRE,south_peninsula,2026-01-01,weekly,5,Week 5,era5,tp_below_normal,0.14624449013054366,0.11375066877967645,-0.28565828842557806,0.007918673005695957
JFM2026,TP,SPIRE,south_peninsula,2026-01-01,weekly,6,Week 6,era5,tp_below_normal,0.13024476155950324,0.11375066877967645,-0.14500216092596507,0.007918673005695957
JFM2026,TP,ECMWF,All India,2026-01-01,weekly,1,Week 1,era5,tp_gt_10mm,3.837011831027438e-07,0.004495065858335384,0.9999146394746606,0.0
JFM2026,TP,ECMWF,All India,2026-01-01,weekly,2,Week 2,era5,tp_gt_10mm,0.0002514363688722263,0.004979172380602134,0.9495023771718022,0.0
JFM2026,TP,ECMWF,All India,2026-01-01,weekly,3,Week 3,era5,tp_gt_10mm,1.6854876358126406e-06,0.005605933368232643,0.9996993386247928,0.0
JFM2026,TP,ECMWF,All India,2026-01-01,weekly,4,Week 4,era5,tp_gt_10mm,0.02573744789703989,0.023967323757654497,-0.07385572779355742,0.007036939387020797
JFM2026,TP,ECMWF,All India,2026-01-01,weekly,5,Week 5,era5,tp_gt_10mm,1.8976056152221713e-05,0.0071595714578673135,0.9973495541927485,0.0
JFM2026,TP,ECMWF,All India,2026-01-01,weekly,6,Week 6,era5,tp_gt_10mm,0.00012857179164860551,0.008106202691620509,0.9841390850266412,0.0
JFM2026,TP,ECMWF,central_india,2026-01-01,weekly,1,Week 1,era5,tp_gt_10mm,0.0,3.38352141478509e-08,1.0,0.0
JFM2026,TP,ECMWF,central_india,2026-01-01,weekly,2,Week 2,era5,tp_gt_10mm,0.0,3.483347501631562e-08,1.0,0.0
JFM2026,TP,ECMWF,central_india,2026-01-01,weekly,3,Week 3,era5,tp_gt_10mm,2.867713088896495e-34,3.747313412298955e-08,1.0,0.0
JFM2026,TP,ECMWF,central_india,2026-01-01,weekly,4,Week 4,era5,tp_gt_10mm,1.2865803496471895e-11,3.833037513667616e-08,0.9996643444409141,0.0
JFM2026,TP,ECMWF,central_india,2026-01-01,weekly,5,Week 5,era5,tp_gt_10mm,1.0669889334407058e-19,3.9835284821025803e-08,0.9999999999973215,0.0
JFM2026,TP,ECMWF,central_india,2026-01-01,weekly,6,Week 6,era5,tp_gt_10mm,1.0494024355633843e-18,4.2720104093655845e-08,0.9999999999754354,0.0
JFM2026,TP,ECMWF,east_northeast_india,2026-01-01,weekly,1,Week 1,era5,tp_gt_10mm,0.0,0.023561281345914713,1.0,0.0
JFM2026,TP,ECMWF,east_northeast_india,2026-01-01,weekly,2,Week 2,era5,tp_gt_10mm,0.0,0.02568922809375132,1.0,0.0
JFM2026,TP,ECMWF,east_northeast_india,2026-01-01,weekly,3,Week 3,era5,tp_gt_10mm,1.2520273287700458e-31,0.02823133841114681,1.0,0.0
JFM2026,TP,ECMWF,east_northeast_india,2026-01-01,weekly,4,Week 4,era5,tp_gt_10mm,2.6296161372416843e-07,0.03127037644544842,0.9999915907116058,0.0
JFM2026,TP,ECMWF,east_northeast_india,2026-01-01,weekly,5,Week 5,era5,tp_gt_10mm,2.144867204040131e-05,0.034955499383505784,0.9993864006402803,0.0
JFM2026,TP,ECMWF,east_northeast_india,2026-01-01,weekly,6,Week 6,era5,tp_gt_10mm,5.412270737957969e-07,0.03930980224785453,0.9999862317528238,0.0
JFM2026,TP,ECMWF,northwest_india,2026-01-01,weekly,1,Week 1,era5,tp_gt_10mm,0.0,0.0028182711487713384,1.0,0.0
JFM2026,TP,ECMWF,northwest_india,2026-01-01,weekly,2,Week 2,era5,tp_gt_10mm,0.0,0.003363279379650788,1.0,0.0
JFM2026,TP,ECMWF,northwest_india,2026-01-01,weekly,3,Week 3,era5,tp_gt_10mm,6.887439517716214e-08,0.004132000679238559,0.9999833314656691,0.0
JFM2026,TP,ECMWF,northwest_india,2026-01-01,weekly,4,Week 4,era5,tp_gt_10mm,0.07911281436769829,0.05917234225274478,-0.3369897380397944,0.007036939387020797
JFM2026,TP,ECMWF,northwest_india,2026-01-01,weekly,5,Week 5,era5,tp_gt_10mm,4.850923959977361e-05,0.005797996391485558,0.9916334477767165,0.0
JFM2026,TP,ECMWF,northwest_india,2026-01-01,weekly,6,Week 6,era5,tp_gt_10mm,0.00039496200558595466,0.006672774483412774,0.9408099274795284,0.0
JFM2026,TP,ECMWF,south_peninsula,2026-01-01,weekly,1,Week 1,era5,tp_gt_10mm,2.070118544732106e-06,0.00037096502798021174,0.9944196396193915,0.0
JFM2026,TP,ECMWF,south_peninsula,2026-01-01,weekly,2,Week 2,era5,tp_gt_10mm,0.0013565324084057432,0.0003161756139289764,-3.2904397070624984,0.0
JFM2026,TP,ECMWF,south_peninsula,2026-01-01,weekly,3,Week 3,era5,tp_gt_10mm,8.972541822294054e-06,0.00030554494997364336,0.9706342984131532,0.0
JFM2026,TP,ECMWF,south_peninsula,2026-01-01,weekly,4,Week 4,era5,tp_gt_10mm,0.0,0.0003201409113734384,1.0,0.0
JFM2026,TP,ECMWF,south_peninsula,2026-01-01,weekly,5,Week 5,era5,tp_gt_10mm,2.1952620615870154e-33,0.0003599627613885662,1.0,0.0
JFM2026,TP,ECMWF,south_peninsula,2026-01-01,weekly,6,Week 6,era5,tp_gt_10mm,0.0,0.00043264431359181716,1.0,0.0
JFM2026,TP,FuXi,All India,2026-01-01,weekly,1,Week 1,era5,tp_gt_10mm,0.0,0.004495065858335384,1.0,0.0
JFM2026,TP,FuXi,All India,2026-01-01,weekly,2,Week 2,era5,tp_gt_10mm,7.809290652282707e-05,0.004979172380602134,0.9843160869812297,0.0
JFM2026,TP,FuXi,All India,2026-01-01,weekly,3,Week 3,era5,tp_gt_10mm,2.2122280752005963e-15,0.005605933368232643,0.9999999999996054,0.0
JFM2026,TP,FuXi,All India,2026-01-01,weekly,4,Week 4,era5,tp_gt_10mm,0.029058295898701122,0.023967323757654497,-0.21241304171145559,0.007036939387020797
JFM2026,TP,FuXi,All India,2026-01-01,weekly,5,Week 5,era5,tp_gt_10mm,2.664615236381108e-05,0.0071595714578673135,0.9962782475849821,0.0
JFM2026,TP,FuXi,All India,2026-01-01,weekly,6,Week 6,era5,tp_gt_10mm,1.2854980188458389e-06,0.008106202691620509,0.9998414179773503,0.0
JFM2026,TP,FuXi,central_india,2026-01-01,weekly,1,Week 1,era5,tp_gt_10mm,0.0,3.38352141478509e-08,1.0,0.0
JFM2026,TP,FuXi,central_india,2026-01-01,weekly,2,Week 2,era5,tp_gt_10mm,0.0,3.483347501631562e-08,1.0,0.0
JFM2026,TP,FuXi,central_india,2026-01-01,weekly,3,Week 3,era5,tp_gt_10mm,9.909465403698612e-21,3.747313412298955e-08,0.9999999999997355,0.0
JFM2026,TP,FuXi,central_india,2026-01-01,weekly,4,Week 4,era5,tp_gt_10mm,1.1406843884946711e-06,3.833037513667616e-08,-28.759280581713245,0.0
JFM2026,TP,FuXi,central_india,2026-01-01,weekly,5,Week 5,era5,tp_gt_10mm,9.606116333073928e-30,3.9835284821025803e-08,1.0,0.0
JFM2026,TP,FuXi,central_india,2026-01-01,weekly,6,Week 6,era5,tp_gt_10mm,2.6110643132471026e-14,4.2720104093655845e-08,0.9999993887972961,0.0
JFM2026,TP,FuXi,east_northeast_india,2026-01-01,weekly,1,Week 1,era5,tp_gt_10mm,0.0,0.023561281345914713,1.0,0.0
JFM2026,TP,FuXi,east_northeast_india,2026-01-01,weekly,2,Week 2,era5,tp_gt_10mm,0.0,0.02568922809375132,1.0,0.0
JFM2026,TP,FuXi,east_northeast_india,2026-01-01,weekly,3,Week 3,era5,tp_gt_10mm,8.156804156026797e-22,0.02823133841114681,1.0,0.0
JFM2026,TP,FuXi,east_northeast_india,2026-01-01,weekly,4,Week 4,era5,tp_gt_10mm,1.6043261955478703e-09,0.03127037644544842,0.999999948695015,0.0
JFM2026,TP,FuXi,east_northeast_india,2026-01-01,weekly,5,Week 5,era5,tp_gt_10mm,2.0361428015402333e-07,0.034955499383505784,0.9999941750430191,0.0
JFM2026,TP,FuXi,east_northeast_india,2026-01-01,weekly,6,Week 6,era5,tp_gt_10mm,1.586832750914729e-06,0.03930980224785453,0.9999596326447814,0.0
JFM2026,TP,FuXi,northwest_india,2026-01-01,weekly,1,Week 1,era5,tp_gt_10mm,0.0,0.0028182711487713384,1.0,0.0
JFM2026,TP,FuXi,northwest_india,2026-01-01,weekly,2,Week 2,era5,tp_gt_10mm,0.0,0.003363279379650788,1.0,0.0
JFM2026,TP,FuXi,northwest_india,2026-01-01,weekly,3,Week 3,era5,tp_gt_10mm,6.800036260436044e-15,0.004132000679238559,0.9999999999983543,0.0
JFM2026,TP,FuXi,northwest_india,2026-01-01,weekly,4,Week 4,era5,tp_gt_10mm,0.08931951381656536,0.05917234225274478,-0.5094807880859604,0.007036939387020797
JFM2026,TP,FuXi,northwest_india,2026-01-01,weekly,5,Week 5,era5,tp_gt_10mm,8.181292748064546e-05,0.005797996391485558,0.9858894483617153,0.0
JFM2026,TP,FuXi,northwest_india,2026-01-01,weekly,6,Week 6,era5,tp_gt_10mm,3.224894560864032e-06,0.006672774483412774,0.9995167085941716,0.0
JFM2026,TP,FuXi,south_peninsula,2026-01-01,weekly,1,Week 1,era5,tp_gt_10mm,0.0,0.00037096502798021174,1.0,0.0
JFM2026,TP,FuXi,south_peninsula,2026-01-01,weekly,2,Week 2,era5,tp_gt_10mm,0.00042132154166865573,0.0003161756139289764,-0.3325554631904615,0.0
JFM2026,TP,FuXi,south_peninsula,2026-01-01,weekly,3,Week 3,era5,tp_gt_10mm,1.5305918688507953e-24,0.00030554494997364336,1.0,0.0
JFM2026,TP,FuXi,south_peninsula,2026-01-01,weekly,4,Week 4,era5,tp_gt_10mm,3.012778038741906e-14,0.0003201409113734384,0.9999999999058922,0.0
JFM2026,TP,FuXi,south_peninsula,2026-01-01,weekly,5,Week 5,era5,tp_gt_10mm,0.0,0.0003599627613885662,1.0,0.0
JFM2026,TP,FuXi,south_peninsula,2026-01-01,weekly,6,Week 6,era5,tp_gt_10mm,0.0,0.00043264431359181716,1.0,0.0
JFM2026,TP,SPIRE,All India,2026-01-01,weekly,1,Week 1,era5,tp_gt_10mm,7.573227863163682e-10,0.004495065858335384,0.9999998315213147,0.0
JFM2026,TP,SPIRE,All India,2026-01-01,weekly,2,Week 2,era5,tp_gt_10mm,0.00033688526364072794,0.004979172380602134,0.9323411125605601,0.0
JFM2026,TP,SPIRE,All India,2026-01-01,weekly,3,Week 3,era5,tp_gt_10mm,2.642167045484579e-05,0.005605933368232643,0.9952868382980485,0.0
JFM2026,TP,SPIRE,All India,2026-01-01,weekly,4,Week 4,era5,tp_gt_10mm,0.022404371363351452,0.023967323757654497,0.06521180295751128,0.007036939387020797
JFM2026,TP,SPIRE,All India,2026-01-01,weekly,5,Week 5,era5,tp_gt_10mm,0.0019513651418354796,0.0071595714578673135,0.7274466560856492,0.0
JFM2026,TP,SPIRE,All India,2026-01-01,weekly,6,Week 6,era5,tp_gt_10mm,0.002695227614740001,0.008106202691620509,0.6675104586854097,0.0
JFM2026,TP,SPIRE,central_india,2026-01-01,weekly,1,Week 1,era5,tp_gt_10mm,0.0,3.38352141478509e-08,1.0,0.0
JFM2026,TP,SPIRE,central_india,2026-01-01,weekly,2,Week 2,era5,tp_gt_10mm,1.1064520659020611e-23,3.483347501631562e-08,0.9999999999999997,0.0
JFM2026,TP,SPIRE,central_india,2026-01-01,weekly,3,Week 3,era5,tp_gt_10mm,8.0512808753318e-08,3.747313412298955e-08,-1.1485475031009975,0.0
JFM2026,TP,SPIRE,central_india,2026-01-01,weekly,4,Week 4,era5,tp_gt_10mm,5.552304523569161e-09,3.833037513667616e-08,0.855146094871989,0.0
JFM2026,TP,SPIRE,central_india,2026-01-01,weekly,5,Week 5,era5,tp_gt_10mm,8.5340617570178e-08,3.9835284821025803e-08,-1.142337326156976,0.0
JFM2026,TP,SPIRE,central_india,2026-01-01,weekly,6,Week 6,era5,tp_gt_10mm,1.3644261792229395e-08,4.2720104093655845e-08,0.6806126276678329,0.0
JFM2026,TP,SPIRE,east_northeast_india,2026-01-01,weekly,1,Week 1,era5,tp_gt_10mm,0.0,0.023561281345914713,1.0,0.0
JFM2026,TP,SPIRE,east_northeast_india,2026-01-01,weekly,2,Week 2,era5,tp_gt_10mm,1.0818764385177354e-14,0.02568922809375132,0.9999999999995789,0.0
JFM2026,TP,SPIRE,east_northeast_india,2026-01-01,weekly,3,Week 3,era5,tp_gt_10mm,1.4481787608360683e-06,0.02823133841114681,0.9999487031489707,0.0
JFM2026,TP,SPIRE,east_northeast_india,2026-01-01,weekly,4,Week 4,era5,tp_gt_10mm,0.00040700925003832664,0.03127037644544842,0.9869841909083391,0.0
JFM2026,TP,SPIRE,east_northeast_india,2026-01-01,weekly,5,Week 5,era5,tp_gt_10mm,0.002027703106743098,0.034955499383505784,0.941991871307669,0.0
JFM2026,TP,SPIRE,east_northeast_india,2026-01-01,weekly,6,Week 6,era5,tp_gt_10mm,0.004262421698343939,0.03930980224785453,0.8915684777178807,0.0
JFM2026,TP,SPIRE,northwest_india,2026-01-01,weekly,1,Week 1,era5,tp_gt_10mm,0.0,0.0028182711487713384,1.0,0.0
JFM2026,TP,SPIRE,northwest_india,2026-01-01,weekly,2,Week 2,era5,tp_gt_10mm,4.0480789622806065e-30,0.003363279379650788,1.0,0.0
JFM2026,TP,SPIRE,northwest_india,2026-01-01,weekly,3,Week 3,era5,tp_gt_10mm,3.8995466982166764e-05,0.004132000679238559,0.9905625700455226,0.0
JFM2026,TP,SPIRE,northwest_india,2026-01-01,weekly,4,Week 4,era5,tp_gt_10mm,0.06868043590909848,0.05917234225274478,-0.16068476072387772,0.007036939387020797
JFM2026,TP,SPIRE,northwest_india,2026-01-01,weekly,5,Week 5,era5,tp_gt_10mm,0.005068866766869323,0.005797996391485558,0.12575544643093817,0.0
JFM2026,TP,SPIRE,northwest_india,2026-01-01,weekly,6,Week 6,era5,tp_gt_10mm,0.006333115597825904,0.006672774483412774,0.050902197643753144,0.0
JFM2026,TP,SPIRE,south_peninsula,2026-01-01,weekly,1,Week 1,era5,tp_gt_10mm,4.085856425107523e-09,0.00037096502798021174,0.9999889858716673,0.0
JFM2026,TP,SPIRE,south_peninsula,2026-01-01,weekly,2,Week 2,era5,tp_gt_10mm,0.0018175404778972462,0.0003161756139289764,-4.748515691363617,0.0
JFM2026,TP,SPIRE,south_peninsula,2026-01-01,weekly,3,Week 3,era5,tp_gt_10mm,7.279297942637262e-05,0.00030554494997364336,0.7617601618594847,0.0
JFM2026,TP,SPIRE,south_peninsula,2026-01-01,weekly,4,Week 4,era5,tp_gt_10mm,1.3743445355451368e-06,0.0003201409113734384,0.99570706371251,0.0
JFM2026,TP,SPIRE,south_peninsula,2026-01-01,weekly,5,Week 5,era5,tp_gt_10mm,1.5088783430732279e-06,0.0003599627613885662,0.9958082376708838,0.0
JFM2026,TP,SPIRE,south_peninsula,2026-01-01,weekly,6,Week 6,era5,tp_gt_10mm,7.64770766638843e-08,0.00043264431359181716,0.9998232333714756,0.0
JFM2026,TP,ECMWF,All India,2026-01-01,weekly,1,Week 1,era5,tp_gt_1mm,0.035791265840868475,0.12026419177027721,0.7023946586758325,0.0018403764898063189
JFM2026,TP,ECMWF,All India,2026-01-01,weekly,2,Week 2,era5,tp_gt_1mm,0.03194401576710242,0.1438929834080621,0.7780015744303995,0.018229202828218154
JFM2026,TP,ECMWF,All India,2026-01-01,weekly,3,Week 3,era5,tp_gt_1mm,0.08019310459590721,0.11458134597098293,0.300120766462146,0.01915332193126935
JFM2026,TP,ECMWF,All India,2026-01-01,weekly,4,Week 4,era5,tp_gt_1mm,0.1237759469635574,0.11983982003635618,-0.032844900184321846,0.05738122128396104
JFM2026,TP,ECMWF,All India,2026-01-01,weekly,5,Week 5,era5,tp_gt_1mm,0.11605609062897565,0.11808369560596861,0.017170913957154976,0.026627055168416368
JFM2026,TP,ECMWF,All India,2026-01-01,weekly,6,Week 6,era5,tp_gt_1mm,0.11636126492951213,0.12913677378360988,0.09893006058448728,0.01220807083924992
JFM2026,TP,ECMWF,central_india,2026-01-01,weekly,1,Week 1,era5,tp_gt_1mm,6.170048927708511e-22,0.04244108192229241,1.0,0.0
JFM2026,TP,ECMWF,central_india,2026-01-01,weekly,2,Week 2,era5,tp_gt_1mm,0.00021900111320668212,0.042759960445378095,0.9948783602481008,0.0
JFM2026,TP,ECMWF,central_india,2026-01-01,weekly,3,Week 3,era5,tp_gt_1mm,0.016864076715492327,0.044012702045715335,0.6168361420306379,0.0
JFM2026,TP,ECMWF,central_india,2026-01-01,weekly,4,Week 4,era5,tp_gt_1mm,0.09742755874983906,0.0492316924009213,-0.9789601778551869,0.001864824385582816
JFM2026,TP,ECMWF,central_india,2026-01-01,weekly,5,Week 5,era5,tp_gt_1mm,0.08483810502003922,0.06383636160935259,-0.3289934275892328,0.001887994223875491
JFM2026,TP,ECMWF,central_india,2026-01-01,weekly,6,Week 6,era5,tp_gt_1mm,0.05579627010637004,0.05196110801562075,-0.07380832005345916,0.0
JFM2026,TP,ECMWF,east_northeast_india,2026-01-01,weekly,1,Week 1,era5,tp_gt_1mm,0.10659477427062301,0.21173536897507478,0.4965660447444129,0.0018403764898063189
JFM2026,TP,ECMWF,east_northeast_india,2026-01-01,weekly,2,Week 2,era5,tp_gt_1mm,0.008070230958924236,0.22826226642240804,0.9646449188233768,0.0
JFM2026,TP,ECMWF,east_northeast_india,2026-01-01,weekly,3,Week 3,era5,tp_gt_1mm,0.08517071150672204,0.22383825917892974,0.6194988657473472,0.0018403764898063189
JFM2026,TP,ECMWF,east_northeast_india,2026-01-01,weekly,4,Week 4,era5,tp_gt_1mm,0.26001659668607247,0.20524672212372427,-0.26684896107296896,0.0036550437817188842
JFM2026,TP,ECMWF,east_northeast_india,2026-01-01,weekly,5,Week 5,era5,tp_gt_1mm,0.22674953179879556,0.2125433720782426,-0.06683887425726609,0.0036550437817188842
JFM2026,TP,ECMWF,east_northeast_india,2026-01-01,weekly,6,Week 6,era5,tp_gt_1mm,0.22245224687925758,0.23498127690880188,0.05331926949399857,0.0036807529796126378
JFM2026,TP,ECMWF,northwest_india,2026-01-01,weekly,1,Week 1,era5,tp_gt_1mm,0.011749529251360042,0.17518575713745124,0.9329310245116483,0.0
JFM2026,TP,ECMWF,northwest_india,2026-01-01,weekly,2,Week 2,era5,tp_gt_1mm,0.020511414054305576,0.18674869342292444,0.8901656890961268,0.0
JFM2026,TP,ECMWF,northwest_india,2026-01-01,weekly,3,Week 3,era5,tp_gt_1mm,0.14782383560834103,0.16415473883573292,0.0994848113628567,0.01731294544146303
JFM2026,TP,ECMWF,northwest_india,2026-01-01,weekly,4,Week 4,era5,tp_gt_1mm,0.13469954554219007,0.18276634480824863,0.26299589958144853,0.04983572710242294
JFM2026,TP,ECMWF,northwest_india,2026-01-01,weekly,5,Week 5,era5,tp_gt_1mm,0.15219248332281834,0.1615675003287007,0.058025388687758195,0.02108401716282199
JFM2026,TP,ECMWF,northwest_india,2026-01-01,weekly,6,Week 6,era5,tp_gt_1mm,0.18545854025182812,0.19721351015859656,0.059605297311098204,0.008527317859637281
JFM2026,TP,ECMWF,south_peninsula,2026-01-01,weekly,1,Week 1,era5,tp_gt_1mm,0.0868163732880253,0.0932718739335648,0.06921165377397254,0.0
JFM2026,TP,ECMWF,south_peninsula,2026-01-01,weekly,2,Week 2,era5,tp_gt_1mm,0.12945367411958558,0.18659074312146162,0.3062159893145532,0.018229202828218154
JFM2026,TP,ECMWF,south_peninsula,2026-01-01,weekly,3,Week 3,era5,tp_gt_1mm,0.07378409527589364,0.06936156083161157,-0.06376059580058491,0.0
JFM2026,TP,ECMWF,south_peninsula,2026-01-01,weekly,4,Week 4,era5,tp_gt_1mm,0.04350491870768303,0.07042139280893799,0.38222013265603405,0.002025626014236398
JFM2026,TP,ECMWF,south_peninsula,2026-01-01,weekly,5,Week 5,era5,tp_gt_1mm,0.02100433704989907,0.06547153848364373,0.6791836951388208,0.0
JFM2026,TP,ECMWF,south_peninsula,2026-01-01,weekly,6,Week 6,era5,tp_gt_1mm,0.021047559993240334,0.06631547695069505,0.6826146631066379,0.0
JFM2026,TP,FuXi,All India,2026-01-01,weekly,1,Week 1,era5,tp_gt_1mm,0.05388180820898787,0.12026419177027721,0.5519713106964518,0.0018403764898063189
JFM2026,TP,FuXi,All India,2026-01-01,weekly,2,Week 2,era5,tp_gt_1mm,0.02075768071473111,0.1438929834080621,0.8557422313229479,0.018229202828218154
JFM2026,TP,FuXi,All India,2026-01-01,weekly,3,Week 3,era5,tp_gt_1mm,0.15986098716326852,0.11458134597098293,-0.3951746316870146,0.01915332193126935
JFM2026,TP,FuXi,All India,2026-01-01,weekly,4,Week 4,era5,tp_gt_1mm,0.16735364772828212,0.11983982003635618,-0.3964777957569656,0.05738122128396104
JFM2026,TP,FuXi,All India,2026-01-01,weekly,5,Week 5,era5,tp_gt_1mm,0.10024752020434426,0.11808369560596861,0.15104689356218637,0.026627055168416368
JFM2026,TP,FuXi,All India,2026-01-01,weekly,6,Week 6,era5,tp_gt_1mm,0.12706120670948853,0.12913677378360988,0.016072626048404315,0.01220807083924992
JFM2026,TP,FuXi,central_india,2026-01-01,weekly,1,Week 1,era5,tp_gt_1mm,0.0,0.04244108192229241,1.0,0.0
JFM2026,TP,FuXi,central_india,2026-01-01,weekly,2,Week 2,era5,tp_gt_1mm,0.0,0.042759960445378095,1.0,0.0
JFM2026,TP,FuXi,central_india,2026-01-01,weekly,3,Week 3,era5,tp_gt_1mm,0.1662786906067344,0.044012702045715335,-2.7779705148305416,0.0
JFM2026,TP,FuXi,central_india,2026-01-01,weekly,4,Week 4,era5,tp_gt_1mm,0.1847519458278279,0.0492316924009213,-2.7527035293300326,0.001864824385582816
JFM2026,TP,FuXi,central_india,2026-01-01,weekly,5,Week 5,era5,tp_gt_1mm,0.08269268032400198,0.06383636160935259,-0.29538523561290764,0.001887994223875491
JFM2026,TP,FuXi,central_india,2026-01-01,weekly,6,Week 6,era5,tp_gt_1mm,0.07809953461137896,0.05196110801562075,-0.5030382837082761,0.0
JFM2026,TP,FuXi,east_northeast_india,2026-01-01,weekly,1,Week 1,era5,tp_gt_1mm,0.1897561245427782,0.21173536897507478,0.10380525718820244,0.0018403764898063189
JFM2026,TP,FuXi,east_northeast_india,2026-01-01,weekly,2,Week 2,era5,tp_gt_1mm,0.008080513437028662,0.22826226642240804,0.9645998720521097,0.0
JFM2026,TP,FuXi,east_northeast_india,2026-01-01,weekly,3,Week 3,era5,tp_gt_1mm,0.20767575910253827,0.22383825917892974,0.07220615517507056,0.0018403764898063189
JFM2026,TP,FuXi,east_northeast_india,2026-01-01,weekly,4,Week 4,era5,tp_gt_1mm,0.18676213098125755,0.20524672212372427,0.09006034762067516,0.0036550437817188842
JFM2026,TP,FuXi,east_northeast_india,2026-01-01,weekly,5,Week 5,era5,tp_gt_1mm,0.162678617104064,0.2125433720782426,0.23460978569504443,0.0036550437817188842
JFM2026,TP,FuXi,east_northeast_india,2026-01-01,weekly,6,Week 6,era5,tp_gt_1mm,0.2094317588816271,0.23498127690880188,0.10873001612418154,0.0036807529796126378
JFM2026,TP,FuXi,northwest_india,2026-01-01,weekly,1,Week 1,era5,tp_gt_1mm,1.3044608554196233e-11,0.17518575713745124,0.9999999999255385,0.0
JFM2026,TP,FuXi,northwest_india,2026-01-01,weekly,2,Week 2,era5,tp_gt_1mm,0.0,0.18674869342292444,1.0,0.0
JFM2026,TP,FuXi,northwest_india,2026-01-01,weekly,3,Week 3,era5,tp_gt_1mm,0.16459899010139048,0.16415473883573292,-0.0027062957110370878,0.01731294544146303
JFM2026,TP,FuXi,northwest_india,2026-01-01,weekly,4,Week 4,era5,tp_gt_1mm,0.17467093169749542,0.18276634480824863,0.044293784609232056,0.04983572710242294
JFM2026,TP,FuXi,northwest_india,2026-01-01,weekly,5,Week 5,era5,tp_gt_1mm,0.14639440290100952,0.1615675003287007,0.0939118164038083,0.02108401716282199
JFM2026,TP,FuXi,northwest_india,2026-01-01,weekly,6,Week 6,era5,tp_gt_1mm,0.2096817536009244,0.19721351015859656,-0.06322205528566993,0.008527317859637281
JFM2026,TP,FuXi,south_peninsula,2026-01-01,weekly,1,Week 1,era5,tp_gt_1mm,0.13821107725252257,0.0932718739335648,-0.4818087320832305,0.0
JFM2026,TP,FuXi,south_peninsula,2026-01-01,weekly,2,Week 2,era5,tp_gt_1mm,0.1054969118117722,0.18659074312146162,0.4346080086990233,0.018229202828218154
JFM2026,TP,FuXi,south_peninsula,2026-01-01,weekly,3,Week 3,era5,tp_gt_1mm,0.10133573395492247,0.06936156083161157,-0.4609782816297099,0.0
JFM2026,TP,FuXi,south_peninsula,2026-01-01,weekly,4,Week 4,era5,tp_gt_1mm,0.10696437092412374,0.07042139280893799,-0.5189187071935855,0.002025626014236398
JFM2026,TP,FuXi,south_peninsula,2026-01-01,weekly,5,Week 5,era5,tp_gt_1mm,0.0013189265174013596,0.06547153848364373,0.9798549637300663,0.0
JFM2026,TP,FuXi,south_peninsula,2026-01-01,weekly,6,Week 6,era5,tp_gt_1mm,0.0057657594489261745,0.06631547695069505,0.9130555985714622,0.0
JFM2026,TP,SPIRE,All India,2026-01-01,weekly,1,Week 1,era5,tp_gt_1mm,0.04232563136639188,0.12026419177027721,0.6480612329957679,0.0018403764898063189
JFM2026,TP,SPIRE,All India,2026-01-01,weekly,2,Week 2,era5,tp_gt_1mm,0.0473562090488686,0.1438929834080621,0.6708928543473698,0.018229202828218154
JFM2026,TP,SPIRE,All India,2026-01-01,weekly,3,Week 3,era5,tp_gt_1mm,0.12920418328404437,0.11458134597098293,-0.12761970274606993,0.01915332193126935
JFM2026,TP,SPIRE,All India,2026-01-01,weekly,4,Week 4,era5,tp_gt_1mm,0.144539536856476,0.11983982003635618,-0.20610609071864916,0.05738122128396104
JFM2026,TP,SPIRE,All India,2026-01-01,weekly,5,Week 5,era5,tp_gt_1mm,0.17501245827615744,0.11808369560596861,-0.48210519139029495,0.026627055168416368
JFM2026,TP,SPIRE,All India,2026-01-01,weekly,6,Week 6,era5,tp_gt_1mm,0.15555312086852133,0.12913677378360988,-0.20456099615107637,0.01220807083924992
JFM2026,TP,SPIRE,central_india,2026-01-01,weekly,1,Week 1,era5,tp_gt_1mm,3.5256349798331824e-06,0.04244108192229241,0.9999169287204721,0.0
JFM2026,TP,SPIRE,central_india,2026-01-01,weekly,2,Week 2,era5,tp_gt_1mm,0.029012622364805885,0.042759960445378095,0.3215002525115328,0.0
JFM2026,TP,SPIRE,central_india,2026-01-01,weekly,3,Week 3,era5,tp_gt_1mm,0.10286760124695458,0.044012702045715335,-1.3372253114591226,0.0
JFM2026,TP,SPIRE,central_india,2026-01-01,weekly,4,Week 4,era5,tp_gt_1mm,0.11952785217933874,0.0492316924009213,-1.4278639703456948,0.001864824385582816
JFM2026,TP,SPIRE,central_india,2026-01-01,weekly,5,Week 5,era5,tp_gt_1mm,0.16355715699201376,0.06383636160935259,-1.562131563714483,0.001887994223875491
JFM2026,TP,SPIRE,central_india,2026-01-01,weekly,6,Week 6,era5,tp_gt_1mm,0.13141155883913752,0.05196110801562075,-1.5290368865812498,0.0
JFM2026,TP,SPIRE,east_northeast_india,2026-01-01,weekly,1,Week 1,era5,tp_gt_1mm,0.04759992462115249,0.21173536897507478,0.7751914342343253,0.0018403764898063189
JFM2026,TP,SPIRE,east_northeast_india,2026-01-01,weekly,2,Week 2,era5,tp_gt_1mm,0.0464036404328524,0.22826226642240804,0.7967091050126494,0.0
JFM2026,TP,SPIRE,east_northeast_india,2026-01-01,weekly,3,Week 3,era5,tp_gt_1mm,0.09706353786413582,0.22383825917892974,0.5663675270698649,0.0018403764898063189
JFM2026,TP,SPIRE,east_northeast_india,2026-01-01,weekly,4,Week 4,era5,tp_gt_1mm,0.1595195535213797,0.20524672212372427,0.22279122477181335,0.0036550437817188842
JFM2026,TP,SPIRE,east_northeast_india,2026-01-01,weekly,5,Week 5,era5,tp_gt_1mm,0.2087093981601559,0.2125433720782426,0.01803854846471198,0.0036550437817188842
JFM2026,TP,SPIRE,east_northeast_india,2026-01-01,weekly,6,Week 6,era5,tp_gt_1mm,0.19873199414292758,0.23498127690880188,0.1542645577670554,0.0036807529796126378
JFM2026,TP,SPIRE,northwest_india,2026-01-01,weekly,1,Week 1,era5,tp_gt_1mm,0.071056067615422,0.17518575713745124,0.5943958642729659,0.0
JFM2026,TP,SPIRE,northwest_india,2026-01-01,weekly,2,Week 2,era5,tp_gt_1mm,0.016697334694740978,0.18674869342292444,0.9105892823735746,0.0
JFM2026,TP,SPIRE,northwest_india,2026-01-01,weekly,3,Week 3,era5,tp_gt_1mm,0.16687235442432652,0.16415473883573292,-0.016555206434296643,0.01731294544146303
JFM2026,TP,SPIRE,northwest_india,2026-01-01,weekly,4,Week 4,era5,tp_gt_1mm,0.1941804812953649,0.18276634480824863,-0.06245206960335903,0.04983572710242294
JFM2026,TP,SPIRE,northwest_india,2026-01-01,weekly,5,Week 5,era5,tp_gt_1mm,0.193430850479091,0.1615675003287007,-0.19721385851465145,0.02108401716282199
JFM2026,TP,SPIRE,northwest_india,2026-01-01,weekly,6,Week 6,era5,tp_gt_1mm,0.2013952417197786,0.19721351015859656,-0.021204082609853403,0.008527317859637281
JFM2026,TP,SPIRE,south_peninsula,2026-01-01,weekly,1,Week 1,era5,tp_gt_1mm,0.06537877336383158,0.0932718739335648,0.29905157249870173,0.0
JFM2026,TP,SPIRE,south_peninsula,2026-01-01,weekly,2,Week 2,era5,tp_gt_1mm,0.13561870546402632,0.18659074312146162,0.273175597056575,0.018229202828218154
JFM2026,TP,SPIRE,south_peninsula,2026-01-01,weekly,3,Week 3,era5,tp_gt_1mm,0.13728164626226882,0.06936156083161157,-0.9792179503507168,0.0
JFM2026,TP,SPIRE,south_peninsula,2026-01-01,weekly,4,Week 4,era5,tp_gt_1mm,0.09130346494701487,0.07042139280893799,-0.296530234707691,0.002025626014236398
JFM2026,TP,SPIRE,south_peninsula,2026-01-01,weekly,5,Week 5,era5,tp_gt_1mm,0.13664207443754242,0.06547153848364373,-1.087045418547461,0.0
JFM2026,TP,SPIRE,south_peninsula,2026-01-01,weekly,6,Week 6,era5,tp_gt_1mm,0.08472613193314302,0.06631547695069505,-0.2776222961667927,0.0
