source,metric,variable,model,clim_basis,lead,region,n_init,mean,ci_low,ci_high
deterministic,bias,TP,FuXi,era5,1,All India,1,-1.3853619898519218,-1.3853619898519218,-1.3853619898519218
deterministic,bias,TP,FuXi,era5,2,All India,1,0.6379601947997113,0.6379601947997113,0.6379601947997113
deterministic,bias,TP,FuXi,era5,3,All India,1,-3.678728797678178,-3.678728797678178,-3.678728797678178
deterministic,bias,TP,FuXi,era5,4,All India,1,1.7327677992774708,1.7327677992774708,1.7327677992774708
deterministic,bias,TP,FuXi,era5,5,All India,1,-0.0891795204537395,-0.0891795204537395,-0.0891795204537395
deterministic,bias,TP,FuXi,era5,6,All India,1,-4.058523153860034,-4.058523153860034,-4.058523153860034
deterministic,bias,TP,ECMWF,era5,1,All India,8,0.028885562726284758,-0.22439710623919895,0.3549768629978037
deterministic,bias,TP,ECMWF,era5,2,All India,8,-0.3413665238825109,-1.2746345377133097,0.7843267863287627
deterministic,bias,TP,ECMWF,era5,3,All India,8,-1.319348787093657,-2.2261150944196344,-0.1461116544298845
deterministic,bias,TP,ECMWF,era5,4,All India,8,-2.2316803161277243,-3.830692683693574,-0.6484118323804973
deterministic,bias,TP,ECMWF,era5,5,All India,8,-1.4064843335973378,-2.2281820522503617,-0.39375878675776155
deterministic,bias,TP,ECMWF,era5,6,All India,8,-2.208164472102097,-3.476571835987635,-0.8337489513025554
deterministic,bias,TP,ECMWF,model_own,1,All India,8,0.028885562726284758,-0.22439710623919895,0.3549768629978037
deterministic,bias,TP,ECMWF,model_own,2,All India,8,-0.3413665238825109,-1.2746345377133097,0.7843267863287627
deterministic,bias,TP,ECMWF,model_own,3,All India,8,-1.319348787093657,-2.2261150944196344,-0.1461116544298845
deterministic,bias,TP,ECMWF,model_own,4,All India,8,-2.2316803161277243,-3.830692683693574,-0.6484118323804973
deterministic,bias,TP,ECMWF,model_own,5,All India,8,-1.4064843335973378,-2.2281820522503617,-0.39375878675776155
deterministic,bias,TP,ECMWF,model_own,6,All India,8,-2.208164472102097,-3.476571835987635,-0.8337489513025554
deterministic,bias,TP,Persistence,era5,1,All India,9,-0.6267427415636639,-2.439069262210525,1.2867409030513384
deterministic,bias,TP,Persistence,era5,2,All India,9,-1.1825607370008553,-3.2644729129444334,1.064966767432403
deterministic,bias,TP,Persistence,era5,3,All India,9,-1.7653901591619827,-4.693416395560879,0.9908360506082196
deterministic,bias,TP,Persistence,era5,4,All India,9,-1.8144263245734094,-4.287409129835791,1.0608499013851111
deterministic,bias,TP,Persistence,era5,5,All India,9,-1.257547436856726,-4.485817931721857,1.8338738390103795
deterministic,bias,TP,Persistence,era5,6,All India,9,-1.9326420041022188,-5.261419838871471,1.6337054709016023
deterministic,bias,Z500,FuXi,era5,1,All India,1,-1.2446887408800995,-1.2446887408800995,-1.2446887408800995
deterministic,bias,Z500,FuXi,era5,2,All India,1,0.3570723607204953,0.3570723607204953,0.3570723607204953
deterministic,bias,Z500,FuXi,era5,3,All India,1,1.6194893173143383,1.6194893173143383,1.6194893173143383
deterministic,bias,Z500,FuXi,era5,4,All India,1,-4.653018270936897,-4.653018270936897,-4.653018270936897
deterministic,bias,Z500,FuXi,era5,5,All India,1,-13.98387092142152,-13.98387092142152,-13.98387092142152
deterministic,bias,Z500,FuXi,era5,6,All India,1,-0.0854933010018543,-0.0854933010018543,-0.0854933010018543
deterministic,bias,Z500,ECMWF,era5,1,All India,8,-4.145229259484833,-5.96846636413379,-1.7967654294935163
deterministic,bias,Z500,ECMWF,era5,2,All India,8,-0.4931860109179682,-4.224757136256159,3.233625514034302
deterministic,bias,Z500,ECMWF,era5,3,All India,8,-2.194341904621262,-7.0835935516696376,2.214793538330534
deterministic,bias,Z500,ECMWF,era5,4,All India,8,-1.6211288323605504,-7.467044953555023,3.8720776028094708
deterministic,bias,Z500,ECMWF,era5,5,All India,8,-4.164612567692296,-8.90267490360291,1.581252623842573
deterministic,bias,Z500,ECMWF,era5,6,All India,8,-1.1431585915808111,-7.907545572652814,6.203169421395104
deterministic,bias,Z500,ECMWF,model_own,1,All India,8,-4.145229259484833,-5.96846636413379,-1.7967654294935163
deterministic,bias,Z500,ECMWF,model_own,2,All India,8,-0.4931860109179682,-4.224757136256159,3.233625514034302
deterministic,bias,Z500,ECMWF,model_own,3,All India,8,-2.194341904621262,-7.0835935516696376,2.214793538330534
deterministic,bias,Z500,ECMWF,model_own,4,All India,8,-1.6211288323605504,-7.467044953555023,3.8720776028094708
deterministic,bias,Z500,ECMWF,model_own,5,All India,8,-4.164612567692296,-8.90267490360291,1.581252623842573
deterministic,bias,Z500,ECMWF,model_own,6,All India,8,-1.1431585915808111,-7.907545572652814,6.203169421395104
deterministic,bias,Z500,Persistence,era5,1,All India,9,-1.4488539879372986,-9.115214141383072,4.828646213371714
deterministic,bias,Z500,Persistence,era5,2,All India,9,1.958865904284662,-4.626489386291337,7.280754215178565
deterministic,bias,Z500,Persistence,era5,3,All India,9,0.035744089733599244,-8.547922847494254,8.17564267072024
deterministic,bias,Z500,Persistence,era5,4,All India,9,-2.2873999830856913,-11.073787664599179,5.85267392354939
deterministic,bias,Z500,Persistence,era5,5,All India,9,-5.515018609268057,-14.90753791987309,4.470142769708093
deterministic,bias,Z500,Persistence,era5,6,All India,9,-3.2485133557318893,-13.851135503229344,5.444857842287566
deterministic,pcc,TP,FuXi,era5,1,All India,1,0.8020428028606612,0.8020428028606612,0.8020428028606612
deterministic,pcc,TP,FuXi,era5,2,All India,1,0.7921411718094615,0.7921411718094615,0.7921411718094615
deterministic,pcc,TP,FuXi,era5,3,All India,1,0.3216945061042426,0.3216945061042426,0.3216945061042426
deterministic,pcc,TP,FuXi,era5,4,All India,1,0.4460874405050947,0.4460874405050947,0.4460874405050947
deterministic,pcc,TP,FuXi,era5,5,All India,1,0.4612956196284716,0.4612956196284716,0.4612956196284716
deterministic,pcc,TP,FuXi,era5,6,All India,1,0.3227169340667525,0.3227169340667525,0.3227169340667525
deterministic,pcc,TP,ECMWF,era5,1,All India,8,0.7712856722801507,0.7086041405398049,0.8322102041877512
deterministic,pcc,TP,ECMWF,era5,2,All India,8,0.5256740768979873,0.3742947515507653,0.668347585010191
deterministic,pcc,TP,ECMWF,era5,3,All India,8,0.3560833917714111,0.25292174752597235,0.4626993746817107
deterministic,pcc,TP,ECMWF,era5,4,All India,8,0.39867279564643127,0.29821486853495416,0.46909606507067025
deterministic,pcc,TP,ECMWF,era5,5,All India,8,0.3739897753996782,0.28851875183842596,0.45170156660589816
deterministic,pcc,TP,ECMWF,era5,6,All India,8,0.2903362561287569,0.15584088719531455,0.4054986285204323
deterministic,pcc,TP,ECMWF,model_own,1,All India,8,0.6003252001257287,0.4967137362410386,0.6847550939564917
deterministic,pcc,TP,ECMWF,model_own,2,All India,8,0.35824660712983425,0.18675778679785499,0.5467507136414874
deterministic,pcc,TP,ECMWF,model_own,3,All India,8,0.1604333985664661,-0.007089168471341492,0.31813009490099936
deterministic,pcc,TP,ECMWF,model_own,4,All India,8,0.23533137820927208,0.0032744676500674097,0.4103007479492365
deterministic,pcc,TP,ECMWF,model_own,5,All India,8,-0.015381062811164322,-0.16651037452565973,0.09135935296379219
deterministic,pcc,TP,ECMWF,model_own,6,All India,8,0.02011828671243747,-0.21841734668763033,0.27042886074614236
deterministic,pcc,TP,Persistence,era5,1,All India,9,0.35369583546728817,0.19968555078594455,0.5007571577490783
deterministic,pcc,TP,Persistence,era5,2,All India,9,0.2626461432598954,0.09080135158576275,0.4158553850246835
deterministic,pcc,TP,Persistence,era5,3,All India,9,0.19222558581495439,0.01019603653953246,0.38647259002330886
deterministic,pcc,TP,Persistence,era5,4,All India,9,0.30495117894923546,0.08104631141405358,0.46995634795181096
deterministic,pcc,TP,Persistence,era5,5,All India,9,0.21892934659456298,0.04122859108446929,0.38625217763997904
deterministic,pcc,TP,Persistence,era5,6,All India,9,0.08447939434485993,-0.047851447738397127,0.206161999544058
deterministic,pcc,Z500,FuXi,era5,1,All India,1,0.9711501312845198,0.9711501312845198,0.9711501312845198
deterministic,pcc,Z500,FuXi,era5,2,All India,1,0.6927210291295862,0.6927210291295862,0.6927210291295862
deterministic,pcc,Z500,FuXi,era5,3,All India,1,0.739631558411725,0.739631558411725,0.739631558411725
deterministic,pcc,Z500,FuXi,era5,4,All India,1,-0.3943140215889921,-0.3943140215889921,-0.3943140215889921
deterministic,pcc,Z500,FuXi,era5,5,All India,1,0.2726233166926716,0.2726233166926716,0.2726233166926716
deterministic,pcc,Z500,FuXi,era5,6,All India,1,0.6073823872606365,0.6073823872606365,0.6073823872606365
deterministic,pcc,Z500,ECMWF,era5,1,All India,8,0.8854869029818209,0.8424129552912152,0.9262476547327485
deterministic,pcc,Z500,ECMWF,era5,2,All India,8,0.691493687474296,0.4530295364429551,0.8563022508564244
deterministic,pcc,Z500,ECMWF,era5,3,All India,8,0.4330240161599085,0.2746594666188835,0.5714598644686161
deterministic,pcc,Z500,ECMWF,era5,4,All India,8,0.3207675077367741,-0.0601785954130135,0.6650845552061646
deterministic,pcc,Z500,ECMWF,era5,5,All India,8,0.059440168302310054,-0.13272365946707346,0.2792390635187026
deterministic,pcc,Z500,ECMWF,era5,6,All India,8,0.34784860914216786,0.06430596028649666,0.5992287518753618
deterministic,pcc,Z500,ECMWF,model_own,1,All India,8,0.9117189524176851,0.8615093591795407,0.9512151467091131
deterministic,pcc,Z500,ECMWF,model_own,2,All India,8,0.6669356333878936,0.3421197040311941,0.8961969824169972
deterministic,pcc,Z500,ECMWF,model_own,3,All India,8,0.34475736682291286,0.06061229431230194,0.5692708782215843
deterministic,pcc,Z500,ECMWF,model_own,4,All India,8,0.5195811920536852,0.3785872829177647,0.642000156541603
deterministic,pcc,Z500,ECMWF,model_own,5,All India,8,-0.010379530631429289,-0.412141835108819,0.3759909283917308
deterministic,pcc,Z500,ECMWF,model_own,6,All India,8,0.30738707778290875,-0.07753534292535715,0.6318255050335392
deterministic,pcc,Z500,Persistence,era5,1,All India,9,0.11227519473527166,-0.16185697837965338,0.3602500325290086
deterministic,pcc,Z500,Persistence,era5,2,All India,9,0.275187401972736,-0.1416987626306577,0.6529390224252672
deterministic,pcc,Z500,Persistence,era5,3,All India,9,0.01646496405299619,-0.23362850660201012,0.2937477257805883
deterministic,pcc,Z500,Persistence,era5,4,All India,9,0.3028333329841177,-0.11730041376020198,0.6340064132440355
deterministic,pcc,Z500,Persistence,era5,5,All India,9,0.05478503081973375,-0.24395160635881724,0.36499392846219847
deterministic,pcc,Z500,Persistence,era5,6,All India,9,-0.09635839607887993,-0.5184436777605876,0.36428203582497604
deterministic,rmse,TP,FuXi,era5,1,All India,1,2.5021942919833213,2.5021942919833213,2.5021942919833213
deterministic,rmse,TP,FuXi,era5,2,All India,1,4.110853753058542,4.110853753058542,4.110853753058542
deterministic,rmse,TP,FuXi,era5,3,All India,1,8.789035972789003,8.789035972789003,8.789035972789003
deterministic,rmse,TP,FuXi,era5,4,All India,1,5.722690471408857,5.722690471408857,5.722690471408857
deterministic,rmse,TP,FuXi,era5,5,All India,1,4.696032968107225,4.696032968107225,4.696032968107225
deterministic,rmse,TP,FuXi,era5,6,All India,1,8.514230141107516,8.514230141107516,8.514230141107516
deterministic,rmse,TP,ECMWF,era5,1,All India,8,3.8099272599071092,2.775860888942495,4.9701674395543085
deterministic,rmse,TP,ECMWF,era5,2,All India,8,5.141408755294035,4.1983892541495695,6.101046517903335
deterministic,rmse,TP,ECMWF,era5,3,All India,8,5.910685762681046,5.1189225017822855,6.795517721501407
deterministic,rmse,TP,ECMWF,era5,4,All India,8,6.428852770643629,5.319952018122555,7.428874354877111
deterministic,rmse,TP,ECMWF,era5,5,All India,8,5.5386617673887955,4.510524959465196,6.498621704599805
deterministic,rmse,TP,ECMWF,era5,6,All India,8,6.304523628518501,4.604713114013443,7.943974146194224
deterministic,rmse,TP,ECMWF,model_own,1,All India,8,3.8099272599071092,2.775860888942495,4.9701674395543085
deterministic,rmse,TP,ECMWF,model_own,2,All India,8,5.141408755294035,4.1983892541495695,6.101046517903335
deterministic,rmse,TP,ECMWF,model_own,3,All India,8,5.910685762681046,5.1189225017822855,6.795517721501407
deterministic,rmse,TP,ECMWF,model_own,4,All India,8,6.428852770643629,5.319952018122555,7.428874354877111
deterministic,rmse,TP,ECMWF,model_own,5,All India,8,5.5386617673887955,4.510524959465196,6.498621704599805
deterministic,rmse,TP,ECMWF,model_own,6,All India,8,6.304523628518501,4.604713114013443,7.943974146194224
deterministic,rmse,TP,Persistence,era5,1,All India,9,7.138452203092202,5.584368305122051,8.70412819042915
deterministic,rmse,TP,Persistence,era5,2,All India,9,8.22937957660968,6.629908429023419,10.217340027464205
deterministic,rmse,TP,Persistence,era5,3,All India,9,9.07175854654264,6.93277188860737,11.37301612525673
deterministic,rmse,TP,Persistence,era5,4,All India,9,8.5217134759,6.847466934773558,10.672408346694654
deterministic,rmse,TP,Persistence,era5,5,All India,9,8.853012578754894,7.1395217052267075,10.781932905272475
deterministic,rmse,TP,Persistence,era5,6,All India,9,10.167498681843844,8.458351759434098,11.656492002619581
deterministic,rmse,Z500,FuXi,era5,1,All India,1,2.5193358862315094,2.5193358862315094,2.5193358862315094
deterministic,rmse,Z500,FuXi,era5,2,All India,1,5.152120236765368,5.152120236765368,5.152120236765368
deterministic,rmse,Z500,FuXi,era5,3,All India,1,6.938311887455951,6.938311887455951,6.938311887455951
deterministic,rmse,Z500,FuXi,era5,4,All India,1,16.15696665914915,16.15696665914915,16.15696665914915
deterministic,rmse,Z500,FuXi,era5,5,All India,1,16.69165018471366,16.69165018471366,16.69165018471366
deterministic,rmse,Z500,FuXi,era5,6,All India,1,5.713715581227248,5.713715581227248,5.713715581227248
deterministic,rmse,Z500,ECMWF,era5,1,All India,8,6.217140442510711,4.862034480263751,7.259693213904999
deterministic,rmse,Z500,ECMWF,era5,2,All India,8,8.583359470357708,6.315846142916588,10.977375918503181
deterministic,rmse,Z500,ECMWF,era5,3,All India,8,10.336462055624011,8.768170769956399,12.152038573550588
deterministic,rmse,Z500,ECMWF,era5,4,All India,8,11.426248031797357,7.9877665378146006,15.432733787925068
deterministic,rmse,Z500,ECMWF,era5,5,All India,8,12.461625823863736,9.76491720433683,14.804419729688984
deterministic,rmse,Z500,ECMWF,era5,6,All India,8,12.705166379688542,9.137172072837377,16.37376516838243
deterministic,rmse,Z500,ECMWF,model_own,1,All India,8,6.217140442510711,4.862034480263751,7.259693213904999
deterministic,rmse,Z500,ECMWF,model_own,2,All India,8,8.583359470357708,6.315846142916588,10.977375918503181
deterministic,rmse,Z500,ECMWF,model_own,3,All India,8,10.336462055624011,8.768170769956399,12.152038573550588
deterministic,rmse,Z500,ECMWF,model_own,4,All India,8,11.426248031797357,7.9877665378146006,15.432733787925068
deterministic,rmse,Z500,ECMWF,model_own,5,All India,8,12.461625823863736,9.76491720433683,14.804419729688984
deterministic,rmse,Z500,ECMWF,model_own,6,All India,8,12.705166379688542,9.137172072837377,16.37376516838243
deterministic,rmse,Z500,Persistence,era5,1,All India,9,16.613771965716296,12.496886464205978,21.71065410274624
deterministic,rmse,Z500,Persistence,era5,2,All India,9,17.379486371937944,14.198629998167531,20.57079496027041
deterministic,rmse,Z500,Persistence,era5,3,All India,9,21.309709092810188,18.536503927710122,23.982804342162943
deterministic,rmse,Z500,Persistence,era5,4,All India,9,18.497518385121293,13.812756686779295,23.574584811027183
deterministic,rmse,Z500,Persistence,era5,5,All India,9,25.358977300374775,19.98012073555994,30.611865817863286
deterministic,rmse,Z500,Persistence,era5,6,All India,9,25.755854286352175,20.02893372498826,31.9198764437915
deterministic,std_ratio,TP,FuXi,era5,1,All India,1,0.9842042506915908,0.9842042506915908,0.9842042506915908
deterministic,std_ratio,TP,FuXi,era5,2,All India,1,0.8417910097938147,0.8417910097938147,0.8417910097938147
deterministic,std_ratio,TP,FuXi,era5,3,All India,1,0.5424565233506392,0.5424565233506392,0.5424565233506392
deterministic,std_ratio,TP,FuXi,era5,4,All India,1,0.5654742912054994,0.5654742912054994,0.5654742912054994
deterministic,std_ratio,TP,FuXi,era5,5,All India,1,0.789715444504194,0.789715444504194,0.789715444504194
deterministic,std_ratio,TP,FuXi,era5,6,All India,1,0.4301609984673702,0.4301609984673702,0.4301609984673702
deterministic,std_ratio,TP,ECMWF,era5,1,All India,8,1.0091067699501544,0.9219759389447582,1.108561614290533
deterministic,std_ratio,TP,ECMWF,era5,2,All India,8,0.8741205965913971,0.760285451278371,0.9960130404330159
deterministic,std_ratio,TP,ECMWF,era5,3,All India,8,0.7646720031546178,0.6275920489856835,0.9385081184604088
deterministic,std_ratio,TP,ECMWF,era5,4,All India,8,0.5693379460749979,0.47258404186093683,0.685507748035484
deterministic,std_ratio,TP,ECMWF,era5,5,All India,8,0.5838633860099649,0.5155734446696523,0.6537176591204256
deterministic,std_ratio,TP,ECMWF,era5,6,All India,8,0.550855709979365,0.43379904454332696,0.6713217196704632
deterministic,std_ratio,TP,ECMWF,model_own,1,All India,8,0.8139966933653626,0.7505971662013282,0.889621704099478
deterministic,std_ratio,TP,ECMWF,model_own,2,All India,8,0.6212638021489656,0.5466230517580326,0.691108358788637
deterministic,std_ratio,TP,ECMWF,model_own,3,All India,8,0.47175988775180727,0.3804194744719707,0.5840414624925127
deterministic,std_ratio,TP,ECMWF,model_own,4,All India,8,0.32498936367305,0.2759553015641508,0.38580355565557717
deterministic,std_ratio,TP,ECMWF,model_own,5,All India,8,0.31274389301553784,0.2557093121260529,0.37121986730068923
deterministic,std_ratio,TP,ECMWF,model_own,6,All India,8,0.3136495081114102,0.23110007149878697,0.41306355068390915
deterministic,std_ratio,TP,Persistence,era5,1,All India,9,1.128828037830644,0.8914754973767546,1.3865215909951483
deterministic,std_ratio,TP,Persistence,era5,2,All India,9,1.0844618231786192,0.8023832103162343,1.3702258688499198
deterministic,std_ratio,TP,Persistence,era5,3,All India,9,1.0930689221514056,0.86152047814232,1.3395390786201642
deterministic,std_ratio,TP,Persistence,era5,4,All India,9,1.0269165812978396,0.8629118126507632,1.2262711931393944
deterministic,std_ratio,TP,Persistence,era5,5,All India,9,1.2188402276161214,0.9758999248658031,1.488465634570705
deterministic,std_ratio,TP,Persistence,era5,6,All India,9,1.2481184441292084,0.8299153542805908,1.7574694510234603
deterministic,std_ratio,Z500,FuXi,era5,1,All India,1,0.930335891131598,0.930335891131598,0.930335891131598
deterministic,std_ratio,Z500,FuXi,era5,2,All India,1,1.2650637099301236,1.2650637099301236,1.2650637099301236
deterministic,std_ratio,Z500,FuXi,era5,3,All India,1,0.6342745881664285,0.6342745881664285,0.6342745881664285
deterministic,std_ratio,Z500,FuXi,era5,4,All India,1,0.2208897448998951,0.2208897448998951,0.2208897448998951
deterministic,std_ratio,Z500,FuXi,era5,5,All India,1,0.5162883502403991,0.5162883502403991,0.5162883502403991
deterministic,std_ratio,Z500,FuXi,era5,6,All India,1,0.3945060393945052,0.3945060393945052,0.3945060393945052
deterministic,std_ratio,Z500,ECMWF,era5,1,All India,8,1.0346194882220443,0.9297681414636659,1.1914308216027607
deterministic,std_ratio,Z500,ECMWF,era5,2,All India,8,0.8121541540616429,0.6110745479309188,0.9964805122835416
deterministic,std_ratio,Z500,ECMWF,era5,3,All India,8,0.6620155587375671,0.48659869910417086,0.8528884819346148
deterministic,std_ratio,Z500,ECMWF,era5,4,All India,8,0.5918850991863431,0.41228807577093085,0.8253893007531877
deterministic,std_ratio,Z500,ECMWF,era5,5,All India,8,0.521018495421616,0.30861265273064287,0.810860804169157
deterministic,std_ratio,Z500,ECMWF,era5,6,All India,8,0.6552596748194548,0.3714772887556244,1.0960646055380279
deterministic,std_ratio,Z500,ECMWF,model_own,1,All India,8,0.9214227038593941,0.7681490491429109,1.1229436445387901
deterministic,std_ratio,Z500,ECMWF,model_own,2,All India,8,0.7659478417131241,0.5468286646313927,0.992347788773448
deterministic,std_ratio,Z500,ECMWF,model_own,3,All India,8,0.5906447903638392,0.3866816919316839,0.8616876863761962
deterministic,std_ratio,Z500,ECMWF,model_own,4,All India,8,0.382528527529164,0.23355188445088207,0.5520762225175249
deterministic,std_ratio,Z500,ECMWF,model_own,5,All India,8,0.3137472419568121,0.20575233798530285,0.468722167282987
deterministic,std_ratio,Z500,ECMWF,model_own,6,All India,8,0.3169251523643475,0.18500755348496334,0.5352348310760441
deterministic,std_ratio,Z500,Persistence,era5,1,All India,9,1.365305461618259,1.1323577128322757,1.6245286796165619
deterministic,std_ratio,Z500,Persistence,era5,2,All India,9,1.861131140761913,1.0222559430159741,2.7503402496159586
deterministic,std_ratio,Z500,Persistence,era5,3,All India,9,1.9003793018588142,1.2030390595940885,2.7575803907037018
deterministic,std_ratio,Z500,Persistence,era5,4,All India,9,1.7349256059488178,1.3052778666476783,2.1891520693286344
deterministic,std_ratio,Z500,Persistence,era5,5,All India,9,2.27331181452257,1.6207613398355325,2.8512933625965613
deterministic,std_ratio,Z500,Persistence,era5,6,All India,9,2.971516175733878,1.6285366967799588,4.920370625050815
probabilistic,crpss_clim,TP,FuXi,era5,1,All India,1,0.3311646065994549,0.3311646065994549,0.3311646065994549
probabilistic,crpss_clim,TP,FuXi,era5,2,All India,1,0.4044803082636374,0.4044803082636374,0.4044803082636374
probabilistic,crpss_clim,TP,FuXi,era5,3,All India,1,-0.0421636239603495,-0.0421636239603495,-0.0421636239603495
probabilistic,crpss_clim,TP,FuXi,era5,4,All India,1,0.1459498739323835,0.1459498739323835,0.1459498739323835
probabilistic,crpss_clim,TP,FuXi,era5,5,All India,1,0.1163450681699115,0.1163450681699115,0.1163450681699115
probabilistic,crpss_clim,TP,FuXi,era5,6,All India,1,-0.0392816581753903,-0.0392816581753903,-0.0392816581753903
probabilistic,crpss_clim,TP,ECMWF,era5,1,All India,8,0.41664827232053336,0.2928223749230954,0.5385475029043418
probabilistic,crpss_clim,TP,ECMWF,era5,2,All India,8,0.19756381547481228,0.06283760215830207,0.33121257298890067
probabilistic,crpss_clim,TP,ECMWF,era5,3,All India,8,0.04490977640158201,-0.02105785423547217,0.11018401179037725
probabilistic,crpss_clim,TP,ECMWF,era5,4,All India,8,0.04214471780173833,-0.07061289560871344,0.12477927597224424
probabilistic,crpss_clim,TP,ECMWF,era5,5,All India,8,0.0868741760459946,0.028423559270570532,0.16469253803055037
probabilistic,crpss_clim,TP,ECMWF,era5,6,All India,8,0.07645863159416431,-0.059166523707722976,0.2309620206295042
probabilistic,crpss_clim,Z500,FuXi,era5,1,All India,1,0.8773169118526748,0.8773169118526748,0.8773169118526748
probabilistic,crpss_clim,Z500,FuXi,era5,2,All India,1,0.4135836631166534,0.4135836631166534,0.4135836631166534
probabilistic,crpss_clim,Z500,FuXi,era5,3,All India,1,0.4109565240504506,0.4109565240504506,0.4109565240504506
probabilistic,crpss_clim,Z500,FuXi,era5,4,All India,1,0.0757651737395154,0.0757651737395154,0.0757651737395154
probabilistic,crpss_clim,Z500,FuXi,era5,5,All India,1,0.1146617768785843,0.1146617768785843,0.1146617768785843
probabilistic,crpss_clim,Z500,FuXi,era5,6,All India,1,0.3873309690518632,0.3873309690518632,0.3873309690518632
probabilistic,crpss_clim,Z500,ECMWF,era5,1,All India,8,0.48857437804080833,0.32971881241956613,0.6434754980100157
probabilistic,crpss_clim,Z500,ECMWF,era5,2,All India,8,0.3387042590693158,0.23515678395613893,0.4535277518768093
probabilistic,crpss_clim,Z500,ECMWF,era5,3,All India,8,0.24866250791079653,0.12342436848090911,0.39183127810304186
probabilistic,crpss_clim,Z500,ECMWF,era5,4,All India,8,0.22053971945786802,0.0773636560426217,0.3833664630549326
probabilistic,crpss_clim,Z500,ECMWF,era5,5,All India,8,0.18383645871795992,0.026161052058036992,0.3245938011179486
probabilistic,crpss_clim,Z500,ECMWF,era5,6,All India,8,0.09238678861914514,-0.1571833780816378,0.30784132263388014
probabilistic,ssr,TP,FuXi,era5,1,All India,1,0.1551502654954409,0.1551502654954409,0.1551502654954409
probabilistic,ssr,TP,FuXi,era5,2,All India,1,0.4960891637027113,0.4960891637027113,0.4960891637027113
probabilistic,ssr,TP,FuXi,era5,3,All India,1,0.4878072147524606,0.4878072147524606,0.4878072147524606
probabilistic,ssr,TP,FuXi,era5,4,All India,1,0.6586295648428135,0.6586295648428135,0.6586295648428135
probabilistic,ssr,TP,FuXi,era5,5,All India,1,0.853810824408549,0.853810824408549,0.853810824408549
probabilistic,ssr,TP,FuXi,era5,6,All India,1,0.5298697507707171,0.5298697507707171,0.5298697507707171
probabilistic,ssr,TP,ECMWF,era5,1,All India,8,0.9887722398019108,0.7584869957182488,1.185597191913437
probabilistic,ssr,TP,ECMWF,era5,2,All India,8,0.9397138579468324,0.823638514891741,1.032207307572896
probabilistic,ssr,TP,ECMWF,era5,3,All India,8,0.8725557435987346,0.7786345282461824,0.9620188904205558
probabilistic,ssr,TP,ECMWF,era5,4,All India,8,0.8646596311938153,0.6521324127334918,1.0974054902647383
probabilistic,ssr,TP,ECMWF,era5,5,All India,8,0.8783804858905252,0.7465052703929613,1.0057088126385152
probabilistic,ssr,TP,ECMWF,era5,6,All India,8,0.8974585487208743,0.6790573782366788,1.1232066088253394
probabilistic,ssr,Z500,FuXi,era5,1,All India,1,0.4493258800302493,0.4493258800302493,0.4493258800302493
probabilistic,ssr,Z500,FuXi,era5,2,All India,1,0.8083804736734934,0.8083804736734934,0.8083804736734934
probabilistic,ssr,Z500,FuXi,era5,3,All India,1,1.1020974376455313,1.1020974376455313,1.1020974376455313
probabilistic,ssr,Z500,FuXi,era5,4,All India,1,0.5105291183574269,0.5105291183574269,0.5105291183574269
probabilistic,ssr,Z500,FuXi,era5,5,All India,1,0.5014089422981794,0.5014089422981794,0.5014089422981794
probabilistic,ssr,Z500,FuXi,era5,6,All India,1,1.7044093794810478,1.7044093794810478,1.7044093794810478
probabilistic,ssr,Z500,ECMWF,era5,1,All India,8,0.8202898606328832,0.6064801166425415,1.12730042749274
probabilistic,ssr,Z500,ECMWF,era5,2,All India,8,1.2396501598872596,0.8070367943178721,1.7890474247130257
probabilistic,ssr,Z500,ECMWF,era5,3,All India,8,1.1119772334232405,0.9342301854483306,1.3145236963316638
probabilistic,ssr,Z500,ECMWF,era5,4,All India,8,0.9884303268122475,0.8008768928701852,1.1959288998672108
probabilistic,ssr,Z500,ECMWF,era5,5,All India,8,1.0071970079512242,0.7243570587326416,1.4372312517401857
probabilistic,ssr,Z500,ECMWF,era5,6,All India,8,1.252337694993407,0.737051349746321,1.861043816674551
