init,year,lead_week,rmse_improvement_mm_day,acc_improvement,abs_bias_improvement_mm_day,signed_bias_change_mm_day
2022-06-02,2022,1,1.0599101536369764,0.25052540356897357,-0.09069658492633281,-0.0940032116506484
2022-06-02,2022,2,0.8931608639463153,0.14497406791211453,-0.025946249380569386,-0.6508144624054415
2022-06-02,2022,3,0.4164731403782804,0.1476805043384362,-1.2711684047947456,-1.2711684047947456
2022-06-02,2022,4,1.7927198960656643,0.07617320882225218,1.5136620146158564,-1.5136620146158564
2022-06-02,2022,5,-0.5922215350523405,-0.3634104161667696,-1.9169160041648299,-1.9169160041648299
2022-06-02,2022,6,-1.0409461305442669,0.11479184410527854,-2.4233939114346095,-2.4233939114346095
2022-06-06,2022,1,1.4868531288801794,0.26002898950380265,0.2194199128375112,-0.2194199128375112
2022-06-06,2022,2,0.04109914756863553,0.0016237123680416035,-1.0571138812332297,-1.0571138812332297
2022-06-06,2022,3,1.9867641145249682,0.3975569008221586,1.5910931321420392,-1.5910931321420392
2022-06-06,2022,4,0.8588017227692748,0.015479143352633618,-0.10380437660768216,-1.2757510471797213
2022-06-06,2022,5,-0.8161205442234625,0.06509690377990779,-2.2878807418952265,-2.2878807418952265
2022-06-06,2022,6,-0.1353135403805492,0.2161775541407419,-1.548197464784923,-1.548197464784923
2022-06-09,2022,1,1.3271044646890244,0.2857995422635963,0.0100540986379824,-0.4226656519044758
2022-06-09,2022,2,0.8625643094446342,0.36361501258656415,-1.0184733544426763,-1.0184733544426763
2022-06-09,2022,3,1.620829637661167,0.04939226116184489,1.8736552372087134,-1.8736552372087134
2022-06-09,2022,4,0.005572441217488233,0.09722403469861574,-1.9247895800213184,-2.1624595472497186
2022-06-09,2022,5,-0.633709205676956,0.07221034148317512,-2.167394344171769,-2.167394344171769
2022-06-09,2022,6,0.6427848481105363,0.31318024302411074,-0.8559363409761938,-0.8559363409761938
2022-06-13,2022,1,0.8364700092625661,0.18206255147907624,-0.32335868399884393,-0.32335868399884393
2022-06-13,2022,2,0.8049349850551004,0.21757684027279528,-1.169680695587092,-1.169680695587092
2022-06-13,2022,3,1.1325422242070453,0.10041946179188721,-0.35169082874230584,-1.80987847223028
2022-06-13,2022,4,1.1367040106214699,0.33843123433465405,-1.7717554526214934,-1.7717554526214934
2022-06-13,2022,5,0.5493507948665002,0.3027092292651267,-1.268774924342707,-1.268774924342707
2022-06-13,2022,6,0.37062039072057384,0.0788036670418554,-0.5683546383886338,-0.5683546383886338
2022-06-16,2022,1,0.556704617345086,0.2711321675400445,-0.8249982852412188,-0.8249982852412188
2022-06-16,2022,2,1.228667671856401,0.004367483724054266,1.530029400975522,-1.530029400975522
2022-06-16,2022,3,2.1479617646190916,0.4746076542469643,-0.3683427124724489,-1.193761169857404
2022-06-16,2022,4,0.7638238813078928,0.29543867296871507,-0.904502895171968,-0.904502895171968
2022-06-16,2022,5,0.2675405440499574,-0.02224256157233251,-0.7049120977049164,-0.7049120977049164
2022-06-16,2022,6,0.515124115737498,0.3433483228313156,-1.4966129317015233,-1.4966129317015233
2022-06-20,2022,1,0.8665507855612371,0.19993805226845063,-1.00639962191448,-1.00639962191448
2022-06-20,2022,2,0.3315574841441222,-0.0781009954960197,-0.555417582085986,-1.0626497870039011
2022-06-20,2022,3,0.2768107212193822,0.21181530918748392,-1.9208628254545608,-1.9208628254545608
2022-06-20,2022,4,0.35224620867994183,0.1443260430776746,-1.2798166558051076,-1.2798166558051076
2022-06-20,2022,5,-0.17867887603116994,-0.10358568092620801,-0.9700847981692045,-0.9700847981692045
2022-06-20,2022,6,0.6583542509285509,0.1299494862458791,-0.14704845754121632,-0.14704845754121632
2022-06-23,2022,1,0.8305584821043199,-0.0018531347561108191,0.9147163540065963,-0.9147163540065963
2022-06-23,2022,2,-0.06953644514714163,0.0011266301542779411,-1.1830320214974694,-1.1830320214974694
2022-06-23,2022,3,0.37853705843508934,0.25784710508121644,-1.4811437918950296,-1.4811437918950296
2022-06-23,2022,4,0.6749112754797482,0.10616108426038251,-0.3161860414221484,-1.1439940908605477
2022-06-23,2022,5,-0.2958722011678887,-0.034517580898100475,-0.8905549932086507,-0.8905549932086507
2022-06-23,2022,6,0.021428219692864126,0.010185347685789936,0.37303430972928964,-0.37303430972928964
2022-06-27,2022,1,0.07421228785748912,-0.1044072822294019,-0.25267195259857445,-0.4081183150751222
2022-06-27,2022,2,0.44395953667507015,0.12280295125593002,-0.1358870596098456,-0.1358870596098456
2022-06-27,2022,3,-0.009902572482570093,0.12752110665970406,-0.899965039813877,-0.899965039813877
2022-06-27,2022,4,0.22621864547939463,0.2097472027526409,-1.430197786440262,-1.430197786440262
2022-06-27,2022,5,1.510464745157698,0.5078261669029522,0.1334159035465743,-1.9275406237887065
2022-06-27,2022,6,0.29673432493966967,-0.021702463676519006,0.16598516321520795,-0.16598516321520795
2022-06-30,2022,1,0.45371203916480773,0.09075770391488192,-0.565522707823296,-0.565522707823296
2022-06-30,2022,2,0.3464520530519586,0.08858921239520945,-0.5461393229529459,-0.5461393229529459
2022-06-30,2022,3,0.3209021781394199,0.05983822337720779,-0.27581303254140255,-0.27581303254140255
2022-06-30,2022,4,-0.031060280968266518,0.2218921736125306,-1.0629300717318335,-1.0629300717318335
2022-06-30,2022,5,0.6547574518810526,0.16276047942266247,1.0132981421774976,-1.2869546807510228
2022-06-30,2022,6,0.024680662602538206,-0.1347527626872855,-0.5632800308377117,-0.5632800308377117
2022-07-04,2022,1,1.1043516768664068,0.14877749186698597,-0.5040999193760431,-0.5040999193760431
2022-07-04,2022,2,0.648637584208168,0.08318909498773719,-0.4597455538803039,-0.4597455538803039
2022-07-04,2022,3,0.23882717014816457,0.061836672921500635,-0.6017205634156693,-0.6017205634156693
2022-07-04,2022,4,0.9061495115090481,0.1690579315226325,0.3707894183224959,-0.3707894183224959
2022-07-04,2022,5,0.1240737110947121,0.028771620311130897,-0.4423153072395011,-0.4423153072395011
2022-07-04,2022,6,-0.014663792761965055,-0.0873686292263826,-0.773221874065428,-0.773221874065428
2022-07-07,2022,1,0.938941935819491,0.12066405727969709,-0.37179321910839036,-0.37179321910839036
2022-07-07,2022,2,0.7483516255974187,0.11713747197623142,-0.04173606308798594,-0.04173606308798594
2022-07-07,2022,3,0.20527902155956923,0.14019775925481331,-1.1276938759059345,-1.1276938759059345
2022-07-07,2022,4,0.7948718292231636,0.2611225983897282,0.9232397223151871,-1.2982892190123863
2022-07-07,2022,5,0.6734802792679027,-0.03126593694957708,-0.28165835048569665,-0.28165835048569665
2022-07-07,2022,6,0.8157930104624143,-0.012121580045878377,-0.20571296554118002,-0.20571296554118002
2022-07-11,2022,1,0.18842243921744828,0.04831739870488061,-0.6319546189948881,-0.6319546189948881
2022-07-11,2022,2,0.44045143643973894,0.04823616101590056,-0.34427565975124275,-0.34427565975124275
2022-07-11,2022,3,1.7790710901902331,0.3264325085816095,1.2158463099545767,-1.2158463099545767
2022-07-11,2022,4,0.41509178526360735,0.05620240472763671,0.960452541926444,-0.960452541926444
2022-07-11,2022,5,0.6929790031407617,0.2069254551523711,-0.38801374459861204,-0.38801374459861204
2022-07-11,2022,6,1.0546737509264865,0.39709715648260024,0.13716276480289968,0.13716276480289968
2022-07-14,2022,1,0.52958214886202,0.10046443822515261,-0.4293261339402812,-0.4293261339402812
2022-07-14,2022,2,0.8211688301962834,0.16131402176834198,-0.28005439968269197,-0.28005439968269197
2022-07-14,2022,3,0.615783568548351,0.06014938280378279,0.7430278246476116,-0.7430278246476116
2022-07-14,2022,4,0.4638067439570337,0.10124682650317629,-0.7593049749670349,-1.1676787728721267
2022-07-14,2022,5,0.2964372932945931,0.1528794065179928,-0.39179367663989995,-0.39179367663989995
2022-07-14,2022,6,1.1450242736935579,0.5662418186746635,0.38220969329460563,0.38220969329460563
2022-07-18,2022,1,0.5052911091202112,0.093571511033255,-0.20061901638698143,-0.20061901638698143
2022-07-18,2022,2,1.026605382910267,0.18290983132072386,0.1678486900239083,-0.4637451021482561
2022-07-18,2022,3,0.1671065612755891,0.028589009198062065,0.7818525609998274,-0.7818525609998274
2022-07-18,2022,4,0.7719370521740974,0.16213498265308923,-0.46307948800937393,-0.46307948800937393
2022-07-18,2022,5,1.1230584220631359,0.3593388663597399,0.04619212862796762,0.04619212862796762
2022-07-18,2022,6,0.8105908535046771,0.18228075554769418,0.26738695737472074,0.26738695737472074
2022-07-21,2022,1,0.23215391539912034,0.0596112907701688,-0.10716732846711685,-0.10716732846711685
2022-07-21,2022,2,-0.3233067739819777,-0.048836691090629825,0.24304994961647503,0.24304994961647503
2022-07-21,2022,3,0.26761835996719174,0.019517536329337837,-1.0268593185872668,-1.094014052641318
2022-07-21,2022,4,-0.0923313299342805,0.005017165261535311,-0.8678515559115207,-0.8678515559115207
2022-07-21,2022,5,0.6316725641224119,0.2622578416106929,0.1792773064719822,-0.1792773064719822
2022-07-21,2022,6,0.06543495045326253,-0.0517936098602306,-0.16926072705462225,0.16926072705462225
2022-07-25,2022,1,0.3893195938809293,0.04470849179467462,0.07462482973212592,0.4698722605684057
2022-07-25,2022,2,0.5639158428305757,0.06540945979888824,0.18525429653910597,-0.9156236302724949
2022-07-25,2022,3,1.0530955709119256,0.10941636072393157,0.030899439079105112,0.030899439079105112
2022-07-25,2022,4,0.4362650059937474,0.21206664632343186,-0.36333877433935,-0.36333877433935
2022-07-25,2022,5,0.6373479307627017,0.2101161212560113,-0.20737336539228562,0.20737336539228562
2022-07-25,2022,6,0.14377003364815533,0.04779399358331926,-0.042568959576643306,-1.0375090735879509
2022-07-28,2022,1,-0.23838184842883958,-0.021792352326726494,-0.2448504002646868,0.2448504002646868
2022-07-28,2022,2,0.08439114332485254,0.01705272736434449,-0.5603644385722636,-0.5603644385722636
2022-07-28,2022,3,0.6127357959523305,0.10867605706060435,-0.04387407786621389,-0.04387407786621389
2022-07-28,2022,4,0.21502783859641994,0.1210230192228349,0.2806956679785161,-0.5385408648000255
2022-07-28,2022,5,0.09462172326669371,-0.060671180628274285,-0.16362150578782453,0.16362150578782453
2022-07-28,2022,6,-0.17194697911827106,-0.08361638962816909,0.0693576501213925,-0.9275653910500951
2022-08-01,2022,1,0.33348718789719145,0.07070541895158289,0.6402191719838732,-0.6402191719838732
2022-08-01,2022,2,0.3514825713762244,0.038016560761599094,0.049652162502981545,0.049652162502981545
2022-08-01,2022,3,0.21258157563787705,0.06370096221622806,-0.1276547668190822,-0.1329461528823128
2022-08-01,2022,4,0.47944086657147267,0.1968620246483419,-0.24144386077974578,0.24144386077974578
2022-08-01,2022,5,0.34335197200115486,-0.06762094619797976,0.5889012283948414,-0.5889012283948414
2022-08-01,2022,6,-0.37165061565637014,-0.025246546011253646,0.08189384876340422,-1.3769296096941712
2022-08-04,2022,1,0.03910185482371453,-0.0009490797459880129,0.1519517416076075,-0.8004712913127593
2022-08-04,2022,2,1.049792490931389,0.12073904991638562,0.41020298909626596,0.41020298909626596
2022-08-04,2022,3,0.7863863366295822,0.406129681048917,0.15538585146766204,0.15538585146766204
2022-08-04,2022,4,-0.11019249884019722,-0.06917493793858748,0.1099899164273912,-0.1099899164273912
2022-08-04,2022,5,0.29446146414163676,-0.05739619129875778,1.5282038998538017,-1.5282038998538017
2022-08-04,2022,6,0.15890558044700587,0.14150797099039158,-1.0636381583676608,-1.0636381583676608
2022-08-08,2022,1,0.12793216248318284,0.03174158043381248,-0.21860945724664305,-0.21860945724664305
2022-08-08,2022,2,0.540978956873504,0.07640540761688108,0.4974407141544853,0.4974407141544853
2022-08-08,2022,3,0.5365179323870555,0.19034680979426422,-0.3966632653726778,0.3966632653726778
2022-08-08,2022,4,0.5646594225867494,0.02370218471055563,0.22741835894983717,-0.6327593943933764
2022-08-08,2022,5,0.09594408667285759,0.13400927204801716,-0.20263538953975757,-1.7357493606154226
2022-08-08,2022,6,-0.421279734495414,-0.02527800429067459,-1.2599000833881102,-1.2599000833881102
2022-08-11,2022,1,0.9700541570424956,0.09680419147413899,0.4201992416625582,0.4201992416625582
2022-08-11,2022,2,0.20684386269476285,0.13804845604744348,-0.29028932679438046,-0.29028932679438046
2022-08-11,2022,3,-0.13425889217370202,-0.06679619002268777,-0.27627883480931015,0.27627883480931015
2022-08-11,2022,4,0.1252060958118042,-0.1182185603798333,0.72209282606628,-0.72209282606628
2022-08-11,2022,5,-0.2397909690346376,-0.285734627002342,-1.1540431145867065,-1.1540431145867065
2022-08-11,2022,6,-0.06117671371575817,-0.0972887660856312,-1.6223441392759719,-1.726428955741102
2022-08-15,2022,1,1.162517718433051,0.1715915408687977,0.39437904507292587,0.39437904507292587
2022-08-15,2022,2,0.5328248398624247,0.1828289401861795,0.053278968528236104,0.053278968528236104
2022-08-15,2022,3,0.5592494060111486,0.12977486738794874,-0.9977270336330989,-1.0780434601557498
2022-08-15,2022,4,0.5461150084727686,0.09282441838755096,1.2115338709966723,-1.349423897767255
2022-08-15,2022,5,-0.5123719893925642,-0.11912857988976389,-0.9576794170202338,-0.9576794170202338
2022-08-15,2022,6,-0.07944580799899903,0.2423322510610314,-0.9954819389059941,-0.9954819389059941
2022-08-18,2022,1,0.676486391462773,0.10960982058647839,-0.1834396255758633,0.7097228715197659
2022-08-18,2022,2,0.19762244900670023,0.050344664478662926,-0.0182072938699114,-0.0182072938699114
2022-08-18,2022,3,0.06835414036778342,-0.0896200259458948,1.0636079967544483,-1.0783266340716378
2022-08-18,2022,4,0.5466982388452282,0.22057147299431545,-1.175643800399587,-1.175643800399587
2022-08-18,2022,5,0.22984235540998021,0.19360410469900818,-0.6313036469909332,-0.6313036469909332
2022-08-18,2022,6,0.03243549592879713,-0.039705847383061,-1.192112037138808,-1.192112037138808
2022-08-22,2022,1,1.0401424652414244,0.162596088305884,0.617233387007417,0.617233387007417
2022-08-22,2022,2,1.2280657586857435,0.09465363401731186,0.512434738134657,-0.512434738134657
2022-08-22,2022,3,0.3140397023099961,0.050127791835840596,0.8458581100161555,-1.1593867747510016
2022-08-22,2022,4,-0.4333827990132839,-0.06959049795092531,-0.9814858928007248,-0.9814858928007248
2022-08-22,2022,5,-0.035792363205539246,0.1685585341552619,-0.5043391673940645,-0.5043391673940645
2022-08-22,2022,6,0.671580649012423,0.22368953421397758,0.8873895366509816,-0.8873895366509816
2022-08-25,2022,1,-0.004391282938968288,-0.005409231970247785,0.22406313560320823,0.3180068182578446
2022-08-25,2022,2,0.8773610718592595,0.09559326039009042,-0.7002095939519997,-0.7002095939519997
2022-08-25,2022,3,1.1649402432571367,0.28673996108455846,0.06313462315738438,-0.7626670468851148
2022-08-25,2022,4,0.130178811234555,0.14129625994193512,-0.3464620427019891,-0.3464620427019891
2022-08-25,2022,5,-0.06930160843524735,-0.08439102428321871,-0.663279359744263,-0.663279359744263
2022-08-25,2022,6,0.49392628502357816,0.0093645751941993,0.05107146152673858,-1.324206008576831
2022-08-29,2022,1,0.9305895407831279,0.08822743351530904,-0.11764451247179175,-0.11764451247179175
2022-08-29,2022,2,0.15890670705722076,0.049426421690735134,0.2258227980192582,-0.2258227980192582
2022-08-29,2022,3,0.32586196155290104,0.0423514462454888,-0.3100365100687086,-0.3100365100687086
2022-08-29,2022,4,0.27709712754332916,0.005736732688319396,-0.5037346612901661,-0.5037346612901661
2022-08-29,2022,5,0.77638998277622,0.22606440958951712,1.234631459097091,-1.234631459097091
2022-08-29,2022,6,-0.6561097935654594,-0.2257538273254165,-1.3987965450214892,-1.3987965450214892
2022-09-01,2022,1,0.9468029033979697,0.05693337510142449,0.5171299337470463,-0.5171299337470463
2022-09-01,2022,2,0.4505138668177606,0.15266348865968654,-0.09288662001827891,0.09288662001827891
2022-09-01,2022,3,0.9556196910575201,0.15431064584117932,-0.201226345361957,-0.201226345361957
2022-09-01,2022,4,-0.07038072978953025,-0.19668157777895529,-0.2748203592778828,-0.8128773954819322
2022-09-01,2022,5,0.7126248347939779,0.05330556006523511,0.7393540733130204,-1.2909329840666357
2022-09-01,2022,6,-0.8280095018356448,-0.2622162179729238,-1.2702811918090742,-1.2702811918090742
2022-09-05,2022,1,-0.3410814706668077,-0.05543098464703444,0.1810147348760577,-0.5951000067446421
2022-09-05,2022,2,-0.1286335267503631,-0.017339072297385072,0.06585651832781439,0.2889692048408926
2022-09-05,2022,3,0.059356074854548524,0.005279185196458203,-0.11483509509028889,-0.11483509509028889
2022-09-05,2022,4,0.6320521847433751,0.0788935540079798,0.7279649903914273,-0.7279649903914273
2022-09-05,2022,5,-0.3930292614830462,-0.06690130551660758,-1.4219146181086617,-1.4219146181086617
2022-09-05,2022,6,-0.8981322192329921,-0.2504658328390228,-1.2477172237102847,-1.2477172237102847
2022-09-08,2022,1,0.08930691529109946,0.015523164676105483,-0.07584917044411299,-0.4347036602022588
2022-09-08,2022,2,0.5869386503465277,0.12287106684062093,-0.18087350198841481,0.18087350198841481
2022-09-08,2022,3,0.2314510244029524,0.014782467862336196,-0.36816201800864845,-0.36816201800864845
2022-09-08,2022,4,0.9072244485684768,0.2072246276824436,0.46986027019399823,-0.46986027019399823
2022-09-08,2022,5,-0.6947550870510142,-0.09607743695852031,-1.3734257627343744,-1.3734257627343744
2022-09-08,2022,6,0.015988682855887948,0.15301914584553028,-0.8364222528270668,-0.8364222528270668
2022-09-12,2022,1,0.21270042117284316,0.019029212057196543,0.32177124222972997,0.32177124222972997
2022-09-12,2022,2,2.006663117416779,0.08850037538574329,-0.047623979273764716,-0.047623979273764716
2022-09-12,2022,3,0.5506514757586674,0.07547801145286279,-0.20061231567802928,-0.20061231567802928
2022-09-12,2022,4,-0.11020920261808076,-0.03821223195999501,-0.8566689000540761,-0.8566689000540761
2022-09-12,2022,5,-0.6994536547510712,-0.1674656950883562,-1.0137498914796557,-1.0137498914796557
2022-09-12,2022,6,0.15529814298806777,-0.021002244614182486,-0.49112191855807374,-0.49112191855807374
2022-09-15,2022,1,0.502308966235586,0.11011654875588228,0.11228707965382456,0.11228707965382456
2022-09-15,2022,2,0.5555875914990205,0.01611424270706574,0.07169343293591357,0.07169343293591357
2022-09-15,2022,3,0.4639054077513278,0.0012971099356531013,-0.3253433175765583,-0.3253433175765583
2022-09-15,2022,4,-0.411971448205815,-0.07176870770693079,-0.8725471104489451,-0.8725471104489451
2022-09-15,2022,5,0.1325104286061638,0.17004796366261682,-0.9103428302957629,-0.9103428302957629
2022-09-15,2022,6,-0.30364974619334895,-0.1763519886719504,-0.43248346416714406,-0.43248346416714406
2022-09-19,2022,1,0.3341015975377042,0.016136560877424655,0.16571981004152908,0.16571981004152908
2022-09-19,2022,2,0.3048652250885793,0.10810600373936377,-0.12234367785802369,-0.12234367785802369
2022-09-19,2022,3,0.04956472827537972,-0.0205829546741655,-0.33085236959569997,-0.33085236959569997
2022-09-19,2022,4,-0.5811165215737768,-0.13873001819221023,-0.8509457671429153,-0.8509457671429153
2022-09-19,2022,5,0.03248436544531641,-0.1719190312802461,-0.2386631733421122,-0.6296104969812114
2022-09-19,2022,6,0.06702104220293892,0.04307490934903749,0.4540202734763517,-0.6092202376091072
2022-09-22,2022,1,0.5523306446467835,0.08380402421210575,0.40270929794706545,0.40270929794706545
2022-09-22,2022,2,0.43860475263081167,0.09061959520763968,0.5584693079329277,-0.5584693079329277
2022-09-22,2022,3,-0.5914731392851511,-0.1671397111747234,-0.44947854346817895,-0.44947854346817895
2022-09-22,2022,4,0.1142907375441018,0.01930693326687652,-0.8348615491512574,-0.8348615491512574
2022-09-22,2022,5,-0.03868975888684423,0.0430354994920108,-0.0335103065209858,-0.7986914549216413
2022-09-22,2022,6,0.6953360628277492,0.5635726630155624,0.6774111645651855,-0.6774111645651855
2022-09-26,2022,1,0.32285549630742905,0.07924329443724831,0.1279998543442477,-0.1279998543442477
2022-09-26,2022,2,0.3386757449241937,0.029628262924322885,0.025191561178430355,0.025191561178430355
2022-09-26,2022,3,-0.022773321783955858,0.03995862533251521,-0.559717076222878,-0.559717076222878
2022-09-26,2022,4,0.39501659662232846,-0.004915357509201496,0.5261102855055093,-0.5261102855055093
2022-09-26,2022,5,0.2929786264009109,0.3088615171627259,0.46806572475796315,-0.6605479867486244
2022-09-26,2022,6,0.5377813375213765,0.7854232082926498,0.5914437669095869,-0.5914437669095869
2022-09-29,2022,1,0.31470092620112444,0.0692348322995801,0.386487484278666,-0.386487484278666
2022-09-29,2022,2,-1.103353795831083,-0.21400213661148654,-0.48140824677126837,-0.48140824677126837
2022-09-29,2022,3,1.0365919103283652,-0.040109391888091095,-0.2625969863731379,-0.2625969863731379
2022-09-29,2022,4,-0.31318869855772347,-0.15572081620234035,-0.13522090162966582,-0.13522090162966582
2022-09-29,2022,5,0.37176845724800933,0.5147053214312785,0.5784702323479382,-0.5784702323479382
2022-09-29,2022,6,0.6039948790307976,0.35890205523260615,0.7039839044836191,-0.7039839044836191
2023-06-01,2023,1,0.23843307031963823,0.038901811744411985,0.07504973017528022,0.07504973017528022
2023-06-01,2023,2,0.9001598547517293,0.014712153486816787,0.00956893097302458,-0.4389999290609422
2023-06-01,2023,3,0.7548890081555459,-0.012417209583668931,0.4606793176575943,-1.7359607857340396
2023-06-01,2023,4,0.47570255397054684,-0.17368551648405012,-1.32144281214985,-1.32144281214985
2023-06-01,2023,5,0.5235580545317129,0.004771465490840343,-1.5037634650158336,-1.5037634650158336
2023-06-01,2023,6,0.001269853718035563,0.183633899513443,-1.5506770344772765,-1.5506770344772765
2023-06-05,2023,1,0.6461870453805258,0.1600004401233025,-0.0515385336874623,-0.0913643870596001
2023-06-05,2023,2,1.0250393180510171,0.2290673798801949,-0.1741061588950119,-0.9559301261143829
2023-06-05,2023,3,1.152312178076489,-0.11474755725666361,1.682604543539484,-2.0208722830933294
2023-06-05,2023,4,-0.2495726339173121,0.02664138471208541,-1.5610952700743461,-1.5610952700743461
2023-06-05,2023,5,0.5635904126827844,0.015291673839746112,-0.96333179046786,-0.96333179046786
2023-06-05,2023,6,1.0160155600043446,0.4738337495955788,-1.6348922868672047,-1.6348922868672047
2023-06-08,2023,1,1.1130469825141693,0.09095231848933694,0.22539055064754515,-0.22539055064754515
2023-06-08,2023,2,0.8635322500861609,0.0457236151466377,-0.8985347197680355,-1.414390251677701
2023-06-08,2023,3,1.5421200972393674,0.0869760924782228,1.3957108123627828,-1.3957108123627828
2023-06-08,2023,4,1.001796050275079,0.08396086148479612,0.123823577150726,-1.6637821836231956
2023-06-08,2023,5,0.22693595765111763,0.3974552583307314,-1.4323938285707873,-1.4323938285707873
2023-06-08,2023,6,0.2890012899704333,0.1560737025461268,-1.4874194854936977,-1.4874194854936977
2023-06-12,2023,1,0.31717324350967857,0.12556285982530258,-0.08480679333575047,-0.08480679333575047
2023-06-12,2023,2,1.12522529961685,0.214250462661486,-0.10089593864763746,-1.478001740980429
2023-06-12,2023,3,-0.4215410083551605,0.013503732061722284,-1.2829027632173269,-1.2829027632173269
2023-06-12,2023,4,0.8402480391632254,0.3246786476004272,-1.3251224833694286,-1.3251224833694286
2023-06-12,2023,5,0.9188952833556963,0.5133611314515549,-1.8494343945273197,-1.8494343945273197
2023-06-12,2023,6,-0.6079417582097655,-0.08185600528377651,-1.9723242548628455,-1.9723242548628455
2023-06-15,2023,1,0.7538107214670173,0.1761213445219174,-0.207826769399297,-0.207826769399297
2023-06-15,2023,2,1.2611474218064318,0.11332771840811662,0.918122983713298,-1.630287072530278
2023-06-15,2023,3,0.9710592931050668,0.1531620529899015,-0.5784777794394806,-0.5784777794394806
2023-06-15,2023,4,0.5380605363181221,0.096420067776012,-0.22060151217774449,-0.22060151217774449
2023-06-15,2023,5,0.4629618840525911,0.0595959046993191,-1.9388138509214632,-1.9388138509214632
2023-06-15,2023,6,0.4039223464577937,0.4657318765885607,-1.9974785156759685,-1.9974785156759685
2023-06-19,2023,1,0.6804992754060315,0.1944177885889215,0.5440703474777114,-0.797885564284892
2023-06-19,2023,2,0.3395398704689727,0.011665571621614884,-1.2316172897178652,-1.2728455737370603
2023-06-19,2023,3,1.379436965351494,0.21600931025748427,-0.563213485023629,-0.563213485023629
2023-06-19,2023,4,0.9131994144294557,0.5120375824398273,-1.3563620189379786,-1.3563620189379786
2023-06-19,2023,5,0.1556799065458776,-0.0007812921649370946,-1.721245529910812,-1.721245529910812
2023-06-19,2023,6,0.2040335388617569,0.20570498288752942,-1.1238302082169893,-1.1238302082169893
2023-06-22,2023,1,0.612335258349157,0.07558536090686208,0.6464929577691672,-1.0519236724632797
2023-06-22,2023,2,1.8798353324121528,0.1951379714498779,1.3066457106717557,-1.3066457106717557
2023-06-22,2023,3,1.0617844672763646,0.37540149271121537,-1.6784304595535442,-1.6784304595535442
2023-06-22,2023,4,0.9597935276380989,0.13216010166203773,0.8650507851769161,-1.1335177197130413
2023-06-22,2023,5,0.9344915422780389,0.03573335808277334,-0.8901410566114614,-0.8901410566114614
2023-06-22,2023,6,0.2251175427755161,-0.012194230585462103,-0.5404996917410579,-0.5404996917410579
2023-06-26,2023,1,0.5889018060417595,0.092489399725038,-0.5019705152428191,-0.5019705152428191
2023-06-26,2023,2,1.8788315206262727,0.1938161630635884,-0.48105025414313907,-1.0936882899954283
2023-06-26,2023,3,0.3882054173264686,-0.122222780726991,-0.778139953314595,-0.778139953314595
2023-06-26,2023,4,0.09043533620177069,0.1787517586628865,-1.4964137730552989,-1.4964137730552989
2023-06-26,2023,5,0.40144328085307457,0.2495020832585168,-1.699235185932962,-1.7171154677596439
2023-06-26,2023,6,-0.191635198954347,-0.1667792544082343,-0.013831474735961136,0.013831474735961136
2023-06-29,2023,1,1.1128425164755695,0.20539321805017768,-0.48559096271046265,-0.48559096271046265
2023-06-29,2023,2,0.9381073331252612,0.2363722594237517,-0.8938983268872676,-0.8938983268872676
2023-06-29,2023,3,1.0199196521026002,0.10322432118860961,-1.313462388307162,-1.313462388307162
2023-06-29,2023,4,1.5151818676356656,0.351476270131304,-0.8917104437959598,-1.239675134698952
2023-06-29,2023,5,0.7210830244760649,-0.0286921164067022,-0.37084435885174544,-1.008451091642042
2023-06-29,2023,6,0.18143698382953843,0.1729898302847147,-0.49356289021467414,0.49356289021467414
2023-07-03,2023,1,1.8609488209433316,0.23893927772665075,-0.9940848582404436,-0.9940848582404436
2023-07-03,2023,2,1.3403605712114741,0.3656600749755086,-0.8524411321849424,-0.8524411321849424
2023-07-03,2023,3,0.8558354269960207,0.22826191492667902,-0.5150571826914898,-0.5150571826914898
2023-07-03,2023,4,-0.22078321304673132,-0.09341662357795641,-1.6153483437088898,-1.8119409309957444
2023-07-03,2023,5,-0.6346495705299393,-0.1830717578733742,0.1540778699656653,-0.1540778699656653
2023-07-03,2023,6,-0.935409491771102,-0.2301561169080612,-0.49181436192442973,0.49181436192442973
2023-07-06,2023,1,0.8747599137968658,0.35609527525773654,-0.8521850838200535,-0.8521850838200535
2023-07-06,2023,2,0.9832589000373604,0.11265948948057136,0.89022687031793,-0.89022687031793
2023-07-06,2023,3,1.5549544965178743,0.4421827922499016,-0.3731689940012515,-0.3731689940012515
2023-07-06,2023,4,0.350059183331191,-0.0157737008178481,-0.7622254818308493,-0.7622254818308493
2023-07-06,2023,5,0.3656500303449226,0.10130694115067396,-0.11144824126810488,-0.11144824126810488
2023-07-06,2023,6,0.7268793893729812,0.22140727368845214,0.22926354414963512,-0.22926354414963512
2023-07-10,2023,1,0.8914513392628338,0.24770753428925457,-0.766155588433037,-0.766155588433037
2023-07-10,2023,2,1.1455403428342104,0.1435924008993652,-0.4075817155602215,-0.4075817155602215
2023-07-10,2023,3,1.0137952614444155,0.20245575050015419,0.3223637278687991,-0.7011164155208917
2023-07-10,2023,4,0.24038589941044464,0.17619340461633842,-0.4009299817446647,-0.4859169014617349
2023-07-10,2023,5,-0.15932471192100994,0.03023075768779515,-0.06431875216450544,0.06431875216450544
2023-07-10,2023,6,0.8866849456919872,0.11051069821421251,0.27597232970288843,-0.27597232970288843
2023-07-13,2023,1,0.7504305770687587,0.1152964181443698,-0.6927930508430157,-0.878328188036886
2023-07-13,2023,2,1.1957958594150018,0.16233728899559163,-1.2745661397452843,-1.2745661397452843
2023-07-13,2023,3,0.4074722263000732,-0.02016944141666671,0.6648776047015037,-0.6648776047015037
2023-07-13,2023,4,-0.3471229406357388,-0.2473481719766018,0.1720985498225085,-0.1720985498225085
2023-07-13,2023,5,0.2565170897095159,0.051503683279188306,-0.10525177369247674,0.10525177369247674
2023-07-13,2023,6,1.0065654507437083,0.07260352760972771,0.05180571952009849,0.05180571952009849
2023-07-17,2023,1,1.5752453519395866,0.1800365989896009,-0.1568269657350616,-0.1568269657350616
2023-07-17,2023,2,0.35177485492586236,0.1275098589196033,-0.8284121879169062,-1.2574530294785413
2023-07-17,2023,3,0.1249611700885227,0.06379141328124949,0.2729332673672018,-0.2729332673672018
2023-07-17,2023,4,-0.38409288549358145,-0.1130938044734745,-0.1495996554490957,0.1495996554490957
2023-07-17,2023,5,0.9876480317453336,0.2305879280262106,-0.011872128096093615,0.011872128096093615
2023-07-17,2023,6,-0.20868691060711697,-0.23937922894112273,0.5443664541610345,-0.5443664541610345
2023-07-20,2023,1,0.44747291784807963,0.10702683250798006,-1.2426857171157184,-1.2426857171157184
2023-07-20,2023,2,1.5493978812428102,0.031974330525588235,1.4230702760873295,-1.4230702760873295
2023-07-20,2023,3,-0.25130576448866027,-0.060983897235672435,-0.1929275935247733,0.1929275935247733
2023-07-20,2023,4,0.5080981562148548,0.12558979066932408,0.045696475753765675,-0.045696475753765675
2023-07-20,2023,5,0.8850911851846317,0.15743601111433597,0.0700820903322458,-0.36990822366548304
2023-07-20,2023,6,-0.167381465571117,-0.14127519780630948,0.3040736504460988,-0.3040736504460988
2023-07-24,2023,1,0.4791369799666674,0.07561778475935521,-0.9918720915205973,-0.9918720915205973
2023-07-24,2023,2,0.30906047233402756,0.05775027744234673,0.2972583762951513,-0.2972583762951513
2023-07-24,2023,3,0.8124724138969173,0.10268094840191266,-0.11868683763199911,0.11868683763199911
2023-07-24,2023,4,0.24041341658577453,0.018185397770912687,-0.36398065898744025,-0.7879128613172349
2023-07-24,2023,5,-0.9735430417983197,-0.8156064325610359,0.414972912440126,-0.414972912440126
2023-07-24,2023,6,0.5569028315923017,-0.005405467825364885,0.3029139159535057,-0.3029139159535057
2023-07-27,2023,1,0.8493947645857682,0.08254842065886647,-0.8926376880638263,-0.9830168727917106
2023-07-27,2023,2,0.724460121076874,0.104722308323564,0.14701149088407628,0.14701149088407628
2023-07-27,2023,3,0.369090821366747,0.07808470408972307,0.11520347938120867,-0.11520347938120867
2023-07-27,2023,4,0.39859236615237137,0.03927701331870481,0.49880176605331755,-0.49880176605331755
2023-07-27,2023,5,-0.22938481163502322,-0.18062571565165308,0.19220595025144882,-0.19220595025144882
2023-07-27,2023,6,1.0079903246225381,0.1777274755288219,0.9660010118624134,-0.9660010118624134
2023-07-31,2023,1,0.5791598523891723,0.07584682400175602,0.42400157943688516,-0.42400157943688516
2023-07-31,2023,2,0.5635119700393365,0.07018485612667946,-0.1339081333434518,0.1339081333434518
2023-07-31,2023,3,0.6046049362543728,0.013367743308523292,-0.1704003057021961,-0.1704003057021961
2023-07-31,2023,4,0.2756539122073294,-0.19720668672883993,0.3096140826528858,-1.3135661877237181
2023-07-31,2023,5,0.5629488294265821,-0.28903786468540177,0.32304461219867253,-0.32304461219867253
2023-07-31,2023,6,0.3508754026953049,-0.001383293020448595,-0.5698379872035271,-0.5698379872035271
2023-08-03,2023,1,1.0645730797838615,0.09730374622036186,0.37885793092484654,0.37885793092484654
2023-08-03,2023,2,1.29844613162037,0.12032231696646989,-0.0527892880382993,0.0527892880382993
2023-08-03,2023,3,0.4201679118962325,-0.0851490343405084,-0.3152196604190446,-1.2384412962219526
2023-08-03,2023,4,-0.01948391811034611,-0.294909269280282,0.7373995512067517,-0.7373995512067517
2023-08-03,2023,5,0.9374931312912134,0.244107016577342,0.3959043439540775,-0.3959043439540775
2023-08-03,2023,6,0.07885629150996287,0.17666045355946497,-0.697063359032412,-0.697063359032412
2023-08-07,2023,1,0.47270110022846623,0.05796748308572641,0.19074483603113412,0.19074483603113412
2023-08-07,2023,2,0.9369883158133634,0.013438384468405201,-0.053383065400565366,-0.053383065400565366
2023-08-07,2023,3,-0.07993322559654992,-0.021666401629306192,-0.8227026037898773,-0.8227026037898773
2023-08-07,2023,4,1.0466616466333063,-0.13493639381083117,0.6717703896310239,-0.6717703896310239
2023-08-07,2023,5,0.28783298668082224,0.02011693317470442,-1.1060426331693984,-1.1060426331693984
2023-08-07,2023,6,0.166685535933075,0.24802009929881472,-1.0176276105240678,-1.0176276105240678
2023-08-10,2023,1,0.9757698226320022,0.11262298970309026,0.16953296872281148,0.16953296872281148
2023-08-10,2023,2,0.46044713788352,-0.07592839464710381,-0.13777788817827386,-0.13777788817827386
2023-08-10,2023,3,0.5560798890373517,-0.06484931179717449,0.8516648192148506,-0.8516648192148506
2023-08-10,2023,4,1.448644958274623,0.09535680841030361,0.6351953268295885,-0.6351953268295885
2023-08-10,2023,5,-0.46169695737664807,-0.10095855324109301,-1.435753010631914,-1.435753010631914
2023-08-10,2023,6,0.4346409063874912,0.44713365059263743,-0.591364005475941,-0.591364005475941
2023-08-14,2023,1,0.3727477514066484,0.1150945153995438,0.0675748844151773,0.0675748844151773
2023-08-14,2023,2,0.5210939179675695,0.0340134077449169,0.1707708000178425,0.1707708000178425
2023-08-14,2023,3,0.2821260338379865,-0.0030973125814099944,0.14974839981241628,-0.14974839981241628
2023-08-14,2023,4,0.0007659399912540721,0.009173466961302196,-1.480565180214512,-1.7358350507517257
2023-08-14,2023,5,0.3357023529208796,0.20855194703601787,-1.0311494485678736,-1.0311494485678736
2023-08-14,2023,6,-0.2386119800636175,-0.092396620930258,-0.6183375185492301,-0.6183375185492301
2023-08-17,2023,1,0.41596482673747515,0.04922126948193983,0.08577788210061837,0.08577788210061837
2023-08-17,2023,2,0.2893084216976711,0.007604926000866041,0.11256071742250962,0.11256071742250962
2023-08-17,2023,3,0.984134384912914,0.1740688658484196,1.1480993868544103,-1.150250941869915
2023-08-17,2023,4,0.08069391544115323,-0.04403469965699009,-0.6038214115316081,-1.559204951379783
2023-08-17,2023,5,0.9136355294739777,0.4864680023554558,-0.6113437726685014,-0.6113437726685014
2023-08-17,2023,6,-0.06354977247117066,-0.045972440228087594,-0.23744268172655492,-0.23744268172655492
2023-08-21,2023,1,1.1098390350985952,0.05194254767889728,-0.191544522400725,0.3220792292151576
2023-08-21,2023,2,0.15240770410014015,0.042942760963691096,0.13449095906254188,-0.13449095906254188
2023-08-21,2023,3,0.03993232533271396,0.11737082888328759,-0.9998527652264295,-0.9998527652264295
2023-08-21,2023,4,-0.20954575038375545,-0.10631200833387014,-1.5406880811128527,-1.5406880811128527
2023-08-21,2023,5,0.17779604704745466,0.0333506857653911,-0.5668686381185597,-0.5668686381185597
2023-08-21,2023,6,0.33963549288737305,-0.042419659180339575,-0.34276568863849777,-0.34276568863849777
2023-08-24,2023,1,0.8193893310443099,0.047255991836561706,0.1360016280425336,0.1360016280425336
2023-08-24,2023,2,0.37516337692638135,0.06471135539491585,-0.3822837863420351,-0.3822837863420351
2023-08-24,2023,3,0.1800187260363435,-0.03579219055913341,-1.1418903134965999,-1.1418903134965999
2023-08-24,2023,4,0.863931624133973,0.30721107840431094,-1.039722340334587,-1.039722340334587
2023-08-24,2023,5,-0.26555221476314106,-0.1066652026879006,-0.6067346002306044,-0.6067346002306044
2023-08-24,2023,6,0.11005648769795062,0.0921345374683882,-0.4173890806602194,-0.4173890806602194
2023-08-28,2023,1,0.013867310934180477,3.99727314475129e-05,-0.06678229265686353,0.06678229265686353
2023-08-28,2023,2,0.09855718752608933,0.011250398622553004,-1.0344518368644435,-1.0344518368644435
2023-08-28,2023,3,0.38349636467441517,0.24502127963352927,-0.591408962385537,-0.591408962385537
2023-08-28,2023,4,-0.038856922344494116,-0.070872187846208,-0.666706779036248,-0.666706779036248
2023-08-28,2023,5,0.58841220202945,-0.06148491019850999,-0.4375347701505405,-0.4375347701505405
2023-08-28,2023,6,-0.026563396379984283,-0.040503673101005166,-0.5316131531063397,-0.5316131531063397
2023-08-31,2023,1,0.19940276258472034,0.03550987187044963,-0.3670061148524594,-0.573647295911308
2023-08-31,2023,2,0.09998695293741466,-0.03415298224908481,0.48508856996202043,-0.48508856996202043
2023-08-31,2023,3,0.4840748357972755,0.08180832800473836,-0.30206163000789055,-0.30206163000789055
2023-08-31,2023,4,-0.4176403450548012,-0.14314755591522488,-0.7176965670370521,-0.7176965670370521
2023-08-31,2023,5,0.08980777507034343,0.1325895506706917,-0.6979909858876829,-0.6979909858876829
2023-08-31,2023,6,0.057581263415186434,-0.0233225436871715,-0.07336645287100979,-0.6631007514363882
2023-09-04,2023,1,0.5503923811746212,0.06064883092915474,0.2693086562412572,-0.2693086562412572
2023-09-04,2023,2,0.37143022800934755,0.04708638953553923,0.1501852156640786,0.1501852156640786
2023-09-04,2023,3,-0.10575777666475261,-0.046047098931300406,-0.5279080384589008,-0.5279080384589008
2023-09-04,2023,4,0.7087895041096983,0.011733255236792084,0.6550927239819481,-0.6550927239819481
2023-09-04,2023,5,0.1982085071612092,0.095568421800803,-0.6912862009326753,-0.6912862009326753
2023-09-04,2023,6,0.2587020170822174,0.07536032692053318,0.7664374000480034,-0.7664374000480034
2023-09-07,2023,1,0.4825222007567942,0.06322973380887842,0.23900951546884508,-0.23900951546884508
2023-09-07,2023,2,0.9454465773002507,0.13385735139682226,0.4197624065851232,-0.4197624065851232
2023-09-07,2023,3,-0.208029853365316,-0.0678557493619061,-0.8583417619157805,-0.8583417619157805
2023-09-07,2023,4,0.5309737868865714,0.1728475103116305,-0.17738841891482862,-0.17738841891482862
2023-09-07,2023,5,0.025569066583017275,-0.005768777218008225,0.12995160323818317,-0.6783061551331682
2023-09-07,2023,6,0.544707649676405,0.4844535017864411,0.8025293227536134,-0.8397036376870735
2023-09-11,2023,1,0.616726678655124,0.09853930788518128,0.18583553433483785,0.18583553433483785
2023-09-11,2023,2,0.21705828346664813,0.006332033007402982,-0.06935576906814567,-0.06935576906814567
2023-09-11,2023,3,0.8654566067105747,0.2952845828470681,0.516469560717857,-1.2447137610104777
2023-09-11,2023,4,0.5844627071824853,0.32124982270832114,-0.30027464003347204,-0.30027464003347204
2023-09-11,2023,5,-0.054102597978745504,-0.07717545195332631,0.47026991668786644,-0.6202950646290722
2023-09-11,2023,6,0.7107881187161844,0.6027731681076794,0.6769179646248926,-0.6825366511004591
2023-09-14,2023,1,0.8379806226175441,0.05355849995625106,0.30873745409102205,-0.30873745409102205
2023-09-14,2023,2,0.24806816769124218,-0.05387422594944619,-0.5142935878782074,-0.5142935878782074
2023-09-14,2023,3,0.9831423142948168,0.23859103013355118,0.35514108356913127,-0.6689108795939538
2023-09-14,2023,4,0.018160444381633667,0.0193871690406352,0.3808386714401305,-0.3808386714401305
2023-09-14,2023,5,-0.12972481187569018,-0.036060990354173095,-0.31194473378276966,-0.31194473378276966
2023-09-14,2023,6,0.8176633996328192,0.45824898032166167,0.5295645083500399,-0.5295645083500399
2023-09-18,2023,1,0.43593696298416607,0.09530276953946237,0.025422076526275594,0.025422076526275594
2023-09-18,2023,2,0.012758049211213596,0.026809249089544407,-0.39552181768876854,-0.39552181768876854
2023-09-18,2023,3,0.3190060701469237,0.11856552085027405,0.08914516081721735,0.08914516081721735
2023-09-18,2023,4,-0.2567844833611592,-0.3088603284277233,0.2349465289320103,-0.2349465289320103
2023-09-18,2023,5,0.7429487299937734,0.47825767710927186,0.6157569384406961,-0.6386906540927085
2023-09-18,2023,6,0.8828365598200014,0.5082804190018354,0.5980779939493501,-0.5980779939493501
2023-09-21,2023,1,0.44059111994807054,0.07136680979516952,-0.007966264300134251,-0.007966264300134251
2023-09-21,2023,2,-0.45295695699232574,-0.060129731305685996,-0.04505390410396404,-0.04505390410396404
2023-09-21,2023,3,-0.2795751215322255,-0.2363882884737033,0.08089840664914599,0.08089840664914599
2023-09-21,2023,4,-0.048586565690342365,0.02356640219320716,-0.25529598707573264,-0.25529598707573264
2023-09-21,2023,5,0.8307484336070141,0.48141875424095437,0.5285012269697346,-0.5285012269697346
2023-09-21,2023,6,0.5661226453333882,0.34120624659619014,0.4407343344077103,-0.4407343344077103
2023-09-25,2023,1,0.4672877934091084,0.1042071732351314,-0.40656395706688353,-0.40656395706688353
2023-09-25,2023,2,0.5232122624949147,0.07668350032858195,-0.07946029758352799,-0.07946029758352799
2023-09-25,2023,3,-0.19742427803891216,-0.12762138715615134,-0.005580956151613303,-0.005580956151613303
2023-09-25,2023,4,0.2118050857554059,0.12601674569423982,0.0629313818525962,-0.2430416922047348
2023-09-25,2023,5,0.7126172173586682,0.3740250053771181,0.46541079672138197,-0.46541079672138197
2023-09-25,2023,6,0.17120906871394548,0.15401222485668697,0.015318364537162593,-0.3930527783917752
2023-09-28,2023,1,0.7495403344312259,0.10810043522486901,-0.14926820771520677,-0.8052455603735432
2023-09-28,2023,2,-0.2334919400911568,-0.1868342037589359,-0.0759336027515376,-0.0759336027515376
2023-09-28,2023,3,-0.1490610291031369,-0.05031726915252199,-0.03644697137586994,-0.03644697137586994
2023-09-28,2023,4,0.4656198426962268,0.21298833397311068,0.2672452277596455,-0.2672452277596455
2023-09-28,2023,5,0.6247564333528407,0.26187260613408136,0.45250675888858943,-0.45250675888858943
2023-09-28,2023,6,0.07067240451253554,0.1698420411259322,-0.2877355804464397,-0.2877355804464397
2024-06-03,2024,1,0.6683545576333096,0.10258608154642113,-0.537621797082104,-0.537621797082104
2024-06-03,2024,2,1.3397792406922369,0.1462405707456306,0.7392840113140162,-0.7392840113140162
2024-06-03,2024,3,1.8810096421201363,0.2032424320053804,-0.4062448813378065,-0.4062448813378065
2024-06-03,2024,4,-0.19036589351805144,-0.08642907857797277,-1.0676429832743226,-2.0367295415341005
2024-06-03,2024,5,-0.00886259236993503,0.22573302643776333,-1.8288035639670397,-1.8288035639670397
2024-06-03,2024,6,1.6427723573054012,0.268190601414214,1.9453954828175573,-1.9453954828175573
2024-06-20,2024,1,1.968174273498224,0.18498849975859216,1.1873004894653831,-1.1873004894653831
2024-06-20,2024,2,1.0765750620951016,-0.05792483523024983,0.9132457945122978,-1.514746542896172
2024-06-20,2024,3,0.7848624018131698,0.1335317903434879,-0.04959584773562542,-0.04959584773562542
2024-06-20,2024,4,0.63858512561551,-0.12948942735392088,0.3549985720779144,-0.3549985720779144
2024-06-20,2024,5,-0.9395660256464229,-0.4037173650668717,-1.6368355366574174,-1.6368355366574174
2024-06-20,2024,6,-0.5720252834489514,-0.3554572067187437,-1.5442271973091684,-1.9006210932211909
2024-06-24,2024,1,1.4046315233026982,0.07636638657447448,1.3678456706220896,-1.4916639891907508
2024-06-24,2024,2,0.5744733610843964,0.03969170110134501,-0.15096442273726585,-0.15096442273726585
2024-06-24,2024,3,1.1059826284177818,0.1673505583200658,0.9533492914439023,-0.9533492914439023
2024-06-24,2024,4,-0.20072572472281536,-0.26231072366128116,-0.6790298241365719,-1.6915713133352388
2024-06-24,2024,5,-0.08575002121969888,-0.14221286119136928,-1.6109987476335026,-1.6109987476335026
2024-06-24,2024,6,0.9628793941145055,0.17897537915183037,0.04292391161583753,0.04292391161583753
2024-06-27,2024,1,0.3340738483729053,-0.15020281154705112,-0.14539985005890516,-0.9666031431697286
2024-06-27,2024,2,1.2173682517512239,0.28588338838870336,0.7406611714197138,-0.9054152762417045
2024-06-27,2024,3,1.5459796590273687,0.10394671598716991,0.8214339456722206,-0.8214339456722206
2024-06-27,2024,4,-0.6349185187269359,-0.34167289998299577,-1.6523688912086683,-1.6523688912086683
2024-06-27,2024,5,0.7505296135710697,-0.11805722994045986,-0.7733417084746887,-0.7733417084746887
2024-06-27,2024,6,0.8853391708363354,0.18672885113815718,-0.26142493734069383,-0.26142493734069383
2024-07-01,2024,1,0.7728262759201971,0.07806365373890423,0.13127995904396306,0.13127995904396306
2024-07-01,2024,2,0.6203109701655212,0.0170410773854686,0.009205723343632698,-0.009205723343632698
2024-07-01,2024,3,-0.9634568870647406,-0.2796449168424765,-1.061049859794602,-1.061049859794602
2024-07-01,2024,4,-0.6057364994187058,-0.3253775223920789,-1.7068835664172097,-1.7068835664172097
2024-07-01,2024,5,0.36660801924643316,0.1792081166751262,-0.9570511393260392,-0.9570511393260392
2024-07-01,2024,6,-0.20980848608954616,-0.1861455501904364,0.064067414729013,0.064067414729013
2024-07-04,2024,1,1.1213170763532583,0.15041248285991693,-0.05070158181001391,-0.05070158181001391
2024-07-04,2024,2,0.2416732335618832,-0.0432478822109747,-0.48877506956725614,-0.48877506956725614
2024-07-04,2024,3,-1.0049533331035576,-0.3054450156099771,-1.1929546080054667,-1.1929546080054667
2024-07-04,2024,4,1.5792724188973857,0.3427531292824898,0.6109095880247375,-1.4707209297199573
2024-07-04,2024,5,0.7139658384115375,0.1790617933837782,-0.29819718267084205,-0.29819718267084205
2024-07-04,2024,6,0.9209128994492373,0.19710276036903523,0.12064310981144089,0.4319391340107819
2024-07-08,2024,1,1.9202678420500634,0.16900437513439182,1.0751597167306481,-1.0751597167306481
2024-07-08,2024,2,1.133234487419327,0.16891999225525928,-0.406371604472071,-1.0029612333646445
2024-07-08,2024,3,0.6598399631025833,0.15452372632261724,-0.3087837026592737,-0.3087837026592737
2024-07-08,2024,4,1.1824685839323203,0.31549520978554807,0.033220999321063704,0.033220999321063704
2024-07-08,2024,5,0.7794756319109686,0.15344556972023732,0.1405438873783178,0.1405438873783178
2024-07-08,2024,6,1.0686932498266861,0.1974800451835633,0.5035443993129697,-0.5035443993129697
2024-07-11,2024,1,2.1578829127629793,0.1193521152528807,0.7304773059087563,-1.2945547220736198
2024-07-11,2024,2,1.1656016624817198,0.19183059168330058,-0.4767383408955701,-0.4767383408955701
2024-07-11,2024,3,1.129976079111639,0.2958099425899996,0.32005116899067143,-0.32005116899067143
2024-07-11,2024,4,0.48475192525680555,0.2026159033144381,-0.27689595204397843,-0.27689595204397843
2024-07-11,2024,5,0.6232543583715477,0.21823777588799304,-0.3683349138727996,-0.38473674629551957
2024-07-11,2024,6,0.8233452132242682,0.18535383992222,0.35956819086494485,-0.35956819086494485
2024-07-15,2024,1,1.1617561137654429,0.07848503723401101,0.33817639935328603,-1.4072291897318947
2024-07-15,2024,2,1.476052471370095,0.23788287952046366,-0.059735826161942285,-0.059735826161942285
2024-07-15,2024,3,1.663981138698059,0.07467716338890232,0.18372725566989034,0.18372725566989034
2024-07-15,2024,4,0.8845267045842897,0.0713205731115859,0.28764395654119856,0.28764395654119856
2024-07-15,2024,5,0.9861685939700662,0.1262970325426773,0.6886142089593769,-0.6886142089593769
2024-07-15,2024,6,0.16018901014290687,0.0777642332453081,-0.7620933807537392,-0.7620933807537392
2024-07-18,2024,1,0.9687599325859528,0.11394947745922213,-0.9852096793221974,-0.9852096793221974
2024-07-18,2024,2,1.6408015076644533,0.40182651242478157,0.02122802114481681,0.02122802114481681
2024-07-18,2024,3,1.1754103643971323,0.2383277269078615,0.10776928707970912,0.10776928707970912
2024-07-18,2024,4,0.9246729323519984,0.24311332770894795,0.5488240044801269,-0.5488240044801269
2024-07-18,2024,5,0.8654265090856654,0.2102499894651394,0.31906725610094966,-0.31906725610094966
2024-07-18,2024,6,0.6681057705085678,0.06893214297757139,-0.10920018167948209,-0.10920018167948209
2024-07-22,2024,1,1.4286192140196219,0.180446831487872,-0.3340547191650073,-0.3340547191650073
2024-07-22,2024,2,1.3558741433401806,0.36708794236993225,-0.11994014505752304,-0.11994014505752304
2024-07-22,2024,3,0.3464784593700161,0.03014045025857187,-0.21805151536772382,-0.21805151536772382
2024-07-22,2024,4,0.4578787555459325,0.11906061118755779,-0.09569418695606569,0.09569418695606569
2024-07-22,2024,5,0.9495951164422296,0.1101368560475725,-0.23020597322408576,-0.23020597322408576
2024-07-22,2024,6,0.12469940004076996,0.1514566687563974,-1.1146760969225555,-1.1146760969225555
2024-07-25,2024,1,1.670695051191335,0.4168235263142867,-0.0050815812877401945,-0.0050815812877401945
2024-07-25,2024,2,0.42526579596218816,0.12167046115644803,-0.015045435913428662,-0.015045435913428662
2024-07-25,2024,3,0.12046919798585431,0.014910717061335066,0.12614565123769017,-0.12614565123769017
2024-07-25,2024,4,0.7026544515788169,0.15459876293501798,-0.3168281571818323,0.3168281571818323
2024-07-25,2024,5,0.24236755947921473,-0.07001382651914856,-0.38231906675787375,-0.38231906675787375
2024-07-25,2024,6,-0.30846085183411454,0.12439624365017982,-1.6039629880300463,-1.6039629880300463
2024-07-29,2024,1,1.5508812500210523,0.26801606964723107,0.24650275796247634,0.24650275796247634
2024-07-29,2024,2,0.758585286601936,0.14548338252824392,-0.7626199387426607,-0.7626199387426607
2024-07-29,2024,3,0.20642591668373012,0.03704321284127121,-0.34555581790938794,0.34555581790938794
2024-07-29,2024,4,0.5477068683059079,0.1376284732855243,-0.8791661402408162,-0.8791661402408162
2024-07-29,2024,5,0.5139576302570781,0.3147860833613409,-0.7582711269129836,-0.7582711269129836
2024-07-29,2024,6,0.7516539401702147,0.5348486778524103,-0.7752384529828739,-0.7752384529828739
2024-08-01,2024,1,0.44292822321581404,0.1795060564535227,-0.7642115867581802,-0.7642115867581802
2024-08-01,2024,2,0.5214159426083409,0.05734087279540662,-0.19310326789069687,0.19310326789069687
2024-08-01,2024,3,-0.16622052731272596,-0.0004864669517924969,0.4730705114092486,0.4730705114092486
2024-08-01,2024,4,0.27839888882387065,0.11529332269282438,-0.5912005188554748,-0.5912005188554748
2024-08-01,2024,5,0.6353147678039885,-0.01816871791658964,-0.9405240294050732,-0.9405240294050732
2024-08-01,2024,6,-0.018238847918153667,0.19338607603265007,-1.1879945122828572,-1.1879945122828572
2024-08-08,2024,1,0.5427341698997026,0.0533313255153024,-0.43201916426617626,0.7063488157803727
2024-08-08,2024,2,1.091452757027211,0.0722131930726256,0.09021900480835232,0.09021900480835232
2024-08-08,2024,3,-0.20433176142133114,-0.060845652800106204,-1.219576294632562,-1.219576294632562
2024-08-08,2024,4,1.0501511237837748,0.23860723575624213,0.5301487959195609,-1.4459856117584255
2024-08-08,2024,5,0.8968865466715323,0.36312617785811985,-0.5782421863820891,-0.6595306289787238
2024-08-08,2024,6,0.4464881779930199,0.185693084108067,-0.5273921006032923,-0.9270401725491672
2024-08-12,2024,1,0.06495094679059132,0.06003312793855442,-0.6673454321438854,0.6673454321438854
2024-08-12,2024,2,0.12264200000771108,3.749954392467947e-05,-0.6926195549409899,-0.6926195549409899
2024-08-12,2024,3,0.20438787771341538,0.04145479611503239,-0.9449044552162631,-0.9449044552162631
2024-08-12,2024,4,0.3793450050531355,0.12661406470097042,0.6626282782055487,-0.6626282782055487
2024-08-12,2024,5,0.4678937746844065,0.26561665016227026,-0.41606482967873326,-0.41606482967873326
2024-08-12,2024,6,0.9173618740604059,0.1421222838874599,1.244675052810131,-1.244675052810131
2024-08-15,2024,1,0.30200764195705876,0.07017945575680323,-0.11915863975366414,0.11915863975366414
2024-08-15,2024,2,-0.20252555965540786,-0.014697159915544877,-0.8202865831710773,-0.8202865831710773
2024-08-15,2024,3,0.6582386137313234,0.09467596313220716,0.409953408257482,-1.2156461069647697
2024-08-15,2024,4,0.3744917876786067,0.08222515886906223,0.7381826076780997,-0.7381826076780997
2024-08-15,2024,5,0.5807729247012645,0.27519229147239255,0.5796988683739477,-0.5796988683739477
2024-08-15,2024,6,1.131393512381591,0.22787228788574068,1.336705846412854,-1.336705846412854
2024-08-19,2024,1,0.4428087197948072,0.08052117626405297,0.5024035350379975,-0.5024035350379975
2024-08-19,2024,2,0.6806981290541074,0.06371981996409787,-1.0968840488807479,-1.0968840488807479
2024-08-19,2024,3,1.1007814046223476,0.1931361994731442,0.9842858331685689,-0.9842858331685689
2024-08-19,2024,4,-0.12696171798416334,-0.06384913687275762,0.8069851079291848,-0.8069851079291848
2024-08-19,2024,5,1.049734587037678,0.4307979832520465,0.7529730786671927,-0.7529730786671927
2024-08-19,2024,6,-0.4609276565817142,-0.10298749000563809,-0.7545243546288913,-0.7545243546288913
2024-08-22,2024,1,-0.24014747897001865,-0.04187801924081447,-0.0019557395591701665,-0.0019557395591701665
2024-08-22,2024,2,0.19884176438306156,0.0421579841577705,-0.4481444038366915,-0.4481444038366915
2024-08-22,2024,3,0.1591866972375673,0.033410327201808365,0.4004708772426251,-0.4004708772426251
2024-08-22,2024,4,0.7287023448577177,0.24782396601710466,0.47184931046908934,-0.47184931046908934
2024-08-22,2024,5,0.7583245048785439,-0.037188816548315407,0.6659105115008328,-0.6659105115008328
2024-08-22,2024,6,-0.2961476592391685,-0.046885082943686,-1.3281765675907693,-1.3281765675907693
2024-08-26,2024,1,-0.26799350038011127,-0.025656263948327984,-0.124041494113319,-0.124041494113319
2024-08-26,2024,2,0.30771898751769733,0.1382139861041905,-0.29476557708840023,0.29476557708840023
2024-08-26,2024,3,0.13623259438700508,0.043897716552168675,-0.027321811558186887,-0.5051034391980352
2024-08-26,2024,4,0.919020138579846,0.20521678417251232,1.5530092652339609,-1.5530092652339609
2024-08-26,2024,5,-0.22949140557030212,-0.02712810566750201,-0.6086062434431425,-0.6086062434431425
2024-08-26,2024,6,0.21521540832539587,0.1756181882739452,0.659722654526265,-1.269946267805791
2024-08-29,2024,1,0.15468103319440463,0.015600447612516,0.16168984825831278,0.16168984825831278
2024-08-29,2024,2,0.15409314088124848,0.06454959344676492,-0.22596056246444884,0.22596056246444884
2024-08-29,2024,3,0.6549850076460046,0.15266024194892486,0.03675334137110431,0.03675334137110431
2024-08-29,2024,4,1.5164666372470306,0.35974053651044635,0.9423622461515295,-0.9423622461515295
2024-08-29,2024,5,-0.3318355270322133,-0.03752241196640249,-0.8446001056705816,-0.8446001056705816
2024-08-29,2024,6,0.012314925774564944,-0.06129375212845234,0.364332642829284,-1.369481956641049
2024-09-02,2024,1,0.49464040714740154,0.15237012177097697,-0.1994259316906737,0.5881346831989491
2024-09-02,2024,2,0.44349099482863164,0.06918198878772064,-0.23839684806638328,0.23839684806638328
2024-09-02,2024,3,0.3865885592599847,0.2419367028167007,-0.5623530811331481,-0.5623530811331481
2024-09-02,2024,4,-0.010522886109861851,0.08097126266926838,-0.4729970692445753,-0.4729970692445753
2024-09-02,2024,5,-0.01555066435076391,0.12686631310745322,-0.32854456712937413,-0.927729961314822
2024-09-02,2024,6,0.13821669989293506,-0.07248123018198438,0.5718828019438602,-1.2872334616449215
2024-09-05,2024,1,0.6629697080450168,0.14094735970728578,0.0691765712185973,-0.1497443231083957
2024-09-05,2024,2,0.9999843151740775,0.14222070665868702,0.5702222163309272,0.5702222163309272
2024-09-05,2024,3,1.0018140095147343,0.23578693121825356,1.1194066081207694,-1.1194066081207694
2024-09-05,2024,4,0.2357025075707213,0.08975419078954561,-0.519335455702471,-0.519335455702471
2024-09-05,2024,5,-0.22350629131793065,-0.030564149988668465,-0.04290844180919179,-0.9284431288536354
2024-09-05,2024,6,-0.37176802589466273,0.004562985824923482,-1.1037418033949835,-1.1037418033949835
2024-09-09,2024,1,0.5455088238646519,0.03063929841756785,0.026518137686454002,-0.026518137686454002
2024-09-09,2024,2,0.2551259398045067,0.18178228265538918,-0.17240023219724354,0.17240023219724354
2024-09-09,2024,3,0.14747849415097747,0.09807349094876522,-0.49846378507271316,-0.49846378507271316
2024-09-09,2024,4,0.51066754152663,0.08508136386109894,1.082338390750361,-1.082338390750361
2024-09-09,2024,5,0.08859010373180709,-0.2487823631309139,0.6867033831888492,-1.34243439597887
2024-09-09,2024,6,0.04774565546024245,-0.2393136578070595,-0.7611754881436068,-0.7611754881436068
2024-09-12,2024,1,0.7906202793750103,0.04413980165252063,0.5177698042319998,0.6281275099722881
2024-09-12,2024,2,0.11726847728297995,0.05313539037685372,0.015822290184144716,-0.015822290184144716
2024-09-12,2024,3,0.6009791586727129,0.20339573416900414,-0.5113154486646543,-0.5113154486646543
2024-09-12,2024,4,0.23448808579921732,-0.022833985433069803,0.8952760243050151,-0.8952760243050151
2024-09-12,2024,5,-0.44960685441700354,-0.341697331296796,-1.0891247541641542,-1.0891247541641542
2024-09-12,2024,6,-0.03898546702015526,-0.1491444149199523,-0.7241450066558128,-0.7241450066558128
2024-09-16,2024,1,0.03702932022416272,0.04441826050120157,-0.627378937635622,0.627378937635622
2024-09-16,2024,2,-0.4322498149314642,-0.12628247578622986,-0.6472040311978803,-0.6472040311978803
2024-09-16,2024,3,-0.2191922504732693,-0.18978620661177142,0.021164602425016277,-0.021164602425016277
2024-09-16,2024,4,-0.11094153772954396,-0.14598628882997167,0.3476416350100323,-0.9507554123865926
2024-09-16,2024,5,0.2225192098021438,0.0004130965192307018,-0.4401336448140562,-1.4135782568753985
2024-09-16,2024,6,0.10597308806282113,-0.0465674420575391,-0.1139767867119002,-0.8400831999238789
2024-09-19,2024,1,0.554514451999855,0.18206273290401187,0.23893768647750513,-0.23893768647750513
2024-09-19,2024,2,0.45894858286965334,0.029007124386949412,0.02439030303067269,-0.02439030303067269
2024-09-19,2024,3,-0.2831763864953478,-0.2889344368666629,0.2661219928106173,-0.2661219928106173
2024-09-19,2024,4,-0.32720205032879646,-0.4105429095553489,-0.701431670274775,-0.701431670274775
2024-09-19,2024,5,0.04944081372366016,0.0773116548326089,-1.0026626755119692,-1.0026626755119692
2024-09-19,2024,6,-0.05764992244731548,-0.09163774269857866,0.538156036618691,-0.6522339207349892
2024-09-23,2024,1,0.7187306936622813,0.037048566936345506,0.01382494067931761,-0.01382494067931761
2024-09-23,2024,2,0.3845135267599247,0.010816096836761546,0.08857563712704042,-0.08857563712704042
2024-09-23,2024,3,-0.05355891306741256,-0.08769160430610212,0.163981145566708,-0.40675098375110724
2024-09-23,2024,4,0.6344313004271376,-0.04812882416047071,-0.3605337095328569,-1.0338789062548877
2024-09-23,2024,5,0.1740517783828599,0.0019759889324762053,-0.23808053715632663,-0.6461998742035124
2024-09-23,2024,6,0.30668723158524525,0.12951734072996623,0.3539290739689923,-0.3539290739689923
2024-09-26,2024,1,0.9767825404261039,0.06691221096908428,-0.13146803194076506,0.13146803194076506
2024-09-26,2024,2,0.5570613588341189,-0.03852714971913396,0.44829385828364754,-0.44829385828364754
2024-09-26,2024,3,-0.11380876721794575,-0.0104267381602281,-0.559844783224201,-0.559844783224201
2024-09-26,2024,4,1.2378898212415654,0.05365996623095581,1.0524814644396079,-1.0524814644396079
2024-09-26,2024,5,-0.002028636745588841,0.010435643508880432,-0.33346144939799394,-0.33346144939799394
2024-09-26,2024,6,-0.0784770899476337,-0.031021471670057754,-0.2224619818363574,-0.270023474139584
2024-09-30,2024,1,0.39214500587569034,0.030465636285342934,0.14442438274784652,-0.14442438274784652
2024-09-30,2024,2,1.2068627588970164,-0.015764836290307005,0.5378148945667972,-0.5378148945667972
2024-09-30,2024,3,0.3257375062753374,0.1181379887069169,0.2680641361544308,-0.2680641361544308
2024-09-30,2024,4,0.0042856112353115705,0.11684080551897319,-0.4154602200273427,-0.681646794067017
2024-09-30,2024,5,0.5869498162967764,0.18509954442275212,0.7107468759104185,-0.7107468759104185
2024-09-30,2024,6,0.6723463325655965,0.7490375161468047,0.5883452953008206,-0.5883452953008206
