variable,model,valid_month,valid_month_name,region,lead_bucket,pcc,rmse,bias,msss_clim,std_ratio,n_init,crpss_clim,crps,ssr,spread,briss_clim
TP,ECMWF,6,Jun,All India,W1-2,0.6404180523452014,3.4886895930410224,0.1107119400924111,0.3292633095395822,1.0820623159706346,2,0.33318971467295383,1.8353869259666071,0.9264219180139618,3.258119648988343,0.23795166520602745
TP,ECMWF,6,Jun,All India,W3-4,0.38337073259657484,4.899869027360788,0.019019108992891047,-0.2340101377922214,1.0021797160297155,1,0.0099812233088153,2.731111773239515,1.092941774023713,5.377945809310853,0.060368842172159584
TP,ECMWF,6,Jun,northwest_india,W1-2,0.8062387784925281,1.7726357127537296,0.4048474453111077,0.4412605347916143,1.118799457732212,2,0.44516038444456313,1.0454705332752825,1.0115118828716256,2.2739269513958025,0.3977767790356589
TP,ECMWF,6,Jun,northwest_india,W3-4,0.667795557219366,2.7402401040312885,-0.11790525598291157,-0.3439093517524021,0.9916417877452216,1,0.15456566404625816,1.5698856449479368,1.086970210692163,2.9363218608771096,0.27791086303281126
TP,ECMWF,6,Jun,central_india,W1-2,0.6316868308325503,3.4987941938055407,-1.3654159820803917,0.24698921630179702,1.0879000341878797,2,0.34649017642058255,2.2156116742795664,0.9375619579179387,3.4787075354088746,0.22514398843253666
TP,ECMWF,6,Jun,central_india,W3-4,0.40440934859837446,4.6835154992219685,-2.4991941730034446,-0.15678028654329296,0.8803143230615087,1,0.086671412223489,3.0774018428872933,1.5937551736449618,6.673952163423406,0.12163638424267152
TP,ECMWF,6,Jun,south_peninsula,W1-2,0.7757278620959275,3.0177215047932338,0.20271673435436233,0.4202437141503944,0.9778874485944609,2,0.2491208038947294,1.6813317951968165,0.9020715050472434,2.6050643843603836,0.061486914464604595
TP,ECMWF,6,Jun,south_peninsula,W3-4,0.4039562160610979,5.264668139123105,0.5992313675285653,-0.4714835668772424,1.2414727984542788,1,-0.29566012890930754,3.0455157975778,0.7674410882034755,4.038372463446848,-0.1593166892426317
TP,ECMWF,6,Jun,east_northeast_india,W1-2,0.7376164175564757,5.463758681445671,2.726974271871955,-0.06509378004572025,1.4095089956937097,2,0.22352570193686705,2.8835019445128625,1.280551993247568,5.71630958703302,0.3260739185060368
TP,ECMWF,6,Jun,east_northeast_india,W3-4,0.614194285160093,7.297876803665078,5.35057808049001,-0.24579642841847388,1.1708408375775368,1,-0.06697214636817544,4.084813451384479,1.3378579616418742,9.416160660454704,0.11940658145995359
TP,ECMWF,7,Jul,All India,W1-2,0.815795095961831,4.579317713972559,0.10924863504351562,0.6488139976132999,0.9848762572239128,2,0.43140623404737677,2.281420981366304,0.990470162259158,4.605364619502801,0.47320774085562045
TP,ECMWF,7,Jul,All India,W3-4,0.5028336108757632,6.910677256673429,-1.4945045552646696,0.18582011074742388,0.6333976344574452,2,0.13802403802745966,3.434874609400189,0.8497040761185957,5.812529313874548,0.2143503611209167
TP,ECMWF,7,Jul,All India,W5-6,0.3090388520847588,7.718133402362249,-1.1430943561813405,-0.017426876175024773,0.6022701878975607,2,0.010056010739832252,3.93802265437314,0.8233979359136225,6.264655985827796,0.07195983052021976
TP,ECMWF,7,Jul,northwest_india,W1-2,0.7887434354674498,3.7478117208988624,-0.39690585723446004,0.4200438361725618,1.0234727211582044,2,0.28515238328385095,1.9367167844307909,1.1236773965968552,3.967582959166278,0.3174035488278073
TP,ECMWF,7,Jul,northwest_india,W3-4,0.46092006657466156,5.375625911093078,-0.9334863572826377,0.03411840801504003,0.6761389757655528,2,0.020416627046809473,2.604582372757086,0.8331844577887435,4.42995809191313,0.09161734017483006
TP,ECMWF,7,Jul,northwest_india,W5-6,0.37857321603217303,5.457689779615079,-0.7129729844357204,0.024086391019761892,0.5753657737955838,2,0.0003579639839838035,2.6645003020133204,0.9506453537960884,5.080525392007615,0.07262656956781194
TP,ECMWF,7,Jul,central_india,W1-2,0.7552622980674955,5.3313482968192005,1.3835600155199228,0.6245401812199474,1.235306067960812,2,0.4598454280711641,2.8071583492870062,1.129722048308829,6.047614956260597,0.6009310536539391
TP,ECMWF,7,Jul,central_india,W3-4,0.5445262977844976,7.040668513245182,-1.1537432716455578,0.36003494067641456,0.758606527410813,2,0.24902567955807475,3.8779278281863956,1.1149332620149146,7.528378907987667,0.31472559324670846
TP,ECMWF,7,Jul,central_india,W5-6,0.298251762820911,9.22539109181394,-0.3212494375339996,-0.14595069307895933,0.8762706221372617,2,-0.02368050037363175,5.1875550197384435,0.9052934902272263,8.203580406685042,0.0518784563580061
TP,ECMWF,7,Jul,south_peninsula,W1-2,0.8168519695142115,3.367736900778698,-0.5265483998219558,0.7083088359338607,0.8798125013617208,2,0.4877751702018811,1.646366707247348,0.8022011797724302,2.3246976596364846,0.5874384543794385
TP,ECMWF,7,Jul,south_peninsula,W3-4,0.6588152361767208,4.402708589510016,-1.413610873067522,0.49262018424400134,0.7954687933561,2,0.273154807068602,2.3521335846731706,1.7860385124428173,3.98053836971036,0.34567504764056023
TP,ECMWF,7,Jul,south_peninsula,W5-6,0.565737709615743,5.407084479368652,-1.5932636146323729,0.25645957483616866,0.825518603380261,2,0.08498537200323811,2.9744263397676156,1.089516879236219,4.140574333680976,0.08117946737640491
TP,ECMWF,7,Jul,east_northeast_india,W1-2,0.8062960234518188,4.403128574744837,-0.9060600425603973,0.64314281436397,0.9103912205025555,2,0.45556248087142925,2.6231681637867306,1.3010230014000372,5.540651805991947,0.5898708963176318
TP,ECMWF,7,Jul,east_northeast_india,W3-4,0.6484472534189636,9.075569600106832,-3.5991997769190798,0.014793755714378949,0.8342595995284973,2,-0.0002722954126228505,5.583257031001887,0.9191598005400081,7.190987558355845,0.14800138459178097
TP,ECMWF,7,Jul,east_northeast_india,W5-6,0.5983592430046585,7.9520318336119065,-3.4003918636741446,0.32886274139412597,0.8752171233917458,2,0.15428443743823783,5.0632838718245425,1.2050566544207513,7.063409380834782,0.3243471171261263
TP,ECMWF,8,Aug,All India,W1-2,0.6261114113228551,4.4355449723835045,-0.4919905026413572,0.33860003060871335,0.9038539998223557,3,0.2607205953822033,2.3988853820079363,1.070761360166411,4.4854563122122,0.3765964659381673
TP,ECMWF,8,Aug,All India,W3-4,0.3446830280562026,6.053273304995159,-1.5251552848061407,-0.05057286873970283,0.6975224139640468,3,0.03206467195098604,3.2487459683358133,0.9474792399092593,5.3132617519466745,0.09994832739803892
TP,ECMWF,8,Aug,All India,W5-6,0.4044765168953265,5.593921676502253,-1.7033156316293638,0.09975979675697957,0.5994006851697657,3,0.10230596424559937,2.9987333184171656,1.0079858900593874,5.161797091451957,0.18499141644344472
TP,ECMWF,8,Aug,northwest_india,W1-2,0.780105809916022,2.5761605641063166,-0.2441340218719317,0.452176342892532,1.0551271747188518,3,0.36123177736581974,1.482709933337942,1.5268602597817227,3.760541239498203,0.47896838358933275
TP,ECMWF,8,Aug,northwest_india,W3-4,0.422386526797756,3.66985086844808,-0.5722966892692287,0.17453906322543417,0.7740404847648843,3,0.09906473100896585,2.20797427967606,1.6517598148726116,4.681024933778363,0.13148440649863408
TP,ECMWF,8,Aug,northwest_india,W5-6,0.6058618745102493,3.2691529490401834,-0.8950201881565931,0.33941717151748024,0.7245750670116404,3,0.19089280661615382,2.044502967733078,1.6920266802802768,4.0463341743082495,0.24478355125563217
TP,ECMWF,8,Aug,central_india,W1-2,0.5988940354525427,5.529312987592582,-1.1846439874281214,0.06475233754252603,1.04146941333854,3,0.2101576162040365,3.2860581785208356,1.1541164376585418,5.871770945256439,0.37636235443004645
TP,ECMWF,8,Aug,central_india,W3-4,0.33036361492178995,7.340451982689484,-4.150573246042836,-0.27864720140633314,0.6923109291581755,3,0.01860201871258652,4.288246916049064,0.9881463049024095,6.403255249837448,0.1033513780732819
TP,ECMWF,8,Aug,central_india,W5-6,0.3094104938121769,7.101643636919569,-3.470777277749275,-0.15515629665673267,0.6791341567844719,3,0.03739175777513718,4.2367430431984,1.153425262193006,6.743424137606873,0.19036780363576816
TP,ECMWF,8,Aug,south_peninsula,W1-2,0.6242452538506081,3.9060787786519966,-1.9469868525780576,0.14697331819976975,1.0111115333975176,3,0.16066354445036615,2.316800401553304,0.9796572791499427,2.982025322431037,0.2400309651373438
TP,ECMWF,8,Aug,south_peninsula,W3-4,0.46232524165616506,5.28814256487533,-3.220916133804964,-0.11019267288449,0.8556453805974126,3,-0.01478722089168664,3.01035070703188,0.7433657217082554,3.303860827580313,0.021596058449924863
TP,ECMWF,8,Aug,south_peninsula,W5-6,0.54307020138474,4.942798890062918,-3.2346210591496196,-0.18998784419327755,0.7585936267033676,3,-0.0037050902477213576,2.783645426984431,0.7213668299579926,3.3154653154346994,0.009335009424659013
TP,ECMWF,8,Aug,east_northeast_india,W1-2,0.7228266302275599,4.380931489737336,2.360073214021893,0.4891038651604091,0.7759833758446217,3,0.3549438268321483,2.474751690911027,1.1746724834471902,4.771686073084493,0.456113225994407
TP,ECMWF,8,Aug,east_northeast_india,W3-4,0.7307475864502451,5.971364267783349,4.503366785265284,0.03168411217419155,0.9359762677761994,3,0.10499534831269426,3.4431653825783344,1.20636157626761,6.703837721596787,0.28349837583264664
TP,ECMWF,8,Aug,east_northeast_india,W5-6,0.8198313788793709,4.427110496039072,2.4757389375423573,0.4874474313370348,0.8360302698955436,3,0.33370675657935234,2.521507615406344,1.4454271170892492,6.281420546476112,0.39929297263695024
TP,ECMWF,9,Sep,All India,W1-2,0.3970784661299219,6.3626945296269,-0.2138734869726864,0.2891231881846229,0.6874703203100438,1,0.1454946675941115,3.142936509469529,0.6678761499495003,4.207388501598942,0.2706903062183784
TP,ECMWF,9,Sep,All India,W3-4,0.30731169007310466,6.201498932041263,-2.96849527973349,0.014196889316150142,0.529303510825496,3,-0.0071892009711673425,3.425537248972655,0.7151253892544587,4.253044198943091,0.10224124238474012
TP,ECMWF,9,Sep,All India,W5-6,0.22226096451866972,5.999787971038211,-2.647358361027565,0.09174787384413867,0.47927385372935516,3,0.0321228685100847,3.3169628299875797,0.798357288661033,4.317643573072917,0.11006806548385484
TP,ECMWF,9,Sep,northwest_india,W1-2,0.38263734696757085,4.839264249816248,3.0195946251262398,-0.611282903535233,1.0225362252929082,1,-0.25069148109097517,2.608266244114873,0.8413868616871345,3.7014982551251188,-0.2786685608545026
TP,ECMWF,9,Sep,northwest_india,W3-4,0.5169568811295145,3.5559457990615235,-0.4000122109211574,0.14192676476130736,0.506113520257496,3,0.12583334767992285,1.7817362412832054,1.0728884071436744,3.2359449517053767,0.10216946889223508
TP,ECMWF,9,Sep,northwest_india,W5-6,0.3860856733746444,3.533048486602735,-0.30529429549273557,0.17584406643250444,0.4936187176337727,3,0.09289397518880495,1.8710673355846403,1.175954672330622,3.7463685610364843,0.04512923503644638
TP,ECMWF,9,Sep,central_india,W1-2,0.1851275931077745,9.055460567050735,-3.015698617874868,0.38014328025929744,0.544009918872799,1,0.18880355627621975,5.008391968974374,0.647266545433774,5.816292570384392,0.6123783581160419
TP,ECMWF,9,Sep,central_india,W3-4,0.1282764855380623,8.46545708555028,-6.145098075036604,-0.0397093662662836,0.5098273333241072,3,-0.07622480687000868,5.480048703319971,0.6359218332160705,5.14202960834731,0.1658498001500503
TP,ECMWF,9,Sep,central_india,W5-6,0.23057671004655195,7.327923563460253,-5.091341537318046,0.15875715575173374,0.3916262902279003,3,0.057425614621718246,4.726040931477749,0.8198709867990942,4.848435280785563,0.20988553023240747
TP,ECMWF,9,Sep,south_peninsula,W1-2,0.8693584213043567,2.1014726270195476,0.3149183273464372,0.6691995321448103,1.1499811989348818,1,0.4590061573876816,1.2737985482122696,1.317701501424053,2.779677725404321,0.4083585835103725
TP,ECMWF,9,Sep,south_peninsula,W3-4,0.7111939142012248,3.7255354069138322,-1.2696465777333659,0.05953944743122175,0.7666227088560569,3,0.01349325283026464,2.3729983935782486,1.2301241401499214,3.9185844068773648,0.07977640039027531
TP,ECMWF,9,Sep,south_peninsula,W5-6,0.5947441853134966,3.975640451593815,-2.3391457657054966,-0.12997870870277045,0.8018496343064019,3,0.08166075801561624,2.5151973291113476,1.1255006743369937,3.5698427446154013,0.17558992632313175
TP,ECMWF,9,Sep,east_northeast_india,W1-2,0.6018201411784405,4.007402476783129,-1.5316148932761804,0.4240193659430493,1.1457423388136392,1,0.31091090090501555,2.373819068976772,0.9227917272422552,3.4123611097615587,0.5110079654638919
TP,ECMWF,9,Sep,east_northeast_india,W3-4,0.4862466828873743,5.828517957035113,-3.43341063532948,-0.31186686255721174,1.0112474858303853,3,0.08289011389127546,3.6307126249243793,1.0501013635959844,4.859253903684646,0.31358912869852124
TP,ECMWF,9,Sep,east_northeast_india,W5-6,0.583367547074977,6.161554320732186,-2.561391632882941,0.03340161476795194,0.9583337888972518,3,0.05482943757462407,4.2527410675848465,1.670130872050946,5.283003082046444,0.29341247959877836
TP,ECMWF,10,Oct,All India,W5-6,0.47238271840923246,2.9522006600535304,-1.2957215287927366,0.007090640327195294,0.6376496609143955,1,0.2971471271917609,1.6388265438636613,0.9407023198173017,2.5334609538145054,0.2748166657854587
TP,ECMWF,10,Oct,northwest_india,W5-6,0.26734706465817465,1.9949770653422823,-1.2587601876619636,-0.07633021422029232,0.5504008262940434,1,0.25804001925728326,1.2355613753770882,0.6431967726703878,0.8819813907769428,0.3241284489243611
TP,ECMWF,10,Oct,central_india,W5-6,0.37240936525624024,2.97291368984436,-1.4039648109784855,-0.04373592752588722,0.2959773548632799,1,0.4037879392827859,1.7003857639013065,1.023158370334686,2.8306180535782124,0.485993189774426
TP,ECMWF,10,Oct,south_peninsula,W5-6,0.6746541515935891,2.2217209316654856,0.23601073325433214,0.3008483993293264,0.7406606944097718,1,0.27426705241643495,1.4098759640364027,1.7248541386982823,3.885795579821451,0.36110792044491424
TP,ECMWF,10,Oct,east_northeast_india,W5-6,0.6541537310105809,4.599044722340949,-3.0351804301822525,-0.40839659912411425,0.8366325562658398,1,0.1746852807108627,2.6638442814858685,0.8788555687098177,3.7786199698122447,0.3408575182125229
TP,FuXi,6,Jun,All India,W1-2,0.8020428028606612,2.5021942919833213,-1.3853619898519218,0.455703644199161,0.9842042506915908,1,0.3311646065994549,1.6628320893297823,0.1551502654954409,0.388216108722389,0.36307783996430276
TP,FuXi,6,Jun,northwest_india,W1-2,0.8287789838852757,1.6543743166684195,-1.0710823714504034,0.5071057138407931,1.070748373231217,1,0.3863545397929561,1.0544552589212923,0.158391168044569,0.2620382804000467,0.3328896707775059
TP,FuXi,6,Jun,central_india,W1-2,0.5670055618645793,3.0878714810617827,-1.632387774148773,-0.2471764647568042,1.1432729909894024,1,0.2855148241196724,2.036213309601737,0.1450939163926455,0.4480313665044128,0.5422340230558615
TP,FuXi,6,Jun,south_peninsula,W1-2,0.8647967327992222,2.8991867308006425,-2.1952743970481534,0.5260486822468609,0.8204438863128938,1,0.0179956996828603,2.397119637288409,0.1083096862354517,0.3140100051510027,0.40124178398658583
TP,FuXi,6,Jun,east_northeast_india,W1-2,0.9262701345897734,1.9514083067548904,-0.4994450876307114,0.8510136269624891,1.064980496385911,1,0.6385500666800513,1.2246279761860577,0.3174424753559769,0.619459883326488,0.5854781277144232
TP,FuXi,7,Jul,All India,W1-2,0.7921411718094615,4.110853753058542,0.6379601947997113,0.6173861635516544,0.8417910097938147,1,0.4044803082636374,2.0822928121248734,0.4960891637027113,2.039350000458964,0.4583930960052849
TP,FuXi,7,Jul,All India,W3-4,0.38389097330466865,7.25586322209893,-0.9729804992003537,0.1794594353744033,0.5539654072780693,1,0.051893124986017,3.834467309010413,0.5732183897976371,4.028244146579759,0.05784836868727069
TP,FuXi,7,Jul,All India,W5-6,0.392006276847612,6.605131554607371,-2.0738513371568867,0.0603198726661193,0.609938221485782,1,0.0385317049972606,3.5803841326524477,0.691840287589633,4.260478391411262,0.13247210454657415
TP,FuXi,7,Jul,northwest_india,W1-2,0.8738035865453923,1.9407801492430852,0.9944464771597038,0.7660586503669132,0.7095854300726064,1,0.5689639211137321,0.9603929831966002,0.8310625065473403,1.6129096154872795,0.5649946906037135
TP,FuXi,7,Jul,northwest_india,W3-4,0.3779377628165993,5.881818192954261,-0.5761408571848339,0.2303912537040991,0.44637456686396704,1,0.07875253699206675,2.833987114052801,0.7010251289973357,3.818961509675753,0.10926070773973855
TP,FuXi,7,Jul,northwest_india,W5-6,0.4442677633257186,4.407221877886842,-1.6884646829417438,0.17296769415534652,0.5431495109235894,1,0.12026365645012069,2.2360304253311023,0.7967091237174488,3.2415763535634907,0.14371668146396988
TP,FuXi,7,Jul,central_india,W1-2,0.6324004837720955,4.945380650116671,-1.247697485366468,0.662185863015357,0.9340139030349908,1,0.4301117365927613,2.790256327376544,0.5771817433963072,2.854383425392704,0.6638061980350591
TP,FuXi,7,Jul,central_india,W3-4,0.5810076471655655,5.959821630574268,2.320292851601239,0.31036780775120126,0.9846432201829123,1,0.19367665158499475,3.643468408814024,0.9087122396147759,5.137676622653882,0.24577611387834045
TP,FuXi,7,Jul,central_india,W5-6,0.5198818027930356,8.522460297285894,-2.3177024155011607,-0.0918459302958489,0.761404940016481,1,0.0038678205954224484,5.13980220834629,0.744797214254209,5.4518667850039595,0.23756813759798914
TP,FuXi,7,Jul,south_peninsula,W1-2,0.5674341344180415,5.106549146612351,2.2422463779007207,0.0301637214810058,0.9035094217860022,1,0.0232336396251963,2.369266890675018,0.2050563583222731,1.0471303715980402,0.23622869990736362
TP,FuXi,7,Jul,south_peninsula,W3-4,0.7939039778399808,2.650212927707255,-1.0117797340757113,0.5583717148329381,0.8551262752952287,1,0.2588913164614127,1.6166794952319274,0.7072828632803225,1.9133137799445203,0.03052406544365563
TP,FuXi,7,Jul,south_peninsula,W5-6,0.44410120702637385,6.468132152965101,-2.61908299748855,0.2151132513867256,0.6007312181053764,1,-0.010424697740214442,3.6570363260340955,0.5553462484262288,3.3116750388714125,0.04674400243466148
TP,FuXi,7,Jul,east_northeast_india,W1-2,0.8169954982161309,4.109869239154556,2.1720011995065227,0.7295830777469972,1.0657581579372204,1,0.4189152274759874,2.557753801545636,0.5700883484434881,2.3429885668683155,0.4094347516752075
TP,FuXi,7,Jul,east_northeast_india,W3-4,0.3198984435372138,12.947566943907253,-9.317095699522035,-0.0816949800901984,0.6038267028504398,1,-0.22185330612129928,9.215920454069684,0.415224853201708,4.581931359604683,0.17789349820767064
TP,FuXi,7,Jul,east_northeast_india,W5-6,0.7074774400074253,4.527120272180822,-1.6798643326321763,0.18723713116105786,0.9223590140404506,1,0.14896806273575003,2.857730677403733,1.3596647148464214,4.944074757279479,0.32471622329908834
TP,Persistence,6,Jun,All India,W1-2,0.5534409023341377,4.651245331998142,-2.6979905440595506,-0.3887948534425726,1.1413894055211444,3,,,,,
TP,Persistence,6,Jun,All India,W3-4,0.4653359032646328,7.370170622069626,-5.368202321858533,-1.6100583799136998,1.173900006319347,1,,,,,
TP,Persistence,6,Jun,northwest_india,W1-2,0.6441502389487367,2.4010154090161437,-0.8229873129723388,-0.2742373050408077,1.2526959972160376,3,,,,,
TP,Persistence,6,Jun,northwest_india,W3-4,0.6829869664797765,2.7914262466909503,-1.9810557343877842,-0.8150633292378786,1.2572082274901408,1,,,,,
TP,Persistence,6,Jun,central_india,W1-2,0.47632398466967796,5.4280231152162095,-4.159879409066063,-1.45434405308925,1.1821525721130495,3,,,,,
TP,Persistence,6,Jun,central_india,W3-4,0.3671414974144982,9.9427892275624,-8.863663110258074,-4.370172281726401,1.1622785147570727,1,,,,,
TP,Persistence,6,Jun,south_peninsula,W1-2,0.7253222232192815,4.560339324418864,-3.055217764572605,-0.4387863374700192,1.093330771687466,3,,,,,
TP,Persistence,6,Jun,south_peninsula,W3-4,0.500195851673291,6.239826023895008,-3.9122261348200538,-1.1429195412587922,1.2240558365640783,1,,,,,
TP,Persistence,6,Jun,east_northeast_india,W1-2,0.7070245349074311,5.310187710570382,-3.008068998042842,0.18426144075691547,1.1830510827603953,3,,,,,
TP,Persistence,6,Jun,east_northeast_india,W3-4,0.7574457348754786,7.950988243815269,-6.5903172651076485,-0.8763889922298569,1.27145247182513,1,,,,,
TP,Persistence,7,Jul,All India,W1-2,0.10806478678098985,10.699250243484043,-2.647021268199693,-1.2117867850173627,1.1169547212638826,3,,,,,
TP,Persistence,7,Jul,All India,W3-4,0.27079598613346234,9.494212921695643,-5.270780178538549,-0.5203036616453213,0.7458863725320537,3,,,,,
TP,Persistence,7,Jul,All India,W5-6,0.21781552498346204,10.935969849630597,-7.772273475344005,-1.2542089323880157,0.7641125932752586,3,,,,,
TP,Persistence,7,Jul,northwest_india,W1-2,0.1263786801076598,7.5068493930991025,-2.6114904046895253,-1.0793268450922575,1.2050037271156977,3,,,,,
TP,Persistence,7,Jul,northwest_india,W3-4,0.0030746316342121958,8.814233525853268,-5.355685485946864,-1.2389103241516344,0.8717121308232167,3,,,,,
TP,Persistence,7,Jul,northwest_india,W5-6,0.16617506683889535,8.588732611352302,-6.202537632238756,-1.6989945886522015,0.9822625379757562,3,,,,,
TP,Persistence,7,Jul,central_india,W1-2,0.2904720718356524,10.904633859316395,-5.458877198361547,-0.6266740325918777,0.9629953108194396,3,,,,,
TP,Persistence,7,Jul,central_india,W3-4,0.5366615973994137,8.024758111518123,-4.3457363475772235,-0.43419509259042427,1.050903916223543,3,,,,,
TP,Persistence,7,Jul,central_india,W5-6,0.4124239783783518,11.525791459550964,-9.771424151026851,-0.9135232237091336,0.854709593398895,3,,,,,
TP,Persistence,7,Jul,south_peninsula,W1-2,0.47906412572578916,6.170221561137661,-1.9509628537600658,-0.08584827858892075,0.9665175956756105,3,,,,,
TP,Persistence,7,Jul,south_peninsula,W3-4,0.6233499414990905,5.224582606247295,-3.329805191417892,0.0008355501696927781,0.9346648738235698,3,,,,,
TP,Persistence,7,Jul,south_peninsula,W5-6,0.37380077743124057,8.240022164287378,-5.6315173767950535,-0.5980718046201527,0.8586219523841577,3,,,,,
TP,Persistence,7,Jul,east_northeast_india,W1-2,0.44964384070165025,15.236318441300437,2.834733442049102,-5.4489007041103665,1.6321861361303367,3,,,,,
TP,Persistence,7,Jul,east_northeast_india,W3-4,0.5268322519105978,13.243170260252292,-9.614549773976194,-0.7018786691165365,0.8139640946955539,3,,,,,
TP,Persistence,7,Jul,east_northeast_india,W5-6,0.4660857257521051,11.47930107409099,-9.2963632097482,-1.2079412218156016,0.9506453463590049,3,,,,,
TP,Persistence,8,Aug,All India,W1-2,0.2614596121561596,7.828574088641351,2.7311605430917623,-1.4437591382025843,1.2289861565178184,3,,,,,
TP,Persistence,8,Aug,All India,W3-4,0.07604015285599164,10.677844496940166,1.526681521577475,-2.3046492279573956,1.3922011345497767,3,,,,,
TP,Persistence,8,Aug,All India,W5-6,0.08570973450019917,10.30773484421454,-0.7534702663721206,-3.23241760675847,1.472438044638243,3,,,,,
TP,Persistence,8,Aug,northwest_india,W1-2,0.20588655883700327,6.72653341788465,2.9989037836926222,-3.248648542903613,1.335847684745243,3,,,,,
TP,Persistence,8,Aug,northwest_india,W3-4,0.2545431776266492,6.249115156759066,1.118152295143844,-3.1277505678982402,1.6266146496553682,3,,,,,
TP,Persistence,8,Aug,northwest_india,W5-6,0.21972852918893476,7.645641170305021,-1.7845803733123708,-3.305836713986765,1.4926436933406428,3,,,,,
TP,Persistence,8,Aug,central_india,W1-2,0.02908806934805382,9.462216078706023,2.7197005258311933,-2.888305541433338,1.305962354648658,3,,,,,
TP,Persistence,8,Aug,central_india,W3-4,0.15117820538173846,12.474596448905604,-1.455499685897808,-3.8515654764910137,1.165439528747777,3,,,,,
TP,Persistence,8,Aug,central_india,W5-6,0.08022101175288014,9.62180949143545,-4.475891122739669,-2.2764110116647283,1.060878412684676,3,,,,,
TP,Persistence,8,Aug,south_peninsula,W1-2,0.36840091537809116,5.87969715976325,1.1627357763786705,-1.694978818660528,1.5391459792763078,3,,,,,
TP,Persistence,8,Aug,south_peninsula,W3-4,0.09224149648542428,7.534526678614959,-0.30988789391540655,-2.3919716341406514,1.4715248542782342,3,,,,,
TP,Persistence,8,Aug,south_peninsula,W5-6,0.4401636712592204,5.311254253364395,-1.8553884452015903,-0.3552002096082362,1.1611063761697296,3,,,,,
TP,Persistence,8,Aug,east_northeast_india,W1-2,0.8632149943631783,5.64783266120883,4.12430498389505,0.08221405982670445,1.1701227457224375,3,,,,,
TP,Persistence,8,Aug,east_northeast_india,W3-4,0.373976957621742,14.682921679946892,11.519137422831275,-7.501926644364028,1.8383147046645099,3,,,,,
TP,Persistence,8,Aug,east_northeast_india,W5-6,0.02519106154933255,16.389530288623142,11.376150890299689,-6.922980411644426,1.7464417219761348,3,,,,,
TP,Persistence,9,Sep,All India,W1-2,0.3353958450160285,7.29328180402894,-2.9728177521675123,0.06608473897769086,0.6269855880256605,1,,,,,
TP,Persistence,9,Sep,All India,W3-4,0.3077884790535422,6.649281388593965,0.5018659506884919,-0.19183953570480253,1.0591491220926614,3,,,,,
TP,Persistence,9,Sep,All India,W5-6,0.1417779795124187,8.53817413246776,3.3227974057434,-1.4910168639064072,1.3573980648427801,3,,,,,
TP,Persistence,9,Sep,northwest_india,W1-2,0.7276762213870911,2.8226809137550304,0.6808573559080744,0.36053987612324706,0.9404536278025619,1,,,,,
TP,Persistence,9,Sep,northwest_india,W3-4,0.41913210338524876,6.123215048740373,3.8704483085877426,-2.7725767425379972,1.1592580857749577,3,,,,,
TP,Persistence,9,Sep,northwest_india,W5-6,0.30686539149367276,7.4672935621744045,5.344775461465646,-4.496026976161485,1.3605450938758654,3,,,,,
TP,Persistence,9,Sep,central_india,W1-2,0.10813122851211693,10.073842822037014,-6.0691862476910705,0.19800414076119036,0.5029872209520854,1,,,,,
TP,Persistence,9,Sep,central_india,W3-4,0.3857465059011889,6.309956600106503,-1.1682214279665395,0.33982559537856055,1.1054555124419392,3,,,,,
TP,Persistence,9,Sep,central_india,W5-6,0.038784088584738974,9.454492802765763,3.5638928855727827,-1.5640351550968083,1.3975414292516253,3,,,,,
TP,Persistence,9,Sep,south_peninsula,W1-2,0.1780308018084504,5.004949761927371,-2.0631944650886536,-0.37107317793407635,1.0081191189124952,1,,,,,
TP,Persistence,9,Sep,south_peninsula,W3-4,0.04409991360302105,6.091842155391251,-0.11487107048862359,-1.6080961660745725,1.399810161955315,3,,,,,
TP,Persistence,9,Sep,south_peninsula,W5-6,-0.11387719826554103,7.387908372633694,1.5246065803291466,-5.298328496162244,2.071691052174684,3,,,,,
TP,Persistence,9,Sep,east_northeast_india,W1-2,0.4691467502997497,6.743758478822623,-5.009174930161053,-0.727345309556407,1.4676992166344256,1,,,,,
TP,Persistence,9,Sep,east_northeast_india,W3-4,0.29897849134560317,7.390616267296673,-2.271688418659848,-1.6346638641183915,1.5263727257677016,3,,,,,
TP,Persistence,9,Sep,east_northeast_india,W5-6,0.3709065372340909,7.763091452909327,0.5932510098918738,-2.806766621838241,1.514065539461437,3,,,,,
TP,Persistence,10,Oct,All India,W5-6,0.14317347424547236,5.669618682096783,2.5376500932885624,-3.6931932192828216,1.7343859693256505,1,,,,,
TP,Persistence,10,Oct,northwest_india,W5-6,0.08549401652628402,4.508604817037714,3.4169988718512156,-19.009021350641923,2.5443297651277086,1,,,,,
TP,Persistence,10,Oct,central_india,W5-6,-0.09531607070485167,7.537414109928047,5.329171867831901,-6.135091913375463,1.6490649051202761,1,,,,,
TP,Persistence,10,Oct,south_peninsula,W5-6,0.09696368702755745,4.0703926578816745,-1.306933174400654,-1.3511433661755339,1.1745740851870463,1,,,,,
TP,Persistence,10,Oct,east_northeast_india,W5-6,0.6323654365465877,4.228968720749908,-0.9778412589636777,-0.43096785689417083,1.289556964011106,1,,,,,
Z500,ECMWF,6,Jun,All India,W1-2,0.8858588161673495,5.950499257584763,-0.6356511345348305,0.7664139030529946,0.9647680976473191,2,0.6112243593092725,3.6381827293514224,1.438404204086261,7.71670739678887,0.6444090266671039
Z500,ECMWF,6,Jun,All India,W3-4,-0.020705228871087195,9.945082704326168,-1.472723461699803,0.01789236235610514,0.3712072077956184,1,0.24864968640260546,5.7276732594652415,1.175486784717318,11.486859973935815,0.4701456407608405
Z500,ECMWF,6,Jun,northwest_india,W1-2,0.9658263554924283,4.952845799806916,0.7383903254917247,0.7870678683561667,0.8438134970211584,2,0.5660690309585471,3.3254262831661916,2.400805763757731,7.415302461068522,0.56909649990808
Z500,ECMWF,6,Jun,northwest_india,W3-4,-0.5345384354855299,10.740484947247346,5.043930175099474,-1.796498155153563,0.3982213007120755,1,-0.08780534259989398,6.580294395551332,1.3447809129538635,13.04055474999179,0.15087973088474135
Z500,ECMWF,6,Jun,central_india,W1-2,0.5397807695944111,6.034416354593005,-0.49718541673841177,0.48686457156305163,0.7691275504526431,2,0.5507972577493757,3.78157275573614,1.6107375904931578,8.521400248849895,0.6173103492900989
Z500,ECMWF,6,Jun,central_india,W3-4,0.0673919060977573,6.747246323872734,-2.8208852025527493,0.526877597815596,0.6275622986189922,1,0.3791754990569639,4.4679434239345515,2.1173368854100003,12.30429123130568,0.3973781334596581
Z500,ECMWF,6,Jun,south_peninsula,W1-2,0.36838748598387155,6.8918848607134535,-4.931766348258042,0.7429422995740499,1.1638831462915862,2,0.5506937207967361,4.211635531349291,0.9851311250169957,6.569907839543073,0.7576757825228557
Z500,ECMWF,6,Jun,south_peninsula,W3-4,0.26104530129978554,5.416903866751775,-3.270940812370253,0.7454458650375061,0.5485426090565355,1,0.4686866566524711,3.4493944536772814,1.7028677241310795,8.828650964936525,0.6574673695616327
Z500,ECMWF,6,Jun,east_northeast_india,W1-2,0.5273471350113142,5.278685366469912,1.3929173249327818,0.7779169837081469,1.875636453366162,2,0.6407660382327263,3.2800126478324927,1.6966168014136234,7.963240570868964,0.6983039479730986
Z500,ECMWF,6,Jun,east_northeast_india,W3-4,-0.26130606110153487,12.868992263517082,-10.38750397931503,0.6491999352193523,1.557695853842265,1,0.41447566522870743,9.579199334893053,1.6491671851737353,9.533293060979986,0.6010807928365574
Z500,ECMWF,7,Jul,All India,W1-2,0.8438124711910346,9.012465240272224,-6.1870190603901225,0.49327503792836597,0.8481373216756266,2,0.28543399173780193,6.006662050047897,0.6308631676042386,5.5763331244439485,0.38299590579423415
Z500,ECMWF,7,Jul,All India,W3-4,0.2585297441471639,10.747073046040788,-1.7245590212752906,0.2748334968982935,0.5987443081567362,2,0.22019267917504218,6.758888439538272,1.0507774358915778,9.733142103074945,0.26873106800136876
Z500,ECMWF,7,Jul,All India,W5-6,0.13451632132795932,12.870210775751834,-3.6494084562609386,0.04202506145145707,0.4353299350564507,2,0.04744601615846539,8.469478404202505,1.4665023949536073,12.442946451688336,0.11421228125864234
Z500,ECMWF,7,Jul,northwest_india,W1-2,0.8239556454233682,8.53566373679499,-4.0365749340427834,0.5004607967135691,0.8871182694103539,2,0.31349190914318326,5.672711556140607,0.7682525074333639,5.977390908608854,0.43364257991823824
Z500,ECMWF,7,Jul,northwest_india,W3-4,0.3679642381703784,9.785113002585225,3.0409000416492993,0.022425330385645564,0.7546237366025244,2,0.22638676528028337,5.968952539748884,1.413143768444872,10.340205029014136,0.3040190609108018
Z500,ECMWF,7,Jul,northwest_india,W5-6,0.42452658567874535,13.120289115285773,1.0179957798885686,-0.7477227980562946,0.7839659403023898,2,-0.05419503816473026,8.271341530239729,1.4699678402209158,13.921700359377414,-0.021409703745802006
Z500,ECMWF,7,Jul,central_india,W1-2,0.5586702150784855,9.174816964479056,-8.431881102429557,-0.39736717330110255,1.0179450656406024,2,0.20013056185856837,6.097843406946543,0.6074925669312847,5.598397653237209,0.4836068528910659
Z500,ECMWF,7,Jul,central_india,W3-4,0.1769411982911655,10.539088217933164,-4.937470182494851,-0.27398838586609275,0.7691184164242639,2,0.22082049755862204,6.576003479316198,1.1466577418936654,10.421220949517942,0.37572177446055555
Z500,ECMWF,7,Jul,central_india,W5-6,0.004060087032519588,13.061228177532303,-7.523196945223236,-0.07340020010067189,0.24574687009424367,2,-0.01993058904265775,9.325883774874054,2.0037625811546254,12.661761042238043,0.11538228596226419
Z500,ECMWF,7,Jul,south_peninsula,W1-2,0.9566591630503265,11.129744712246929,-10.99629478208725,0.15460319858760793,0.770191431167005,2,-0.01838912486091636,8.358055273879941,0.4377194662924495,4.80994891427159,0.25532925142507285
Z500,ECMWF,7,Jul,south_peninsula,W3-4,0.4442740075867895,12.182864000238995,-8.065907573587328,0.12097877297497522,0.32451594397622585,2,0.04209565239050213,8.615208404772485,0.7732072952659199,7.827473627386674,0.27240279073877294
Z500,ECMWF,7,Jul,south_peninsula,W5-6,0.03143120392568674,10.39157465575787,-6.664544369846837,0.2743304479460749,0.209686048270233,2,0.1912665988273575,7.164223426577725,1.2764852703410172,9.139431863418015,0.3678286633171359
Z500,ECMWF,7,Jul,east_northeast_india,W1-2,0.9708949849735701,5.179632167224468,0.23063606965198102,0.7257002401064399,0.7034371580306218,2,0.5128869503011853,3.6016235505972496,1.5384427220117145,5.6036350221632345,0.5716205418571476
Z500,ECMWF,7,Jul,east_northeast_india,W3-4,0.5095023880055196,10.00174670598001,3.1002069322529686,-0.7403427913393779,0.39987014284628863,2,-0.045034545298864664,6.592135007452021,1.6544184156289659,9.206276285398193,-0.17718778832178084
Z500,ECMWF,7,Jul,east_northeast_india,W5-6,-0.00042195650616017044,13.3567576844171,-1.239398948776304,-0.6936761776216447,0.46935976497262455,2,-0.11275501825455686,8.569470656573056,1.2526110718043877,12.824009804993816,-0.17366115219142841
Z500,ECMWF,8,Aug,All India,W1-2,0.7964749019709162,6.535664855051451,0.37772104873502216,0.3445946617893502,0.9367387475739481,3,0.3860687546469172,4.0257802969693435,1.145608131215683,6.469155259406928,0.4405821554093246
Z500,ECMWF,8,Aug,All India,W3-4,0.6519447525122526,9.614598998328653,2.3844094425330544,-0.0244281737104437,0.693679726385158,3,0.18061344183276923,5.692979027742369,1.1376435212191425,10.152197699446988,0.3240290051955475
Z500,ECMWF,8,Aug,All India,W5-6,0.23564424286034838,9.554093249197665,0.5297513166256257,0.19395211739880364,0.39038419023631477,3,0.16768125601737652,5.917184442970494,1.3117006109447136,10.329929657266376,0.33122351766680697
Z500,ECMWF,8,Aug,northwest_india,W1-2,0.8110524127140403,5.115562806653515,-1.7381429933411006,0.09583378534817023,0.8607765042283785,3,0.508147950071313,3.2758646217101823,1.5614720058336047,6.6971796289333305,0.49740170022410624
Z500,ECMWF,8,Aug,northwest_india,W3-4,0.5290710208503764,7.523480617701526,0.16637560936414425,-0.06821045509662182,0.7705219180602849,3,0.34811625310234834,4.550337122996962,1.5244419501898476,10.744993825527926,0.43567449763547306
Z500,ECMWF,8,Aug,northwest_india,W5-6,0.325028592489453,8.628543669945012,-1.3071966574414344,0.1343393388716428,0.6328353779775766,3,0.3087230010044075,5.332937065768187,1.50390662779758,10.993562441293003,0.41069796527711294
Z500,ECMWF,8,Aug,central_india,W1-2,0.3168194102188096,7.86827918269297,2.1012094834729234,-5.412233467451316,1.2306066838327039,3,-0.008487685464416306,5.210767621822735,1.202741207601132,6.811251754689175,-0.13834155121522732
Z500,ECMWF,8,Aug,central_india,W3-4,0.13963353147682325,11.352714584862296,5.374630822481171,-4.540703264044199,1.0359577849954162,3,-0.1685635251993411,7.063361111215241,1.044268763637441,10.743373467501552,-0.13598351823255367
Z500,ECMWF,8,Aug,central_india,W5-6,-0.046891361196041446,10.275415178813457,2.9381898156766453,-1.2494091527207611,0.4011746439563438,3,-0.02589838816165891,6.963447384373417,1.511594358502835,10.697810914498351,0.06454778491574067
Z500,ECMWF,8,Aug,south_peninsula,W1-2,0.13643103718996874,4.756631318433769,0.8383557361560644,-0.27297148962866125,0.8298669977638932,3,0.28314390686084,3.171644504507958,1.6248963566270656,5.19993552782472,0.5508355694906399
Z500,ECMWF,8,Aug,south_peninsula,W3-4,0.20100670227278314,8.097533890394201,3.407601792648007,-1.0402856950234338,0.4140153314886058,3,0.017618555306227652,4.617174222910106,1.1256868615515236,8.884875089567112,0.32823920179286564
Z500,ECMWF,8,Aug,south_peninsula,W5-6,0.3480339121668304,8.91921239280625,1.9537074200917715,-2.1787401752837225,0.24422401124133888,3,-0.1443344595930189,5.534472069454984,1.276199728855944,8.780101582764976,0.18068157862662884
Z500,ECMWF,8,Aug,east_northeast_india,W1-2,0.7907438058721786,6.489770505894654,0.4873955263783814,-1.8237038105770667,1.2173302276649405,3,0.41700983513196954,4.018698075960902,1.118927351670228,6.768788994212225,0.5440887416927088
Z500,ECMWF,8,Aug,east_northeast_india,W3-4,0.4268737272709881,9.781359725512953,-0.8774923579761256,-1.3483568944756936,0.9942494661248975,3,0.22257234757748848,6.395851303207377,1.1782086755347563,9.08357541579652,0.40186377986852617
Z500,ECMWF,8,Aug,east_northeast_india,W5-6,0.5734792616521877,8.383205431061452,-2.7337368024294464,-1.658239367220801,0.810762923180873,3,0.2823451016091541,5.278629637099269,1.3252243472892693,9.968402684951602,0.46256160770054555
Z500,ECMWF,9,Sep,All India,W1-2,0.45915508119494997,9.669076090605357,-6.041483837966367,0.5486839661794384,0.9510674877670136,1,0.35759158240559596,5.5581206363556195,0.6644009450525235,6.293420602856429,0.4642257113686925
Z500,ECMWF,9,Sep,All India,W3-4,0.35557998195314316,12.63004562298244,-6.520426020003801,0.36879163992669034,0.6850829966494622,3,0.29449610405601817,7.284028323686042,0.9121919125574491,10.924420249415139,0.4487391419916261
Z500,ECMWF,9,Sep,All India,W5-6,0.25613586828414675,15.551200312948094,-9.641337268474384,0.3487302905921137,0.6657704516298066,3,0.2811435013404239,9.062070986532321,0.7284253696595715,10.992544661306221,0.5547878108747707
Z500,ECMWF,9,Sep,northwest_india,W1-2,0.318696364648451,14.302976219414493,-12.345165868423432,0.4209078534208517,0.9618294306521225,1,0.20825317810479763,9.497698429080726,0.5801099046652161,7.442253265689265,0.45156781390881723
Z500,ECMWF,9,Sep,northwest_india,W3-4,-0.1062903733057432,15.420817130579787,-10.331950747776201,0.5582388356846393,0.46388602285108493,3,0.3915286646997528,9.266719797957697,0.9689754812713366,13.00497658939255,0.6747526590850221
Z500,ECMWF,9,Sep,northwest_india,W5-6,0.10973229334844578,19.453746224872766,-14.064549376769719,0.4811744263410988,0.423638774433413,3,0.3437612415438709,11.58081553144608,0.7484871265627852,13.452523778836897,0.6862420327526215
Z500,ECMWF,9,Sep,central_india,W1-2,0.4457366282529009,6.4668738424121575,-4.3807796276057855,0.6107054818717951,0.6581655998757825,1,0.39534260586670567,3.8368251707625305,0.9483851296393737,6.237215015725501,0.5124193202239256
Z500,ECMWF,9,Sep,central_india,W3-4,0.47275070018625154,10.887298341269023,-5.005660745565281,0.167542309636431,0.6760631473961342,3,0.2637852173106935,6.615712581906886,1.066966298007435,10.865766330546787,0.43321971229185907
Z500,ECMWF,9,Sep,central_india,W5-6,0.5158804355355269,14.325102276084667,-9.052831515393336,-0.1324587647003585,0.6442180494885463,3,0.10028863518270345,9.230993172288711,0.7588744411794293,10.310290708815193,0.3397679521541349
Z500,ECMWF,9,Sep,south_peninsula,W1-2,0.8096748891639342,5.848510458370086,-5.237466672063397,0.8000784107261169,0.6983876388628736,1,0.5320681261912379,3.699429112002065,0.7385443934550862,4.490479577658767,0.6461901414920436
Z500,ECMWF,9,Sep,south_peninsula,W3-4,0.041417009588037734,8.657872273176181,-7.04635374749712,0.23935730527154017,0.378333871566502,3,0.21924836835625988,5.398981867389295,1.1723566879475231,8.704466762151295,0.29915099852332755
Z500,ECMWF,9,Sep,south_peninsula,W5-6,0.06878874835186702,9.580498108650643,-7.249419399630369,0.528585096759189,0.487801471808975,3,0.3468529458480405,6.5462148660520825,1.4535133980439015,8.98683437357899,0.6199766467693444
Z500,ECMWF,9,Sep,east_northeast_india,W1-2,0.8277697967865401,5.171166987085753,2.9311096898502056,0.5516561522341824,2.0597871718114744,1,0.5158110745004223,3.199939487383692,1.1040302032716762,6.156230584628235,0.20964432795524202
Z500,ECMWF,9,Sep,east_northeast_india,W3-4,0.1351035447149761,11.015712511540375,-1.0025624447343395,-4.955120546313763,1.7447646257674179,3,0.001162955899003637,6.826519271438217,0.9309968317898735,9.27674576026823,-0.17991135745363987
Z500,ECMWF,9,Sep,east_northeast_india,W5-6,-0.11973123046665661,10.361558833667024,-4.30177758952416,-2.572033079571868,1.863654043989785,3,0.33354107741021943,6.305508478480664,1.0746143768608545,9.674580649965463,0.41978780864959964
Z500,ECMWF,10,Oct,All India,W5-6,0.130672189260755,12.163513357341035,8.846697155051345,-1.0650990170901082,1.1940662061860787,1,-0.11206093636301151,6.9778529935960245,1.0048190703605973,11.728354526151355,0.564439574278018
Z500,ECMWF,10,Oct,northwest_india,W5-6,0.73477348518898,15.338088059030966,14.954290328727211,-6.506741128339284,0.7418244869941221,1,-0.8131258339570283,9.414497473793737,1.0003425423403272,14.930187165506549,-0.3549083836069583
Z500,ECMWF,10,Oct,central_india,W5-6,0.34767020170471596,8.701474983929224,5.818433762473672,-0.6041510138018091,0.7566431614228946,1,0.09981921514246905,5.348327439133414,1.3183124253615572,10.10164467726303,0.42874129861007565
Z500,ECMWF,10,Oct,south_peninsula,W5-6,0.6919562378104139,4.171651495308268,-1.9584460983175411,0.9269362031795008,0.8809344929284013,1,0.6721109062014907,2.914718623995519,2.4749191663320222,8.033044850915916,0.9562270018134661
Z500,ECMWF,10,Oct,east_northeast_india,W5-6,0.2579201168708166,16.314329267685018,15.87284811068865,-1.8008907300693073,1.441114767148903,1,-0.6633731463180124,10.435771880751762,0.8615928739568424,13.050846370294899,0.9906819668299038
Z500,FuXi,6,Jun,All India,W1-2,0.9711501312845198,2.5193358862315094,-1.2446887408800995,0.985451832836989,0.930335891131598,1,0.8773169118526748,1.5806713607761185,0.4493258800302493,1.1320028141727612,0.9946465940036644
Z500,FuXi,6,Jun,northwest_india,W1-2,0.9901989043102244,1.3208275477094031,0.3900579632700521,0.993377618329438,0.985840743657318,1,0.9260988842234416,0.7448462899600715,1.0501124618889288,1.3870174678558378,0.9838319029772911
Z500,FuXi,6,Jun,central_india,W1-2,0.9287647599282668,2.2452196526726533,-1.0707924344309576,0.989735018587968,1.1206421814008196,1,0.8974127528693439,1.419417719846349,0.4515327750775716,1.0137902604299849,0.9994515984257496
Z500,FuXi,6,Jun,south_peninsula,W1-2,0.9660711469256203,2.419976861809773,-1.944708661599523,0.9647007658180188,1.3521979215056634,1,0.790838929261943,1.5813821849383576,0.4138185413297646,1.001431295005902,0.9960752183372537
Z500,FuXi,6,Jun,east_northeast_india,W1-2,0.932051716252335,4.471540356306519,-4.341470483058298,0.9804928183642068,0.8483868171210603,1,0.8391398460285924,3.773829795308513,0.2253438137889268,1.007633957401208,1.0
Z500,FuXi,7,Jul,All India,W1-2,0.6927210291295862,5.152120236765368,0.3570723607204953,0.3128511936136045,1.2650637099301236,1,0.4135836631166534,2.919781216862869,0.8083804736734934,4.164873397419179,0.3872372237404571
Z500,FuXi,7,Jul,All India,W3-4,0.17265876841136646,11.54763927330255,-1.5167644768112796,0.39459232830947544,0.4275821665331618,1,0.243360848894983,7.1715676331535345,0.806313278001479,7.947648848288244,0.36821979007104116
Z500,FuXi,7,Jul,All India,W5-6,0.44000285197665406,11.202682882970453,-7.034682111211687,0.4798269269472377,0.4553971948174521,1,0.25099637296522376,7.1693545472072175,1.1029091608896135,9.053926546329608,0.47973472117209826
Z500,FuXi,7,Jul,northwest_india,W1-2,0.6643894356246469,6.910898129068702,5.97650163408093,-2.107556671676517,2.335651089185623,1,0.1736343621740383,3.959934091329498,0.909246878863695,6.283712554000667,-0.5279141973761659
Z500,FuXi,7,Jul,northwest_india,W3-4,0.04961489034374145,12.540757435209414,8.992735242978842,-0.149562298183085,0.45407887207711983,1,0.010189932970500803,7.360937580638462,0.8187980885748654,9.51334052788896,0.10330509874205551
Z500,FuXi,7,Jul,northwest_india,W5-6,0.3240607792216986,9.870149887901551,-7.5957976909965055,0.6919070340841047,0.42741325088032656,1,0.4398609048092598,5.941517109836623,1.1920531333804716,10.03325856132102,0.6541139445022217
Z500,FuXi,7,Jul,central_india,W1-2,0.7204421485476559,3.1876036861810237,-1.197928377548032,0.4294167461456669,1.1526427142469788,1,0.5880840527411499,1.7847585781386843,1.0199494150142088,3.2511945150174704,0.4938903288518006
Z500,FuXi,7,Jul,central_india,W3-4,0.007776228280679642,11.06054244581868,-9.335730210155127,0.4154851002577188,0.7551160797284624,1,0.31489745756925314,7.388673888568691,0.9553761196809022,7.610738712414108,0.5834924364279039
Z500,FuXi,7,Jul,central_india,W5-6,0.450517435021619,13.629257614795431,-7.686020787607095,-0.8425629659837606,0.550730199361056,1,0.018087556612906397,9.792773270768848,1.09481450288564,9.039866014663966,0.2122042063331778
Z500,FuXi,7,Jul,south_peninsula,W1-2,0.9518147781828604,6.26469185252046,-5.821341162415024,0.589392757904744,0.7819031834141212,1,0.2485128100819379,4.6716617669566896,0.3839457375371191,2.405301733758749,0.5203467688537045
Z500,FuXi,7,Jul,south_peninsula,W3-4,0.13886186730804323,11.414668147938071,-10.991148361863063,0.6180684629068329,0.8187473923892805,1,0.4216593102565651,8.14347371810271,0.7856849029119954,6.104134280609282,0.7545700916768259
Z500,FuXi,7,Jul,south_peninsula,W5-6,-0.03538416214343337,7.208339455197541,-2.3788317686211315,0.1586278449340457,0.45844750070756457,1,0.11444546831871408,4.29855401820852,1.2439957558216916,7.369813177912858,0.3299999515617708
Z500,FuXi,7,Jul,east_northeast_india,W1-2,0.9721312040987926,1.3557188330239331,-0.6746875204541481,0.9722128485206196,1.1031435594518464,1,0.8006061683163899,1.0616186085032648,2.813675227180878,3.81455249550201,0.9357463798005905
Z500,FuXi,7,Jul,east_northeast_india,W3-4,0.4281541916469107,8.514970270191533,5.186550450131776,0.17968627838954984,0.5815276359764581,1,0.10283269103288745,5.052399440443391,0.9124721039905362,7.591926835096745,0.232057311831348
Z500,FuXi,7,Jul,east_northeast_india,W5-6,0.0966756374074084,11.360202561621977,-10.114447006340624,0.5374940354534035,0.2929490883674085,1,0.3037378338359475,7.428607486643008,1.0179947263475706,9.042771620763336,0.5933750358980763
Z500,Persistence,6,Jun,All India,W1-2,0.44289796653967206,16.84321276920872,2.307999890517149,-1.6329208991202573,1.8954384765075993,3,,,,,
Z500,Persistence,6,Jun,All India,W3-4,-0.007581528365266654,24.276081456746567,13.723146018636099,-8.07521250035427,2.3715304096115393,1,,,,,
Z500,Persistence,6,Jun,northwest_india,W1-2,0.648334319655954,17.322071893084697,-2.072104589295233,-1.4540654202277996,1.6547892041205121,3,,,,,
Z500,Persistence,6,Jun,northwest_india,W3-4,0.5377315034639207,15.4848289933987,12.286707800378151,-4.776733993949364,1.5030233313742727,1,,,,,
Z500,Persistence,6,Jun,central_india,W1-2,-0.03830287525438014,13.609349845997437,8.694303227664689,-4.762093496702422,1.9871764656861408,3,,,,,
Z500,Persistence,6,Jun,central_india,W3-4,-0.17611971286758032,28.051376330613355,26.43895408626424,-23.824242392615243,2.165021126627723,1,,,,,
Z500,Persistence,6,Jun,south_peninsula,W1-2,0.3376495994067964,14.04063533627342,11.8244791757152,-1.1698290005251404,1.5225154849866365,3,,,,,
Z500,Persistence,6,Jun,south_peninsula,W3-4,-0.08696817706308285,23.278374379498295,21.341955909167545,-4.224144039307184,2.403430302798245,1,,,,,
Z500,Persistence,6,Jun,east_northeast_india,W1-2,0.4067504443706209,18.961926835558565,-14.561254445740753,-0.5305129698291147,4.937289356951754,3,,,,,
Z500,Persistence,6,Jun,east_northeast_india,W3-4,-0.2683628831556932,26.469239729842734,-21.677923858912607,-3.087481254773555,10.43038670123672,1,,,,,
Z500,Persistence,7,Jul,All India,W1-2,-0.10402468005952228,19.587782259431563,1.774822513214481,-4.638457972863671,2.1356413547806667,3,,,,,
Z500,Persistence,7,Jul,All India,W3-4,0.24465051635043675,19.850549778078413,5.329887786529471,-3.3238791769891383,2.0033500739839494,3,,,,,
Z500,Persistence,7,Jul,All India,W5-6,-0.18881835013229117,28.926567601361274,7.869932926498904,-6.82162532061056,2.91495573699113,3,,,,,
Z500,Persistence,7,Jul,northwest_india,W1-2,-0.2561748412324457,21.33513011801157,-11.496972472976088,-8.628374447018478,3.420684718755667,3,,,,,
Z500,Persistence,7,Jul,northwest_india,W3-4,-0.03950481490657182,23.051876922951916,-9.02944381075722,-4.107075629767844,2.850054509078491,3,,,,,
Z500,Persistence,7,Jul,northwest_india,W5-6,-0.2904524608597853,33.67371660037728,-12.651927674720932,-6.227436794310171,3.270714720981182,3,,,,,
Z500,Persistence,7,Jul,central_india,W1-2,-0.24755382962189368,17.912035742135163,11.816766506635167,-16.35856407177361,1.3812514742087576,3,,,,,
Z500,Persistence,7,Jul,central_india,W3-4,0.1830435726242604,18.693304949059335,15.180475002366741,-11.220492269071551,1.4091316110846936,3,,,,,
Z500,Persistence,7,Jul,central_india,W5-6,0.05240232247678315,26.906944707783435,24.80574782668018,-34.67865492978645,2.066525353568686,3,,,,,
Z500,Persistence,7,Jul,south_peninsula,W1-2,-0.20363885061375706,16.75160428083655,11.369658807849797,-3.7750587114562344,0.4844335050397791,3,,,,,
Z500,Persistence,7,Jul,south_peninsula,W3-4,0.01813277297884508,14.899486074535863,14.002485592565954,-1.164562592986864,0.7268316596829397,3,,,,,
Z500,Persistence,7,Jul,south_peninsula,W5-6,0.029592647220514023,26.201591594493095,24.828883819066956,-9.349889402571662,1.204079933384079,3,,,,,
Z500,Persistence,7,Jul,east_northeast_india,W1-2,-0.16796104222913552,18.55278051545319,-4.125016924747436,-2.273132166144192,1.7021432262448488,3,,,,,
Z500,Persistence,7,Jul,east_northeast_india,W3-4,0.11211394436830935,14.960283493378995,3.390284170233619,-2.8313284371831187,1.734718428611579,3,,,,,
Z500,Persistence,7,Jul,east_northeast_india,W5-6,0.003880497347768297,16.620083383550256,-7.112259041798779,-2.1190148109993348,2.687914292572872,3,,,,,
Z500,Persistence,8,Aug,All India,W1-2,0.09213435178216824,16.14799972223477,-3.013777750247207,-1.3516696602825142,0.9338910241925706,3,,,,,
Z500,Persistence,8,Aug,All India,W3-4,0.014589974736196942,19.735701465732827,-5.8489682850831795,-5.183706397735487,1.758697554394876,3,,,,,
Z500,Persistence,8,Aug,All India,W5-6,-0.06218499350854116,19.879156476320826,-4.361161908390181,-4.179386860320141,2.0324142675773036,3,,,,,
Z500,Persistence,8,Aug,northwest_india,W1-2,0.1992364977680924,13.019896376927706,-4.182338323466125,-1.611503359565776,1.1885065033477826,3,,,,,
Z500,Persistence,8,Aug,northwest_india,W3-4,0.053841494432259565,19.349617503800847,-12.539197687162243,-6.5011250449244855,1.9186697179516847,3,,,,,
Z500,Persistence,8,Aug,northwest_india,W5-6,-0.19094557179619565,25.50743295485272,-18.41325513753963,-8.961454296409707,2.190556800144701,3,,,,,
Z500,Persistence,8,Aug,central_india,W1-2,-0.10060598546713194,19.583615107843105,-2.6250297253791457,-24.33516341747092,1.1001432498143637,3,,,,,
Z500,Persistence,8,Aug,central_india,W3-4,-0.20360808282754217,21.272689507395928,-0.5223139759181038,-18.072132200064047,1.587206149749114,3,,,,,
Z500,Persistence,8,Aug,central_india,W5-6,0.03566614211728758,14.072322329124493,6.78295454146919,-12.141676795480118,1.5203786391938872,3,,,,,
Z500,Persistence,8,Aug,south_peninsula,W1-2,0.017027101295281472,14.396416683150798,-0.2876632746092298,-6.217255510672721,1.4712852546420676,3,,,,,
Z500,Persistence,8,Aug,south_peninsula,W3-4,-0.13111496950192195,15.778938832990118,3.329549500628802,-7.980325415273607,1.1917681957368216,3,,,,,
Z500,Persistence,8,Aug,south_peninsula,W5-6,0.6098409153606388,9.69586211862663,8.690433175800555,-4.008750025596902,0.6771930018236807,3,,,,,
Z500,Persistence,8,Aug,east_northeast_india,W1-2,0.5690131440646146,12.883501416025736,-4.742205430025973,-5.521176415644024,1.726024958363085,3,,,,,
Z500,Persistence,8,Aug,east_northeast_india,W3-4,0.18408089733115204,18.53945057461781,-14.830579945444963,-12.612866155045195,3.0966839785902294,3,,,,,
Z500,Persistence,8,Aug,east_northeast_india,W5-6,-0.22950855185158722,22.152055149714467,-15.376944069908166,-5.914449612668813,3.3333098020449676,3,,,,,
Z500,Persistence,9,Sep,All India,W1-2,0.6199954136391554,13.448175781139062,1.1293308649756821,-0.07102374594970592,1.6395920599123985,1,,,,,
Z500,Persistence,9,Sep,All India,W3-4,0.2695989516561906,18.38621567815111,-10.08913607424039,-0.8662565500050701,1.4322190270335067,3,,,,,
Z500,Persistence,9,Sep,All India,W5-6,0.3905252992248271,25.252756209692063,-21.446187300661414,-0.652632398400986,1.5716629170210343,3,,,,,
Z500,Persistence,9,Sep,northwest_india,W1-2,0.15165969246690303,16.174616311274796,6.512748544375819,-0.015180076358475125,2.2532422969123553,1,,,,,
Z500,Persistence,9,Sep,northwest_india,W3-4,0.09824929867197596,16.11882682296184,-6.8112441442559115,0.010963633239422354,1.7514417329467171,3,,,,,
Z500,Persistence,9,Sep,northwest_india,W5-6,0.29896919040445635,23.215917004526116,-17.636522192739292,0.00131690211969262,1.4732158809105886,3,,,,,
Z500,Persistence,9,Sep,central_india,W1-2,0.5567829315529095,10.874280425705855,-2.60062811403068,-0.1103298059157362,0.6418051167663308,1,,,,,
Z500,Persistence,9,Sep,central_india,W3-4,-0.05840433906525215,22.082039148545668,-14.947791833939542,-3.62825049291216,0.9682830351214882,3,,,,,
Z500,Persistence,9,Sep,central_india,W5-6,-0.048427186992441064,29.249775302763528,-28.05115765469511,-2.024692858691277,0.8619815798780694,3,,,,,
Z500,Persistence,9,Sep,south_peninsula,W1-2,0.9036809300242936,13.17251623509379,-5.208001750999778,0.0299695366981252,0.6090068874387465,1,,,,,
Z500,Persistence,9,Sep,south_peninsula,W3-4,-0.21969674472601036,14.165081369695404,-9.013744644264175,-0.830640995880688,0.9397706951181666,3,,,,,
Z500,Persistence,9,Sep,south_peninsula,W5-6,-0.002979589275277383,17.82190884862024,-16.536748648110425,-1.2171661846551183,2.2505471909324744,3,,,,,
Z500,Persistence,9,Sep,east_northeast_india,W1-2,0.7244600395010987,11.011851882469223,5.780930982454462,-4.639695382053048,2.8888839146463967,1,,,,,
Z500,Persistence,9,Sep,east_northeast_india,W3-4,0.1411987852132306,15.508383511536824,-7.483911331525418,-8.176221413839,4.001191705109035,3,,,,,
Z500,Persistence,9,Sep,east_northeast_india,W5-6,-0.09085872686016357,23.25742782910601,-20.7829005961983,-0.8467560251097387,5.046382608285356,3,,,,,
Z500,Persistence,10,Oct,All India,W5-6,-0.44147585755999913,30.407257621155217,1.4726804006325167,-9.048292340384647,5.846665783684783,1,,,,,
Z500,Persistence,10,Oct,northwest_india,W5-6,-0.12101307014557072,42.60324630412053,33.903804585471725,-56.26640479872072,6.589360852734316,1,,,,,
Z500,Persistence,10,Oct,central_india,W5-6,-0.5199930083043403,23.132621816580354,-20.865543228393335,-4.332415102094625,1.8732223539754886,1,,,,,
Z500,Persistence,10,Oct,south_peninsula,W5-6,-0.6627437755598468,21.79882465348708,-20.74663294359478,-1.4234116928944114,2.8845075968952436,1,,,,,
Z500,Persistence,10,Oct,east_northeast_india,W5-6,0.19510593692634928,18.9526016630732,9.334788593289579,-2.2611382352552947,7.491213744784893,1,,,,,
