region,lead_day,valid_date,imd_mean,imd_p10,imd_p25,imd_p75,imd_p90,fuxi_mean,fuxi_p10,fuxi_p90,ecmwf_mean,ecmwf_p10,ecmwf_p90
All India,1,2026-06-24,5.590523012479147,2.919109320640564,4.253770470619202,6.466856479644775,8.060377073287965,5.8603826,5.751347637176513,5.974575138092041,6.676513162260477,5.7289815765495975,7.856281394549985
All India,2,2026-06-25,11.09801526069641,5.864457273483277,9.086414277553558,12.754769206047058,17.025302886962894,10.358173,10.119756984710694,10.6044677734375,12.506054786045379,10.874594647632556,14.334748563994806
All India,3,2026-06-26,17.154239161809286,8.686501717567443,14.370961427688599,20.286585807800293,24.62036910057068,14.686271,14.294136238098144,15.110510635375977,18.503700735763207,15.904146654013964,21.327871844413686
All India,4,2026-06-27,23.376333236694336,11.34507954120636,19.62237799167633,29.240358591079712,32.44299368858338,19.575575,18.975642585754393,20.178435707092284,25.251374851407405,21.99694946475097,29.043831669870023
All India,5,2026-06-28,30.253251894315085,16.202070307731628,25.015900492668152,36.23862385749817,41.34092469215394,25.26273,24.41205749511719,26.04051990509033,33.60601222762184,29.61006793903301,38.2494142186643
All India,6,2026-06-29,37.22985012531281,20.64558141231537,29.90240830183029,46.16814160346985,50.834149599075324,31.828829,30.694863510131835,32.89258728027344,43.36296129436911,37.86546188088145,50.05761910153761
All India,7,2026-06-30,44.12931021054586,24.7106192111969,34.19965958595276,54.103267788887024,61.721804809570315,38.62107,37.34119834899902,39.71228561401367,53.998594934696776,46.51512562948071,63.34438489334782
All India,8,2026-07-01,50.29834542274475,29.046177744865417,39.74995619058609,60.5149792432785,69.37650876045228,45.60331,44.10980567932129,46.88048973083496,64.08652983670616,55.28397528478003,74.9283649914779
All India,9,2026-07-02,57.00289075374603,32.372722434997556,45.59174054861069,67.85270023345947,78.73548607826233,53.095074,51.278263092041016,54.71759796142578,74.14405749451812,63.96569508501265,86.95493343750472
All India,10,2026-07-03,64.02917889753978,39.10715386867523,49.54076451063156,74.54308366775513,88.39163985252381,61.592743,59.34881591796875,63.50839118957519,85.00189100669235,72.7224490742179,100.96903520118329
All India,11,2026-07-04,71.25268069903056,44.682242083549504,55.00097703933716,84.46880578994751,98.93389468193054,70.04187,67.57014312744141,72.73522567749023,96.59547491224906,81.58837659503581,113.86002038246924
All India,12,2026-07-05,78.34824007352194,49.45619342327118,59.69607055187225,94.02551251649857,105.79162092208863,78.37527,75.42334213256837,81.51300506591797,108.73656099153223,91.09439677119273,126.68968441762455
All India,13,2026-07-06,85.53884298006693,52.539052152633666,64.5182067155838,100.92056304216385,113.339715051651,86.69573,83.36792297363282,90.27809829711914,121.2908650912608,103.2535213278024,138.97482912072698
All India,14,2026-07-07,92.65352096557618,59.33599269390106,71.0744925737381,107.37503206729889,120.1804901123047,95.780785,91.52265701293945,100.92599563598633,133.4541299470645,110.34221476448845,152.98873574620532
All India,15,2026-07-08,99.98606091737747,69.43763558864593,78.5084080696106,114.00879740715027,127.43052444458009,105.24961,100.05165328979493,112.28059005737305,145.0818126559858,120.15105262609039,169.1913452471368
All India,16,2026-07-09,107.68971327543258,74.52781529426575,85.87354111671448,123.57176578044891,137.27078037261964,115.20766,109.42877426147462,121.66283950805663,155.62653497002458,128.31276251182166,179.15677764278652
All India,17,2026-07-10,116.18835998773575,81.48036189079285,93.66009935736656,136.5190967321396,148.482265663147,124.42913,117.74440078735351,130.64513092041017,165.2302671127514,137.04581464958804,191.75966036047484
All India,18,2026-07-11,125.15776833295823,90.73585586547851,99.88702523708344,148.64036709070206,160.9819981575012,131.9778,123.31761856079102,138.5024673461914,174.82822782535135,143.5658991679889,202.7800518082044
All India,19,2026-07-12,133.7454825123151,97.50917464494705,109.94362711906433,159.6177608370781,172.78774604797363,138.36166,129.5567626953125,145.09097747802736,183.6811985076651,151.6046798402197,213.46620127691725
All India,20,2026-07-13,141.2350910305977,102.46773813962936,117.08076500892639,166.16463339328766,180.96602654457092,144.7505,136.0439224243164,152.32359924316407,192.09279620517685,162.7972457036875,223.9253497994853
All India,21,2026-07-14,148.50500016609828,108.04569617509843,123.75810468196869,172.6838196516037,185.74236698150636,151.5146,143.24165954589844,159.67389678955078,200.1999288722323,167.04326364503837,232.19247332648223
All India,22,2026-07-15,156.48240444262822,113.58443874120712,130.4144036769867,182.19801771640778,192.01795434951782,158.50009,150.2841064453125,166.57432708740234,208.18412123322844,172.68172126283773,240.78707911243706
All India,23,2026-07-16,165.1339615702629,120.55973536968231,137.8675615787506,191.02389752864838,203.81514339447023,165.17064,155.52291870117188,175.56475677490235,216.164335069686,182.50939488705586,249.0243940997889
All India,24,2026-07-17,173.42001603841783,129.9877126455307,143.95119714736938,199.00675582885742,216.14178326129914,171.52028,159.89977569580077,183.88353424072267,223.9970967845881,189.3025670894903,259.2897514431608
All India,25,2026-07-18,181.22583721081415,137.38452551364898,149.8480168581009,205.6131101846695,225.33447058200835,178.09471,166.65826873779298,190.0821075439453,231.88320776427136,193.09489508621692,273.51399486711443
All India,26,2026-07-19,189.3496291120847,143.4553595304489,158.1172155737877,213.3238832950592,231.72048046588898,184.9859,172.7431427001953,197.84664306640624,239.53268769547213,196.70259432792707,282.0752131290341
All India,27,2026-07-20,198.20069388945896,152.11215574741362,170.78472691774368,221.70182085037231,238.60523147583007,192.00311,176.29412078857422,205.47474365234376,247.872515057528,201.54009319628113,291.4539423776164
All India,28,2026-07-21,207.11574983199438,166.7139625787735,179.76195687055588,231.37584328651428,246.36657433509828,199.22693,183.39665832519532,215.39675903320312,256.30320794811814,209.34534685030846,302.7564826919313
All India,29,2026-07-22,215.64098700284958,177.2599004983902,188.5097605586052,236.996012032032,255.08773312568664,206.68312,190.0944046020508,222.52943267822266,264.8448981515029,214.2686217046793,310.51443845876156
All India,30,2026-07-23,223.72659757534663,188.71459798812867,197.430821955204,244.24846786260605,265.4756744861603,214.46812,198.30074310302734,229.57689819335937,273.2452890572826,218.20971664604403,318.032607945979
All India,31,2026-07-24,231.5635609904925,197.58013281822204,206.62978559732437,252.6204960346222,273.3085011482239,222.49469,207.6646484375,240.06311492919923,281.7104532674971,224.12532613312504,327.7827008950014
All India,32,2026-07-25,239.76439964373907,203.55137007236482,217.39184153079987,260.34105771780014,281.4822469711304,230.29507,214.54840240478515,251.50112609863282,290.53751315400973,229.2676531057142,338.18582532434965
All India,33,2026-07-26,248.55887918074924,211.50216624736785,225.45854103565216,270.7231716513634,290.5640233039856,237.6983,221.07967224121094,262.2309265136719,299.38413264973985,233.47181214983894,350.285125048889
All India,34,2026-07-27,257.46678220033647,220.80683000087737,235.03918707370758,279.46990287303925,302.3570812225342,244.65648,225.86076965332032,268.12046813964844,308.5585966529978,239.57875504515056,359.1436454225916
All India,35,2026-07-28,266.3483928720156,230.31190507411958,245.8082103729248,286.28865694999695,311.98382134437566,251.29514,230.66868438720704,273.5428436279297,318.2517734626756,247.46554275238177,368.155449761293
All India,36,2026-07-29,274.66966034173964,240.67249019145964,254.24573802947998,295.0893224477768,319.1763594150543,257.6582,233.50507659912108,280.8389526367188,327.98493721955276,258.06738659172885,379.4562074613029
All India,37,2026-07-30,282.5648817340533,251.30632696151733,260.31934785842896,301.9300474524498,326.3426133155823,263.63568,239.27406311035156,288.9787658691406,337.7733709568463,269.1520870746238,387.0751901745463
All India,38,2026-07-31,290.0805588364601,258.7685452699661,266.02487337589264,308.21780264377594,335.0052188396454,269.4235,244.6068557739258,295.37742309570314,347.18406258898204,275.98348313467756,397.6912031589829
All India,39,2026-08-01,297.81136053800583,266.07110917568207,273.56881403923035,317.72774094343185,344.25659818649297,275.1156,251.4469421386719,299.6143829345703,356.49951155595886,283.80144318592386,407.8699471102114
All India,40,2026-08-02,305.59028910398484,271.66226880550386,282.8549556732178,326.7258341908455,354.6798285007477,280.7659,258.52744445800784,305.0360534667969,365.87148018886575,291.7492184329419,418.19815385384976
All India,41,2026-08-03,313.55046733220416,279.0352103948593,291.4299221932888,338.12687784433365,363.9400235652924,286.53708,264.4796112060547,312.52447204589845,374.94268765531194,299.01512944827226,428.3908102021323
All India,42,2026-08-04,321.978945962588,284.1102752685547,298.70498180389404,347.34028655290604,373.31557190418243,292.58652,267.4621353149414,318.97661743164065,383.60691457153155,308.1615783680748,437.48299501637536
Northwest India,1,2026-06-24,3.1671764527447523,0.549646270275116,1.1661550104618073,4.106659352779388,6.753060150146484,0.4817152,0.45356613099575044,0.5062946438789367,0.8779802082144806,0.5089220571732125,1.3050576621430297
Northwest India,2,2026-06-25,6.403611141412209,1.50947545170784,2.417479559779167,8.879782021045685,14.047892045974733,1.0321072,0.9627399921417237,1.1029628753662108,1.6992026569709942,1.0628523834469454,2.510242189877809
Northwest India,3,2026-06-26,10.144989301357418,3.2652909219264985,4.735735923051834,13.919565439224243,19.59814414978028,1.5241241,1.3975920915603637,1.6229717016220093,2.735405771144091,1.5932557108709895,3.5701433173128256
Northwest India,4,2026-06-27,14.030576351005584,5.232478547096253,7.329017221927643,17.90556973218918,28.81412081718445,2.0389516,1.8593357801437378,2.2352137565612793,3.8550830534920033,2.3056350628664073,5.301789567079031
Northwest India,5,2026-06-28,18.461164734357347,5.993771773576737,9.837276101112366,24.707185208797455,34.45551695823669,2.7789054,2.461283469200134,3.12450315952301,5.265933734518491,3.0234980052017595,7.986978785148895
Northwest India,6,2026-06-29,23.186810556147247,7.716813805699349,12.262706853449345,33.56502941250801,39.67016541957856,3.9429624,3.4546546936035156,4.355240249633789,7.271639965247593,4.11319067118934,10.898096873357431
Northwest India,7,2026-06-30,27.914815163332968,8.110821661353112,15.68439568579197,40.96289749443531,46.363766288757326,5.0991564,4.465668869018555,5.738868093490601,10.14336704241964,5.398701242283125,17.32519154879222
Northwest India,8,2026-07-01,31.487672169723858,11.152966061234475,18.386738672852516,46.87016536295414,50.955449390411374,7.111562,6.238340854644775,7.865461826324463,14.581738491802021,8.165554362183498,22.087274512828028
Northwest India,9,2026-07-02,35.278942922471714,14.311805477738382,21.02902616560459,50.46571709215641,56.40602178573609,10.670771,9.285731220245362,11.846030426025392,20.296568141582465,12.363036263177968,29.55067238914376
Northwest India,10,2026-07-03,39.49424780181919,17.2113971978426,24.39175494015217,54.35301253199577,65.5900908946991,16.991877,14.528398513793945,19.1369421005249,26.883985067030867,18.031372587595772,38.087262520532256
Northwest India,11,2026-07-04,43.62271657458817,19.67444467842579,26.58875696361065,62.438708782196045,69.2540297985077,24.01948,20.79932384490967,27.06499309539795,33.429220959035234,21.306671315800845,48.594224665691286
Northwest India,12,2026-07-05,48.32143011561905,21.531249967217445,31.577446289360523,69.02044479548931,76.10592613220216,30.956081,25.33116283416748,35.024998092651366,40.174212459221614,24.132327701879756,59.13641095065057
Northwest India,13,2026-07-06,53.56469727825994,26.091943621635437,34.760221406817436,75.85112810134888,81.81155141592026,37.721413,30.751391410827637,43.31518821716308,46.73009792323749,29.225014351811875,66.47901116779
Northwest India,14,2026-07-07,58.37707616211846,31.336840856075288,37.2237050794065,80.2827980518341,85.5901727259159,44.04555,34.74331893920898,51.12440032958985,53.737663202554074,33.05894784649379,75.5254911523033
Northwest India,15,2026-07-08,63.25955002279952,33.40964646339417,42.87165021058172,85.17012509703636,91.45957601070404,48.268272,37.74707221984863,57.25703468322754,60.592795642388964,37.248758007767314,87.61536657448137
Northwest India,16,2026-07-09,68.58300231766576,35.8981556981802,50.14737021084875,90.40189611911774,99.41864414215088,51.902237,40.85589714050293,61.55718307495117,67.67152718498352,41.596226989825354,97.78839455678165
Northwest India,17,2026-07-10,74.51493624917542,39.89248107969761,53.43089708406478,96.14358602464199,105.3998652100563,57.355865,45.59500846862793,68.10446166992188,74.80556940727895,44.43387293510098,103.71672254264536
Northwest India,18,2026-07-11,81.90804422569151,42.372196230292325,56.26035175472498,108.45290212333202,113.82777298688889,63.699608,53.36833534240723,76.17655334472656,82.3536044241909,49.40070225016752,114.53980739039164
Northwest India,19,2026-07-12,89.09803096822773,42.87586522102356,59.84880788624287,116.5307265073061,125.43018351793289,69.225174,56.152248001098634,81.93080825805664,90.01325831012664,54.81151437699229,125.15396352513947
Northwest India,20,2026-07-13,94.93668186735982,43.75787011682987,66.46508146822453,122.57314696907997,131.9377401471138,73.81162,58.60807914733887,87.39312286376953,97.9235293012554,62.152844105858456,135.4275855690191
Northwest India,21,2026-07-14,100.37569369149084,50.32525863051415,74.52682937681675,127.66318038105965,136.97365494966508,77.84577,61.80727996826172,90.98690185546874,105.58438548745549,70.28176561336558,142.71858634744873
Northwest India,22,2026-07-15,105.538254237889,56.35102314352989,78.68354608118534,133.10383228957653,143.27371436357498,82.26925,68.55894165039062,96.30000305175781,112.66971406587638,74.13380208998883,148.24657541206435
Northwest India,23,2026-07-16,111.52598514230922,64.20985701978206,82.71680821478367,140.38074919581413,150.20970293283463,86.883865,73.55022048950195,102.01976852416992,118.87926526085408,79.92278113506613,153.0275495413377
Northwest India,24,2026-07-17,117.69864031147833,68.09556194245815,87.39204980432987,146.57879121601582,156.1096913456917,91.34591,74.5481460571289,105.8786506652832,124.81398938753625,82.6347287992303,157.84978548730103
Northwest India,25,2026-07-18,123.99029617082948,78.41692806780338,95.40058936178684,152.90375895798206,167.08991655111313,96.1139,79.46828002929688,113.11387557983399,130.5147624587597,85.95188781916018,163.9343014033182
Northwest India,26,2026-07-19,129.87581036261594,82.09322330057621,102.56474409159273,156.88716618716717,171.7572677254677,100.90817,85.02990417480468,121.8969123840332,135.78068422142428,90.56782655391098,175.00615513136412
Northwest India,27,2026-07-20,136.5722043253171,93.90057288706303,109.7791639091447,163.28735600411892,180.72797892093658,105.72273,88.32541427612304,130.01142120361328,141.2929897615364,96.22273662827874,180.79186358857834
Northwest India,28,2026-07-21,143.45332245997463,106.74756468832494,114.16022346075624,171.2360385209322,187.38179585933685,110.23134,90.98791427612305,136.6507141113281,147.6760396264759,100.6491494082752,186.45159669365682
Northwest India,29,2026-07-22,149.9725078957466,110.16834816336633,121.72124540060759,177.3018346875906,193.70086557865145,114.44068,92.95714416503907,140.52631530761718,154.4790611550968,104.80972690745556,194.4766797460591
Northwest India,30,2026-07-23,155.76658517889058,113.86506943106653,129.8865236863494,185.54300092160702,200.31521055698397,118.71496,93.25593032836915,144.02468872070312,161.5104478324996,109.14168738594245,204.05384255854466
Northwest India,31,2026-07-24,161.23048918616647,116.63200423121454,135.71850053220987,189.97278344631195,206.88860589265823,123.450584,93.75863418579101,148.501318359375,168.46889228640805,112.33129584761741,212.7299119252145
Northwest India,32,2026-07-25,167.71747611137107,119.98886138228701,148.0665704086423,195.24366849660873,212.30742285251617,128.20995,97.31048049926758,153.28289031982422,175.4804090192637,118.28616795368458,221.38086863989994
Northwest India,33,2026-07-26,174.37757984371856,124.65170642165468,156.0629248842597,205.22283628582954,217.38265997767448,132.64786,101.07046203613281,160.48262481689454,182.4537718693852,123.01473741167234,234.06734667833808
Northwest India,34,2026-07-27,181.08259091945365,129.31391097335145,160.28496272861958,213.99522930383682,222.39455896615982,136.7445,101.72459716796875,163.35531463623047,189.6652427730326,128.6589586797925,246.307841127416
Northwest India,35,2026-07-28,188.0844721274761,135.95185271529482,167.5705324858427,223.2584953904152,229.78355232477188,140.97485,102.50671081542968,168.54305572509764,198.1831008549144,134.78665385357473,257.82828818230985
Northwest India,36,2026-07-29,194.32982134393725,145.33234168319032,171.01711766421795,231.34485417604446,239.13743282556536,145.16588,105.53277130126953,173.73473510742187,206.16009279993264,140.6379354345964,266.1425994301481
Northwest India,37,2026-07-30,199.9414320029008,151.67557105422023,174.66262735426426,237.6677730679512,246.15397307276726,148.72673,109.63705825805664,179.18250122070313,214.1320858894928,147.36115573756098,276.05976423757403
Northwest India,38,2026-07-31,205.49439492197706,155.48462976813317,181.065325319767,242.38210201263428,250.99324261546136,152.00912,111.6557846069336,183.43299407958983,221.98530746602617,151.9027731076109,283.208493038485
Northwest India,39,2026-08-01,211.49344581933693,160.4984120309353,186.29004031419754,249.34897637367249,259.1225652456284,155.3126,114.94258422851563,188.46436004638673,229.37452963187425,162.1129061266351,295.5123875895354
Northwest India,40,2026-08-02,217.95097727548952,165.79405612349512,188.448843896389,253.43708731234074,263.3115504026413,158.554,118.04605026245117,194.3081481933594,236.73376218377805,167.48261117333453,305.60151800592666
Northwest India,41,2026-08-03,224.08446622462944,170.46003021597863,190.76232400536537,257.9470472931862,269.07372854351996,161.68947,118.76223297119141,199.5833267211914,244.46442914128156,171.0852985121867,311.2074696422907
Northwest India,42,2026-08-04,230.10661175223066,177.56030086874964,199.54337877687067,264.43041586875916,274.5415286839008,164.645,119.24656753540039,201.99207916259766,251.47242620506194,175.36977904924862,319.4581139226354
Central India,1,2026-06-24,6.722868369023005,1.2561158031225208,4.286967396736145,9.558125019073486,12.170858478546142,10.010036,9.776634788513183,10.269612407684326,10.184370876907176,8.275408181684655,11.83753684758893
Central India,2,2026-06-25,13.618440345923107,3.1742973178625116,7.575597167015076,16.589792490005493,22.7959210395813,16.936867,16.47908573150635,17.414916610717775,19.999798196227164,16.42718436926554,24.015926917181883
Central India,3,2026-06-26,20.826679265499116,5.582935541868211,12.15453690290451,25.49045431613922,34.56028814315797,23.730213,22.73630027770996,24.67863540649414,28.056000684085262,22.540005765965777,33.06066044937148
Central India,4,2026-06-27,28.219108533859252,8.531441992521286,17.653701901435852,33.337314426898956,50.11754875183107,31.172564,29.90782012939453,32.55340766906738,36.137553276067344,30.165864689723563,42.38882385516975
Central India,5,2026-06-28,36.432482131322224,11.797890761494637,23.917692005634308,44.646473467350006,63.94867854118349,38.883575,37.5055118560791,40.60722694396973,46.36866373267608,38.37722974163979,54.83764909739294
Central India,6,2026-06-29,44.997229214509325,14.557379767298698,28.079259514808655,53.26507121324539,76.93119475841523,46.33934,44.714206314086915,48.330949020385745,57.03977089212618,45.83474734496041,70.41542542181462
Central India,7,2026-06-30,53.298949746290845,17.78873333632946,31.19346121698618,62.90032112598419,87.67158956527712,53.740322,51.92537002563476,55.5825496673584,69.12963692474996,52.760682887947254,89.09871947724207
Central India,8,2026-07-01,60.94643979469935,22.247811266779898,36.83106521517038,70.95864069461823,96.53806710243227,62.029648,59.41239700317383,64.53750839233399,81.6646923237958,63.1228298368026,108.24800958277686
Central India,9,2026-07-02,69.32569412589073,30.50962602198124,42.05772087723017,82.90065741539001,104.86093101501466,71.88437,68.92155990600585,74.84788208007812,94.9860673182982,70.76366232068852,124.72979428603888
Central India,10,2026-07-03,78.49371592005095,33.59295718073845,49.70197106152773,98.1484591960907,116.10534415245057,83.65,79.52518615722656,88.04245452880859,110.6633781364042,82.0091039341668,147.53711119113248
Central India,11,2026-07-04,87.98712228139242,35.0021645963192,55.155982092022896,114.59809041023254,133.96301217079164,96.002235,90.15268096923828,103.2974967956543,128.6806277612836,94.52412783366566,170.74486194545395
Central India,12,2026-07-05,96.40499068895976,36.83348817825318,57.47430005669594,126.58346053957939,149.16510462760928,109.09839,101.67510833740235,118.73522033691407,148.54516613621092,108.53544240393818,192.51582739135452
Central India,13,2026-07-06,104.67141550978025,41.7496159017086,60.691207349300385,140.1512593626976,155.7114130496979,121.74385,112.21378707885742,132.86449279785157,169.2430066466885,125.9394532242943,211.65264373132788
Central India,14,2026-07-07,113.37458489139875,50.22301744818687,66.77427667379379,152.0754033923149,161.20284509658816,134.36554,124.0396629333496,148.99397888183594,188.54222824177148,137.07818047673226,231.51145443333272
Central India,15,2026-07-08,122.56261006395022,58.73946461081505,72.66667717695236,160.33663076162338,173.30679197311403,147.69547,135.34095001220703,163.86294708251953,206.7943143990981,153.90543928801293,263.0773442394576
Central India,16,2026-07-09,131.9432425359885,64.36964401602745,79.90371408313513,172.57476872205734,189.4393186092377,161.53775,147.84869079589845,175.93205871582032,222.430710276974,164.98907433808262,280.8387825739097
Central India,17,2026-07-10,141.54053118427595,68.36676461100578,94.1070801243186,180.73947501182556,211.14665350914,175.17786,159.08395233154297,188.56080627441406,234.9455809046754,172.2871923525273,298.44063389926845
Central India,18,2026-07-11,151.06660076578459,75.60352489352226,108.97631373256445,188.82603478431702,234.76536688804626,185.32855,167.4559310913086,201.97207489013672,247.68846762325657,187.8026426357752,310.4124663299896
Central India,19,2026-07-12,160.3523038168748,81.67014271616935,113.92464050650597,196.31326550245285,259.2609572887421,192.06871,169.89547119140624,208.96512451171876,258.3607787154189,196.04637833397962,326.8501339727936
Central India,20,2026-07-13,169.2812336742878,87.17105061411857,115.81297716498375,199.78477373719215,274.7873416423798,198.35965,178.7267318725586,217.5251434326172,267.62636237302496,205.66575196595687,342.2938125453024
Central India,21,2026-07-14,178.31648744146028,95.25980121791363,124.34488528966904,205.44012635946274,280.4516961097718,205.98877,185.27633056640624,226.30557861328126,276.5284176905772,210.21501354943143,351.3045812321875
Central India,22,2026-07-15,188.4155168235302,103.64109973609447,135.2078599333763,225.9320205450058,284.6269595384598,214.14116,189.2462127685547,236.27340545654297,285.56471161364703,213.08712437285672,362.6666785227274
Central India,23,2026-07-16,199.9268864095211,116.74467751383781,146.1327753663063,242.13465267419815,296.1775827646256,221.50574,193.7579772949219,248.39392852783203,295.1395337677427,214.91024463759777,373.2456772990148
Central India,24,2026-07-17,210.1612634996573,125.27170986235141,165.20814102888107,253.87414175271988,303.7124068975449,227.87138,199.69894256591797,256.55311584472656,304.38981358753585,221.31905802960375,388.23147275062945
Central India,25,2026-07-18,219.7178428431352,132.87007517516614,174.85541930794716,264.93456250429153,313.6585805177689,234.42563,201.647119140625,266.47894592285155,314.15980692869334,229.59567357957832,394.0078915076714
Central India,26,2026-07-19,229.7239831308524,144.73920257091524,181.35818138718605,277.26352578401566,319.82464616298677,242.05157,205.50381164550782,282.18365783691405,323.9551124537356,234.23701854965122,401.9035718821609
Central India,27,2026-07-20,240.3011313656966,158.76619851589203,187.35912755131721,284.3935091793537,325.4630348205567,250.33719,211.5321823120117,294.2595489501953,334.61698503196067,243.58344057312544,414.1250956820273
Central India,28,2026-07-21,251.9443242808183,170.0307419538498,196.79003252089024,293.21732980012894,331.93553376197815,259.57996,217.8289810180664,306.37578735351565,344.83548726231186,251.4642932893612,429.6600316512954
Central India,29,2026-07-22,263.3449016710122,182.10305287837983,213.34472647309303,310.18347215652466,344.10064195394517,269.705,228.7788497924805,316.6384979248047,355.5884744600682,256.57823945088404,451.2608609836879
Central India,30,2026-07-23,274.2600547492504,191.68182944059373,223.75934329628944,324.97613421082497,361.6885198116303,280.29163,237.4095886230469,334.0443511962891,365.9664968633018,262.82436608540684,467.93683973887676
Central India,31,2026-07-24,284.4901584406694,204.5906327366829,233.5305194556713,335.59697809815407,377.62636494636536,290.9592,249.24074096679686,350.35143127441404,376.12356760991076,269.1041369255788,479.6693753034537
Central India,32,2026-07-25,294.96816686987876,215.30418552160265,242.49874013662338,341.37973776459694,388.83948583602904,300.64767,261.40195617675784,355.57439575195315,386.9791261702462,275.87487715689593,491.2289754017555
Central India,33,2026-07-26,306.5360748231411,225.806260240078,256.1924642920494,350.23328271508217,394.6575163841248,309.15427,271.93641967773436,363.0864196777344,398.1303751498351,285.5146288057053,503.9441322751904
Central India,34,2026-07-27,319.11739756067595,242.5038095831871,271.6696608364582,363.66563576459885,403.7844805717469,316.77878,279.93688049316404,371.9120819091797,409.87904075562966,294.9321897180232,520.6144478086724
Central India,35,2026-07-28,331.5185359179974,259.5321670293808,283.0512423813343,377.595743983984,410.7680574893952,323.7446,282.2174407958984,377.0742492675781,421.4875341811909,302.86244507501743,533.1661663263006
Central India,36,2026-07-29,342.411926005284,274.43802745342254,297.13259732723236,388.78333473205566,414.5381290197373,330.65237,283.32541809082034,386.78611145019534,433.3085995765232,310.8809794482254,544.4635314138955
Central India,37,2026-07-30,353.5279189089934,286.2748819410801,308.3153330683708,396.0005564391613,418.5917355775834,337.41995,284.31992797851564,397.6666168212891,445.1765898440787,322.10841517535243,560.0473405472911
Central India,38,2026-07-31,364.0920538922151,288.5668533563614,324.636214889586,400.27929469943047,439.962793660164,343.7758,285.4371002197266,404.5129425048828,457.00017433910807,327.4211734072233,568.7516686818235
Central India,39,2026-08-01,374.2613987882932,291.61950280666355,329.3690831437707,409.5639179646969,457.10389835834513,350.22675,290.1416046142578,415.5801086425781,469.1644784154027,337.22306172494166,575.873400891456
Central India,40,2026-08-02,383.8902995189031,295.72375762462616,331.4633827880025,414.1507941633463,473.5643991708756,356.66104,300.0782867431641,422.183544921875,481.27610811142847,352.2562213237727,589.3738131424325
Central India,41,2026-08-03,394.680120113492,306.4363381147385,340.20114547014236,425.1737699508667,492.65864536762246,363.18787,305.9070220947266,425.713525390625,492.4317598630929,360.5921288861916,599.3584092087991
Central India,42,2026-08-04,406.4405277488132,322.4487414211035,352.8035917878151,434.91008472442627,509.5826610803605,370.2953,310.100244140625,434.45155639648436,502.9503528688394,370.1002163313453,608.2832863498166
South Peninsula,1,2026-06-24,3.608891922732194,0.5875519812107086,1.539407730102539,5.521820068359375,6.9818934440612805,4.5851846,4.323236465454102,4.812399244308471,7.276220414017171,4.431111134595109,10.71472032520453
South Peninsula,2,2026-06-25,6.910215368370215,1.1236429989337922,3.101646840572357,9.614446759223938,12.286189413070678,8.548118,8.132187366485596,9.132704544067384,13.427941019917363,8.835149351033348,17.432115609044892
South Peninsula,3,2026-06-26,10.5305283014973,2.2555978864431383,4.860051274299622,14.867389500141144,16.705606698989868,12.897889,12.05945873260498,13.737602615356446,24.25686321021658,15.932221327754247,31.80718908044578
South Peninsula,4,2026-06-27,14.02253613124291,4.340723015367986,6.340707629919052,18.32212322950363,22.618412494659427,19.299227,17.761837768554688,20.614756202697755,37.410711581868576,24.517123650796734,50.13983626362107
South Peninsula,5,2026-06-28,18.610085613032183,5.537034924328327,10.675813682377338,24.504929542541504,30.62208963632584,27.185715,25.702239418029784,28.758898162841795,51.381619372117136,33.97920648464008,67.20762460423492
South Peninsula,6,2026-06-29,23.181397081911562,9.354230707883836,13.841154657304287,29.905834019184113,36.379061341285706,34.91899,32.871044921875,36.870133590698245,65.12312048066372,43.521858788522486,87.54638967519789
South Peninsula,7,2026-06-30,27.895677833755812,11.85918635725975,16.377341844141483,38.56948786973953,41.570248222351076,43.817963,41.40612258911133,46.42735137939453,76.37201245309744,52.91983637287822,102.54165378823713
South Peninsula,8,2026-07-01,32.01248048394918,13.921136623620987,22.45522604137659,43.78211349248886,47.822961521148684,52.51691,50.06980094909668,55.72648468017578,85.37691266023727,59.69477072177807,108.71483552883362
South Peninsula,9,2026-07-02,36.151449254651865,16.36480900645256,27.70225665718317,47.607660353183746,51.29422550201417,59.462223,56.646779251098636,62.78897705078125,93.97142633782224,66.7497297486841,120.72319819528492
South Peninsula,10,2026-07-03,40.62069126317898,16.948258858919143,31.445293098688126,51.53062525391579,59.26889429092408,65.14513,60.80154037475586,68.7242416381836,102.6803613566513,78.21465760705978,133.24012573965908
South Peninsula,11,2026-07-04,44.839093754688896,19.076904563605787,34.148162603378296,57.66994512081146,68.10072779655457,69.103615,63.38370552062988,72.40549011230469,111.67081388026186,88.01165919861664,141.57596559606793
South Peninsula,12,2026-07-05,48.645078342159586,19.81746193021536,38.212588757276535,62.86574196815491,71.56201868057252,72.08293,65.81260986328125,75.44279327392579,120.25684676501687,97.39673049054929,151.90186218649603
South Peninsula,13,2026-07-06,53.812113509575525,25.629123894870283,43.20297407358885,69.08935889601707,75.29066727161408,75.055885,69.01996002197265,78.52465286254883,129.0289816344035,102.58493093334685,161.58890158958627
South Peninsula,14,2026-07-07,59.131458239257334,31.100002877414227,45.56003049761057,77.36738148331642,82.1476078659296,80.95573,74.18481063842773,85.68793029785157,136.5300647627009,105.62362980484708,177.24709166929745
South Peninsula,15,2026-07-08,63.82532390803099,33.782328157126905,49.378531724214554,81.47901871800423,89.798880687356,88.20333,80.55695343017578,95.33730392456054,143.57469112682332,108.82268871681185,185.36639788009776
South Peninsula,16,2026-07-09,68.67745944609244,37.8553032681346,52.67437133938074,86.5681194961071,94.3943216830492,94.9054,87.19845809936524,101.04445037841798,148.80624327654203,112.41900381814476,192.85511676517675
South Peninsula,17,2026-07-10,74.95056658337514,40.83574276417494,56.570473946630955,92.52669721841812,103.57127870321274,99.269066,90.98040542602538,107.73108825683595,153.54432218142918,117.29192011987942,197.75935615865106
South Peninsula,18,2026-07-11,80.51485645522673,44.583496479690076,61.1792958304286,102.06782165169716,108.9757731795311,102.41519,93.60323028564453,112.44570236206056,157.2960595464211,121.50517343408636,202.06902597960828
South Peninsula,19,2026-07-12,86.2686323578159,46.884889285266404,66.6173393316567,109.2339454293251,117.61429158747198,105.53464,94.63912353515624,117.21730728149414,160.7700024141128,123.6703404751734,208.39950386317958
South Peninsula,20,2026-07-13,91.06950937658549,50.707008907198905,70.31602934002876,114.03570434451103,127.07505997419359,109.2606,98.1173324584961,123.7845344543457,163.76503367274736,126.22994294050947,211.7716735427153
South Peninsula,21,2026-07-14,96.33824669271708,55.34397239387036,76.30911572650075,116.94420802593231,137.31785017251968,113.097855,99.68277740478516,130.46185455322265,166.39645736606442,128.54967547135894,215.59282201999665
South Peninsula,22,2026-07-15,102.37854559173186,60.71830846965313,82.96929110959172,121.79791411757469,143.48702596724033,116.91208,102.49799270629883,136.46808166503905,169.45555459060677,131.07170090208433,219.4816370859834
South Peninsula,23,2026-07-16,108.09957878738642,67.56238054931164,86.66750689968467,126.77359448373318,145.12809846699238,120.69787,105.87499160766602,141.33560485839843,172.94002925871834,132.5702021864808,223.00332950090495
South Peninsula,24,2026-07-17,114.23083747376998,71.52095315158367,91.7961009927094,140.01674082875252,149.11162927150727,124.46544,107.66946487426758,146.19330291748048,177.06223641137294,137.41146258482138,226.99708554866265
South Peninsula,25,2026-07-18,119.40315363158783,75.79067218005657,94.36368264630437,145.80321469902992,155.55438036918642,128.59882,111.02618637084962,152.2435043334961,180.97530027097258,140.07188682458082,229.32471322133225
South Peninsula,26,2026-07-19,125.22120502938827,83.36484790444375,99.01964922249317,149.3518401682377,162.36270285844802,132.93532,114.23288650512696,159.93699798583984,184.7765061864623,142.3965291631817,230.52023185192203
South Peninsula,27,2026-07-20,131.1519991074999,89.30232253670692,104.93819482624531,155.9680350124836,163.9407054424286,137.13765,117.63406524658203,165.02967987060546,188.81155385525793,147.16618118553671,235.9164577316808
South Peninsula,28,2026-07-21,136.38977687309185,94.63647220730782,111.08044186979532,162.8963756710291,169.75887821912767,141.25742,118.59746704101562,169.28965759277344,193.6429854158681,149.43416552033565,243.88802978195525
South Peninsula,29,2026-07-22,140.924766758581,100.94490010589362,116.81455815583467,167.05488163232803,174.54825475215912,145.62814,120.93939895629883,172.86207427978516,198.54439297191348,152.80560653878024,252.8943158051772
South Peninsula,30,2026-07-23,145.6295678988099,105.69565465301275,120.16363769769669,172.27039569616318,177.5320349931717,149.85156,125.46514739990235,178.84204559326173,203.68319324995377,155.36405385940134,257.55326756747485
South Peninsula,31,2026-07-24,151.59957207192977,116.05334565490485,124.90595589578152,178.1084014326334,190.19788253307343,153.61868,129.07119140625,185.72131652832033,208.81376536286575,160.67983217592877,262.34793476413
South Peninsula,32,2026-07-25,157.5592824563384,122.17980580180884,130.61581560596824,183.26938566565514,200.9314658045769,156.96936,130.58826904296876,193.76712036132812,214.24405751943192,165.46353808488934,265.76079774969816
South Peninsula,33,2026-07-26,164.01547731906174,128.88962996453049,135.37271949648857,191.52275863289833,208.08624109029773,160.27055,132.5700469970703,195.48221282958986,219.20558337047905,170.02378966472247,271.58637598695447
South Peninsula,34,2026-07-27,169.70952018449705,133.25148868858815,145.16638742387295,200.7376128435135,212.61164973974232,163.69826,137.05567474365233,197.10328063964843,224.20282071809874,173.72787321602942,275.45173138453555
South Peninsula,35,2026-07-28,175.5021738762657,136.18038733303547,151.88289284333587,207.01086914539337,221.61158671379093,166.90707,141.3843231201172,198.42461395263672,229.8447043028085,176.99130795857874,282.3707852595708
South Peninsula,36,2026-07-29,181.46191823830208,140.42012889683247,158.31632317975163,215.30630767345428,232.23595837354662,169.94484,142.95970916748047,200.24566955566408,236.02026540877378,182.53318444792015,296.46185308069226
South Peninsula,37,2026-07-30,186.25970719307662,142.57197349369528,161.5140319429338,219.6940006017685,245.3713787138462,172.97905,143.9280212402344,202.62130279541017,242.7555331585171,186.72331501863,301.6323085657325
South Peninsula,38,2026-07-31,190.45876133491595,147.29313147366048,165.895327527076,224.11689323186874,252.01624169945717,176.31229,145.2856903076172,207.21066436767578,249.21238535459258,190.63402792370414,317.96197531186715
South Peninsula,39,2026-08-01,195.75994542092084,153.14811818897726,171.2785523608327,227.65488702058792,257.963655936718,179.9426,149.27040100097656,214.1142318725586,255.0626802680555,194.45251949019652,323.1749303193065
South Peninsula,40,2026-08-02,201.34319200168053,158.31200729906558,174.33889784663916,232.51939755678177,259.7054560303688,183.92056,150.15155181884765,218.44881896972657,260.82017807128994,199.26790860791806,330.43182508768865
South Peninsula,41,2026-08-03,206.76991861313581,161.33607379496098,182.068029217422,240.9025864303112,261.4951487541199,188.5681,151.21510467529296,222.75946655273438,266.2583660859713,203.66652200522512,335.02725096248946
South Peninsula,42,2026-08-04,213.42903990397852,164.26883613169193,192.01089180260897,245.50419053435326,266.6448495566845,193.3086,153.1960250854492,229.92921295166016,271.6813461399115,210.47042086463122,340.28423403163373
East & Northeast India,1,2026-06-24,10.76152065594991,5.264476585388183,6.574000120162964,13.548004388809204,16.70495128631592,9.725289,9.5321364402771,9.907289123535156,10.59601192624873,8.56253239065435,13.260138663219188
East & Northeast India,2,2026-06-25,20.802494088808697,13.002495574951173,14.092575311660767,25.348877668380737,31.451783943176274,17.968893,17.528456687927246,18.5068000793457,17.87105655808269,14.854472294693462,21.290463141966406
East & Northeast India,3,2026-06-26,32.313406046231584,19.46976237297058,23.8572918176651,38.039881467819214,45.74161376953127,25.025677,24.073626899719237,25.96240940093994,24.01241258112639,19.933813355860583,28.381656672186704
East & Northeast India,4,2026-06-27,44.36186989148458,27.4927551984787,32.978949666023254,50.002737045288086,68.77122268676759,31.769,30.33550090789795,33.05202789306641,32.05942676773149,26.82500717930106,37.28865765665785
East & Northeast India,5,2026-06-28,56.37659799257914,31.812510776519776,43.038782835006714,66.90424966812134,85.64241609573365,40.916702,38.79534683227539,42.58780632019043,44.33143293076917,35.84622556443322,53.513940394396066
East & Northeast India,6,2026-06-29,67.6333945731322,40.99076421260834,50.93726694583893,77.97999799251556,92.06186742782594,55.809128,52.87922477722168,57.89201812744141,63.994403645849424,47.84032576728425,79.70356037879252
East & Northeast India,7,2026-06-30,78.79028643369675,48.36914412975311,63.20265504717827,87.80504655838013,114.39858827590943,70.91372,67.04475326538086,74.08820190429688,87.51754015906299,65.67726409378263,115.34971046168535
East & Northeast India,8,2026-07-01,89.80456587870916,59.40346577167511,71.63816285133362,98.9037994146347,125.93758091926576,83.64199,79.38415451049805,88.32432174682617,105.71125896362179,71.93197874017365,145.09185833485205
East & Northeast India,9,2026-07-02,102.23736698230108,69.33369488716126,80.87460350990295,114.20631492137909,139.43298649787903,95.01239,90.99084548950195,99.50795211791993,119.62520324252802,81.91069589303608,163.01542260317984
East & Northeast India,10,2026-07-03,113.6904746969541,81.85460293292999,93.39847731590271,127.44614684581757,148.37450962066652,104.30131,98.96463928222656,110.83473281860351,131.4812848707742,91.42638209560073,181.91279414414092
East & Northeast India,11,2026-07-04,126.22596851587295,87.03380286693573,104.53904819488525,140.73481500148773,159.78123869895936,112.52252,106.29005813598633,119.5599594116211,142.6746909122769,99.63860930298027,192.63343311243494
East & Northeast India,12,2026-07-05,139.62887811263403,97.71697120666504,121.82683145999908,161.17327320575714,177.30396370887757,119.68352,111.6248275756836,128.62667236328124,153.3900678594817,108.42959669618502,205.77368290583632
East & Northeast India,13,2026-07-06,151.1323990782102,111.12582049369811,131.93247413635254,175.16636610031128,187.91297373771667,128.169,118.39842071533204,139.82173767089844,165.15804294306025,121.13567467819725,216.1786068474206
East & Northeast India,14,2026-07-07,161.87922047376634,119.80348596572875,139.54689037799835,184.27724862098694,197.75044345855713,139.1691,127.5332420349121,151.91918029785157,178.0866064741239,130.3767020941335,230.2097185564983
East & Northeast India,15,2026-07-08,173.606314321359,129.28671367168425,158.86528515815735,193.11697959899902,208.9202214717865,154.04686,140.8572021484375,167.74030609130858,190.71191043768394,146.8222376718006,240.40959946350324
East & Northeast India,16,2026-07-09,186.22493770519893,140.62922112941743,168.9638231396675,206.66311836242676,222.0281538963318,173.0023,157.4442886352539,188.5021713256836,203.8049866114683,159.96474278208171,249.00611637078137
East & Northeast India,17,2026-07-10,200.58835767507554,152.7657868027687,175.62798643112183,219.4938994050026,249.70850858688354,186.4031,169.40754241943358,203.66248016357423,218.2025368079445,176.6577818193252,262.77026269516847
East & Northeast India,18,2026-07-11,215.9670890212059,160.72100573778152,189.10171031951904,243.38046950101852,277.41714277267454,196.11177,177.20945892333984,212.3295883178711,232.3608364259719,194.62308619081915,279.3496963362204
East & Northeast India,19,2026-07-12,229.5400240302086,172.3586765408516,196.8603013753891,260.82369792461395,295.95067834854126,207.61256,183.67777252197266,224.4725128173828,246.34836526122217,204.67433791685986,292.99556814296966
East & Northeast India,20,2026-07-13,240.692655758063,180.88514372110367,203.60189551115036,274.41580164432526,311.0266069412231,221.47148,195.9551574707031,238.79764099121095,260.63287596603044,215.54173637353483,304.004057655374
East & Northeast India,21,2026-07-14,250.4173447171847,190.22324615716934,206.3443523645401,286.81182539463043,319.84450533390043,235.86226,211.362744140625,254.0027099609375,274.7009108312559,224.051424396489,320.72710896392476
East & Northeast India,22,2026-07-15,262.1041237552961,205.99100118875504,214.0269821882248,297.64288222789764,332.60688841342926,249.72202,221.77662963867186,268.5848052978516,288.36417137523046,237.61151186565004,338.97953523134555
East & Northeast India,23,2026-07-16,273.68487770954766,214.70837063789367,230.09282580018044,310.36844050884247,347.3729174375534,262.88382,229.97032623291017,285.5195648193359,302.15699176630363,247.62173763410314,358.6759222897303
East & Northeast India,24,2026-07-17,284.815668118,219.15043354034424,241.58086237311363,322.5780212879181,355.6955124139786,276.52933,247.29820709228517,303.4662322998047,315.5099616685643,258.1521452084847,377.34960832983074
East & Northeast India,25,2026-07-18,295.20521072546643,224.95931401252747,255.76949414610863,335.6603825688362,368.6778072834015,290.13016,255.18197631835938,318.1267974853516,328.80537421911305,267.0870293835207,392.3701044503662
East & Northeast India,26,2026-07-19,306.7851599256198,230.05655821561814,269.87097319960594,350.304590344429,387.8176748752594,303.09946,264.429296875,337.1784637451172,341.5443430300157,277.53961771320473,403.27753426143124
East & Northeast India,27,2026-07-20,320.03206576506295,238.2873950481415,284.5529730319977,361.70594879984856,402.1851831912995,315.53085,279.55181884765625,351.6746307373047,356.108622586945,294.4160584314539,420.4748579591351
East & Northeast India,28,2026-07-21,331.73148702780406,248.4364336490631,299.45790660381317,369.07385113835335,422.0512499809265,327.93472,291.9053985595703,364.9785980224609,369.40280035659316,311.59777516181225,431.35979426343107
East & Northeast India,29,2026-07-22,343.0333956003189,257.11236481666566,308.1898158788681,382.83074274659157,435.8403244972229,340.2259,301.8993743896484,376.5826812744141,381.2166326031269,326.4533641187312,446.9967966721365
East & Northeast India,30,2026-07-23,353.8650126496951,265.96226289272306,313.60273027420044,392.73110952973366,447.9148621559143,353.71014,313.42620239257815,389.4824737548828,392.1444068604856,338.39010297155494,460.0040644974204
East & Northeast India,31,2026-07-24,363.7386982719103,275.0453451871872,320.4211028814316,408.04613199830055,458.2724642753601,368.1896,326.80036010742185,403.62037658691406,404.1810283288722,346.388319638643,475.04465605984103
East & Northeast India,32,2026-07-25,373.2676312009493,288.359903883934,327.28102803230286,424.91841784119606,464.2710159301758,383.85184,339.5353149414062,422.7132934570312,416.5632113664761,358.0456844585523,492.10751352706706
East & Northeast India,33,2026-07-26,383.2952244957288,303.9162387609482,335.3368188738823,433.3022901415825,471.6088406562805,400.31165,358.93577880859374,436.5270263671875,429.06707643070496,367.5461758200422,505.3114861420392
East & Northeast India,34,2026-07-27,392.6189294139544,317.024289560318,344.32408356666565,441.49619764089584,480.1695897102356,416.3876,378.3993682861328,455.0891448974609,441.8422156385908,375.88004583831787,515.9013428162091
East & Northeast India,35,2026-07-28,401.4068727930387,325.1331685781479,351.0114516019821,456.86908280849457,487.2612160682678,431.80255,386.57208862304685,469.2943786621094,454.7624903822697,383.8671506159697,530.7742884325695
East & Northeast India,36,2026-07-29,411.32263819773993,333.27710378170013,363.1091987788677,466.804968804121,495.9710385799408,445.79922,391.94956970214844,490.4622833251953,467.98512090312283,393.0260205862136,541.4590715677903
East & Northeast India,37,2026-07-30,420.699557419618,342.44230477809907,368.8170795440674,473.60623702406883,502.8103872776031,458.91028,406.5494140625,501.24192810058594,480.7873222958103,404.8620749155618,552.4086506573526
East & Northeast India,38,2026-07-31,429.6629160284996,352.10533034801483,375.583438873291,485.509069532156,512.3180032253265,471.92566,422.6619140625,514.95263671875,491.7612727927497,412.17310958981955,563.2879872841828
East & Northeast India,39,2026-08-01,438.6267342925072,365.3997823953629,387.7381526231766,494.42335841059685,518.3117338180542,483.66614,430.0495666503906,526.6435913085937,503.08555561038384,419.7453327302735,569.3554095205119
East & Northeast India,40,2026-08-02,447.7965688586235,375.5498057603836,397.02204045653343,501.60400077700615,533.1242684841156,494.86902,442.2875549316406,542.1611694335937,515.0902115704979,431.0768732638336,578.2019942900027
East & Northeast India,41,2026-08-03,456.43245678345363,382.3175995349884,404.95473846793175,507.74391451478004,544.061336517334,506.0705,453.4106048583984,557.6545532226562,526.843995340946,442.0272368335249,596.972040333865
East & Northeast India,42,2026-08-04,464.70309196313224,393.7800533771515,412.7074568271637,514.8766730129719,548.605740582943,518.09283,462.7854309082031,573.2578857421875,538.9195863788922,461.80217696616535,611.9591508908882
