method,season,year,week,n_cases,acc_fisher_z_mean_erpas,acc_fisher_z_mean_fuxi_s2s,acc_mean_erpas,acc_mean_fuxi_s2s,acc_mean_fuxi_minus_erpas,acc_fisher_fuxi_minus_erpas
common_imd_1991_2020,ALL,2023,1,52,0.5762698587577304,0.6143092768331214,0.5235535910707104,0.5570519297137546,0.03349833864304419,0.03803941807539102
common_imd_1991_2020,ALL,2023,2,52,0.3179669390378918,0.35950065064212033,0.2854340632431115,0.30706157375222454,0.021627510509113046,0.04153371160422853
common_imd_1991_2020,ALL,2023,3,52,0.21533254455848871,0.2527967061537535,0.18456373118296832,0.2125278286214104,0.02796409743844208,0.03746416159526478
common_imd_1991_2020,ALL,2023,4,52,0.1499478133688751,0.16360560116783202,0.12777215706930475,0.14059448367123528,0.012822326601930528,0.013657787798956905
common_imd_1991_2020,ALL,2024,1,49,0.5093480516208014,0.5350818791771315,0.45493399004201857,0.4673419775030226,0.012407987461004022,0.025733827556330024
common_imd_1991_2020,ALL,2024,2,49,0.27996725297339403,0.27648869949600247,0.23430028885504064,0.2537553028413969,0.019455013986356268,-0.003478553477391566
common_imd_1991_2020,ALL,2024,3,49,0.09466552605273577,0.11583619079676381,0.07697191719088414,0.1047664854007407,0.027794568209856554,0.02117066474402804
common_imd_1991_2020,ALL,2024,4,49,0.07416174673543616,0.13413400527218544,0.057348341952625705,0.12419441104203544,0.06684606908940974,0.059972258536749284
common_imd_1991_2020,ALL,ALL,1,101,0.5446657239476357,0.577222349568266,0.49026289354193914,0.5135292796313202,0.023266386089381086,0.03255662562063033
common_imd_1991_2020,ALL,ALL,2,101,0.2996499733463302,0.3198383511124822,0.260626588539988,0.2812001155875656,0.02057352704757759,0.02018837776615201
common_imd_1991_2020,ALL,ALL,3,101,0.15737305087190553,0.18725206162186886,0.13236572241453146,0.16024757299950135,0.02788185058496989,0.029879010749963325
common_imd_1991_2020,ALL,ALL,4,101,0.11334388695504265,0.14934056822979822,0.09360614775527236,0.13263801279172246,0.039031865036450106,0.03599668127475557
common_imd_1991_2020,JF,2023,1,8,0.604383855988397,0.6142569682349477,0.5586291422828191,0.5689930202292258,0.010363877946406697,0.009873112246550741
common_imd_1991_2020,JF,2023,2,8,0.4317033424265193,0.2963266657072476,0.39119165136816303,0.27729859733656614,-0.11389305403159689,-0.13537667671927173
common_imd_1991_2020,JF,2023,3,8,0.320012019509555,0.22248523678102128,0.2862749776384257,0.18605930776281193,-0.10021566987561376,-0.09752678272853371
common_imd_1991_2020,JF,2023,4,8,0.2610079032026496,0.3147926342425867,0.2281199696815448,0.2551591833838507,0.027039213702305886,0.053784731039937084
common_imd_1991_2020,JF,2024,1,9,0.7238372937619874,0.7636657697908814,0.6197252745095763,0.6295881382407226,0.00986286373114631,0.039828476028894055
common_imd_1991_2020,JF,2024,2,9,0.5864587354248443,0.3952642452993415,0.4710940864049726,0.3518238608987714,-0.1192702255062012,-0.19119449012550277
common_imd_1991_2020,JF,2024,3,9,0.19606803605791437,0.0011073664707636041,0.1767303668608646,-0.0002283158373217526,-0.17695868269818635,-0.19496066958715078
common_imd_1991_2020,JF,2024,4,9,-0.025264489724163463,0.08260277800338157,-0.03505183478542783,0.07446702434605551,0.10951885913148335,0.10786726772754504
common_imd_1991_2020,JF,ALL,1,17,0.6718920593921962,0.7007877783176443,0.5909741534616906,0.6010727885882535,0.01009863512656295,0.028895718925448066
common_imd_1991_2020,JF,ALL,2,17,0.517781563189077,0.34966819005582334,0.4334929405052975,0.31675314863420423,-0.11673979187109329,-0.16811337313325364
common_imd_1991_2020,JF,ALL,3,17,0.25545304408042585,0.10665866772967886,0.22828077193265808,0.0874364482098,-0.1408443237228581,-0.148794376350747
common_imd_1991_2020,JF,ALL,4,17,0.1118877180049738,0.19465879292672472,0.08879372025785343,0.15949862859913558,0.07070490834128215,0.08277107492175093
common_imd_1991_2020,JFM,2023,1,13,0.5742659697385275,0.6618378396967542,0.5259137381103522,0.6146900332798994,0.0887762951695471,0.08757186995822674
common_imd_1991_2020,JFM,2023,2,13,0.41620092940423015,0.31814909102561767,0.37241581597485174,0.30269636144742873,-0.06971945452742301,-0.09805183837861248
common_imd_1991_2020,JFM,2023,3,13,0.20189139380961835,0.2206004809598439,0.17695023154731146,0.1960378801012036,0.01908764855389214,0.01870908715022554
common_imd_1991_2020,JFM,2023,4,13,0.1336822001386155,0.2456109104762045,0.11067398137232357,0.20570608687657854,0.09503210550425498,0.111928710337589
common_imd_1991_2020,JFM,2024,1,13,0.630631907983854,0.6884965446263711,0.529731110533234,0.5703259203887584,0.04059480985552444,0.057864636642517064
common_imd_1991_2020,JFM,2024,2,13,0.4613913001828099,0.34073765959425667,0.35749246904272586,0.30342736905247625,-0.05406509999024961,-0.12065364058855321
common_imd_1991_2020,JFM,2024,3,13,0.10057914739465523,0.05988873195040102,0.08786561712443586,0.0551149496686271,-0.032750667455808756,-0.04069041544425421
common_imd_1991_2020,JFM,2024,4,13,-0.05976810294567338,0.1364534905640486,-0.06490026611528411,0.12587936876222783,0.19077963487751193,0.196221593509722
common_imd_1991_2020,JFM,ALL,1,26,0.6032015454669677,0.6753877752101733,0.5278224243217932,0.592507976834329,0.06468555251253583,0.07218622974320565
common_imd_1991_2020,JFM,ALL,2,26,0.43907377582134216,0.32949052323920924,0.36495414250878877,0.30306186524995254,-0.061892277258836226,-0.10958325258213292
common_imd_1991_2020,JFM,ALL,3,26,0.1516335010110057,0.14117459297979096,0.13240792433587367,0.12557641488491533,-0.00683150945095834,-0.010458908031214742
common_imd_1991_2020,JFM,ALL,4,26,0.0373065615314515,0.19162470866368697,0.02288685762851974,0.16579272781940319,0.14290587019088344,0.15431814713223546
common_imd_1991_2020,JJAS,2023,1,17,0.5031032015920529,0.5406113866539124,0.48444503461761435,0.5243505363596924,0.039905501742078076,0.03750818506185949
common_imd_1991_2020,JJAS,2023,2,17,0.20890984107389074,0.3475066501702058,0.19144015130334005,0.29766122095242054,0.10622106964908049,0.13859680909631508
common_imd_1991_2020,JJAS,2023,3,17,0.10411628089404655,0.2625432255460114,0.09692592720085089,0.24122390947261885,0.14429798227176796,0.15842694465196483
common_imd_1991_2020,JJAS,2023,4,17,0.09868567933525675,0.1796350796221367,0.08930081722173658,0.15754847703869157,0.06824765981695499,0.08094940028687996
common_imd_1991_2020,JJAS,2024,1,14,0.4555692530442025,0.4435846912532348,0.4276595392071118,0.42818133186983004,0.0005217926627182345,-0.011984561790967685
common_imd_1991_2020,JJAS,2024,2,14,0.15102556871443018,0.3092729969638117,0.14480031449013903,0.2955165381195082,0.15071622362936915,0.15824742824938154
common_imd_1991_2020,JJAS,2024,3,14,0.03981702984475951,0.1665275869896599,0.04011445748648064,0.159797172530852,0.11968271504437135,0.12671055714490037
common_imd_1991_2020,JJAS,2024,4,14,0.08297188150987246,0.16977739563242736,0.0784816381435334,0.16462042995374634,0.08613879181021294,0.0868055141225549
common_imd_1991_2020,JJAS,ALL,1,31,0.48198505095460614,0.49831475791405544,0.45879997217416174,0.48091928271910933,0.02211931054494759,0.016329706959449297
common_imd_1991_2020,JJAS,ALL,2,31,0.1829237778906315,0.3303733473091821,0.17037699919415247,0.2966926545117504,0.12631565531759795,0.1474495694185506
common_imd_1991_2020,JJAS,ALL,3,31,0.0751531149801386,0.21969942463981185,0.07126913442661915,0.2044505444021435,0.13318140997552436,0.14454630965967324
common_imd_1991_2020,JJAS,ALL,4,31,0.09159474182943096,0.1751875629915117,0.08441473634770934,0.1607422622261357,0.07632752587842635,0.08359282116208074
common_imd_1991_2020,MAM,2023,1,14,0.5430504306655878,0.6696769215973578,0.4664543488943482,0.5998979431965241,0.1334435943021759,0.12662649093177003
common_imd_1991_2020,MAM,2023,2,14,0.29889507169896806,0.3585584069812714,0.2616283455571622,0.3323457183640904,0.07071737280692819,0.05966333528230333
common_imd_1991_2020,MAM,2023,3,14,0.07502227282708168,0.24362111797600242,0.07177253035515216,0.22587928506515834,0.15410675471000618,0.16859884514892073
common_imd_1991_2020,MAM,2023,4,14,-0.018586168049898266,0.15203255186846307,-0.017704836598494478,0.14447622712242178,0.16218106372091626,0.17061871991836133
common_imd_1991_2020,MAM,2024,1,13,0.4178580401595603,0.5201062261660083,0.3978138062623496,0.48113407151898474,0.08332026525663516,0.10224818600644803
common_imd_1991_2020,MAM,2024,2,13,0.14679342070570675,0.26477579719082417,0.14183434198723058,0.2422212420536422,0.10038690006641163,0.11798237648511742
common_imd_1991_2020,MAM,2024,3,13,-0.09644666860402433,0.16190300335707317,-0.0935387370667633,0.15062996444972876,0.24416870151649206,0.2583496719610975
common_imd_1991_2020,MAM,2024,4,13,-0.08153742138923221,0.09688161592250008,-0.08501170893185675,0.09247105052877719,0.17748275946063394,0.1784190373117323
common_imd_1991_2020,MAM,ALL,1,27,0.48523465564439566,0.60287306013334,0.43340519873820077,0.542715338314746,0.10931013957654528,0.1176384044889443
common_imd_1991_2020,MAM,ALL,2,27,0.22702915085340303,0.31416495075227135,0.2039497512457136,0.28895245199239306,0.08500270074667945,0.08713579989886833
common_imd_1991_2020,MAM,ALL,3,27,-0.007608266119345503,0.20462933513794562,-0.007821783588733073,0.18964813069476635,0.19746991428349941,0.21223760125729113
common_imd_1991_2020,MAM,ALL,4,27,-0.04894534988679341,0.1255747223275015,-0.05011184920344669,0.11943669765140773,0.16954854685485443,0.1745200722142949
common_imd_1991_2020,OND,2023,1,13,0.6737789119393658,0.6405753203319408,0.6146020864918512,0.5463250661857942,-0.06827702030605698,-0.03320359160742503
common_imd_1991_2020,OND,2023,2,13,0.40024556699471675,0.4128038039955486,0.36890451290303383,0.3104409417795951,-0.05846357112343875,0.012558237000831862
common_imd_1991_2020,OND,2023,3,13,0.42463626578708813,0.2683158219112527,0.35804292407848853,0.1769120134049316,-0.18113091067355694,-0.15632044387583544
common_imd_1991_2020,OND,2023,4,13,0.3189430699759219,0.05727636638768947,0.27299586382776075,0.04374218418936674,-0.22925367963839402,-0.26166670358823246
common_imd_1991_2020,OND,2024,1,13,0.4693196939470997,0.4346026458520723,0.427340385474047,0.38339862135055225,-0.043941764123494764,-0.0347170480950274
common_imd_1991_2020,OND,2024,2,13,0.2977448155947784,0.16353761269813677,0.25921665596586885,0.15242210852069565,-0.1067945474451732,-0.13420720289664162
common_imd_1991_2020,OND,2024,3,13,0.267540327928562,0.09318068718318352,0.2181116782817489,0.0723278979918299,-0.145783780289919,-0.17435964074537852
common_imd_1991_2020,OND,2024,4,13,0.28185870707776217,0.16791343825387306,0.24091881160401385,0.14680871120912953,-0.09411010039488432,-0.11394526882388911
common_imd_1991_2020,OND,ALL,1,26,0.5806313992100752,0.5457813230462284,0.5209712359829491,0.4648618437681733,-0.056109392214775844,-0.03485007616384683
common_imd_1991_2020,OND,ALL,2,26,0.35004256379217275,0.29314439532966347,0.3140605844344514,0.23143152515014537,-0.08262905928430603,-0.05689816846250928
common_imd_1991_2020,OND,ALL,3,26,0.34853363950720545,0.1821928976653846,0.28807730118011865,0.12461995569838075,-0.1634573454817379,-0.16634074184182085
common_imd_1991_2020,OND,ALL,4,26,0.3005144619747525,0.11294498179545835,0.25695733771588725,0.09527544769924813,-0.16168189001663913,-0.18756948017929415
system_specific_jjas,ALL,2023,1,17,0.51426181766077,0.6063817029276817,0.4844967297428893,0.5914687816558798,0.10697205191299047,0.09211988526691173
system_specific_jjas,ALL,2023,2,17,0.14488952551848536,0.3828234336316356,0.12963983199665868,0.32439926129833624,0.19475942930167756,0.23793390811315027
system_specific_jjas,ALL,2023,3,17,0.03297413110573182,0.2796636202129479,0.027298508469498446,0.25701530346804546,0.22971679499854702,0.24668948910721605
system_specific_jjas,ALL,2023,4,17,-0.04299685851289348,0.20419726676904015,-0.03923087559360147,0.172333604735732,0.21156448032933348,0.24719412528193363
system_specific_jjas,ALL,2024,1,14,0.5503534202770407,0.5254091370520371,0.5222536546673093,0.5041741802787228,-0.01807947438858648,-0.02494428322500364
system_specific_jjas,ALL,2024,2,14,0.27927512378197417,0.3706162118227384,0.2721020263578651,0.3579067390954008,0.0858047127375357,0.09134108804076424
system_specific_jjas,ALL,2024,3,14,0.13312920409289336,0.22315138491947198,0.1249820418582186,0.21448018815392908,0.08949814629571048,0.09002218082657862
system_specific_jjas,ALL,2024,4,14,0.1841002350168562,0.22622704157361676,0.17717783298511391,0.2155325877013438,0.03835475471622987,0.04212680655676054
system_specific_jjas,ALL,ALL,1,31,0.5308009675708553,0.571170200981494,0.5015482442248856,0.5520454132920024,0.050497169067116765,0.040369233410638694
system_specific_jjas,ALL,ALL,2,31,0.20656872626897443,0.37732670353906694,0.19397759719204216,0.3395316706260427,0.14555407343400056,0.1707579772700925
system_specific_jjas,ALL,ALL,3,31,0.07840974616397528,0.2543550858457724,0.07141365258053334,0.23780589655199294,0.1663922439714596,0.1759453396817971
system_specific_jjas,ALL,ALL,4,31,0.06043372305832446,0.21417328338947303,0.05850208957097967,0.19184282284923407,0.1333407332782544,0.15373956033114858
system_specific_jjas,JJAS,2023,1,17,0.51426181766077,0.6063817029276817,0.4844967297428893,0.5914687816558798,0.10697205191299047,0.09211988526691173
system_specific_jjas,JJAS,2023,2,17,0.14488952551848536,0.3828234336316356,0.12963983199665868,0.32439926129833624,0.19475942930167756,0.23793390811315027
system_specific_jjas,JJAS,2023,3,17,0.03297413110573182,0.2796636202129479,0.027298508469498446,0.25701530346804546,0.22971679499854702,0.24668948910721605
system_specific_jjas,JJAS,2023,4,17,-0.04299685851289348,0.20419726676904015,-0.03923087559360147,0.172333604735732,0.21156448032933348,0.24719412528193363
system_specific_jjas,JJAS,2024,1,14,0.5503534202770407,0.5254091370520371,0.5222536546673093,0.5041741802787228,-0.01807947438858648,-0.02494428322500364
system_specific_jjas,JJAS,2024,2,14,0.27927512378197417,0.3706162118227384,0.2721020263578651,0.3579067390954008,0.0858047127375357,0.09134108804076424
system_specific_jjas,JJAS,2024,3,14,0.13312920409289336,0.22315138491947198,0.1249820418582186,0.21448018815392908,0.08949814629571048,0.09002218082657862
system_specific_jjas,JJAS,2024,4,14,0.1841002350168562,0.22622704157361676,0.17717783298511391,0.2155325877013438,0.03835475471622987,0.04212680655676054
system_specific_jjas,JJAS,ALL,1,31,0.5308009675708553,0.571170200981494,0.5015482442248856,0.5520454132920024,0.050497169067116765,0.040369233410638694
system_specific_jjas,JJAS,ALL,2,31,0.20656872626897443,0.37732670353906694,0.19397759719204216,0.3395316706260427,0.14555407343400056,0.1707579772700925
system_specific_jjas,JJAS,ALL,3,31,0.07840974616397528,0.2543550858457724,0.07141365258053334,0.23780589655199294,0.1663922439714596,0.1759453396817971
system_specific_jjas,JJAS,ALL,4,31,0.06043372305832446,0.21417328338947303,0.05850208957097967,0.19184282284923407,0.1333407332782544,0.15373956033114858
